<?xml version='1.0' encoding='utf-8'?>
<kml xmlns="http://www.opengis.net/kml/2.2"><Document><name>Prediction Results</name><Style id="style_0"><PolyStyle><color>ff006400</color><fill>1</fill><outline>1</outline></PolyStyle></Style><Style id="style_1"><PolyStyle><color>ff228B22</color><fill>1</fill><outline>1</outline></PolyStyle></Style><Style id="style_2"><PolyStyle><color>ff2FFFAD</color><fill>1</fill><outline>1</outline></PolyStyle></Style><Style id="style_3"><PolyStyle><color>ff00FFFF</color><fill>1</fill><outline>1</outline></PolyStyle></Style><Style id="style_4"><PolyStyle><color>ff0000FF</color><fill>1</fill><outline>1</outline></PolyStyle></Style><Style id="style_5"><PolyStyle><color>ff13458B</color><fill>1</fill><outline>1</outline></PolyStyle></Style><Style id="style_6"><PolyStyle><color>ffFF0000</color><fill>1</fill><outline>1</outline></PolyStyle></Style><Placemark><name>Agua - 0.07 ha</name><styleUrl>#style_6</styleUrl><Polygon><outerBoundaryIs><LinearRing><coordinates>-66.04887358978803,-17.39302646450121,0 -66.04886779414528,-17.39338755018617,0 -66.04877377429649,-17.393386159002624,0 -66.04877522326625,-17.393295887590448,0 -66.04868120347217,-17.393294496370387,0 -66.04868555046714,-17.39302368215127,0 -66.04887358978803,-17.39302646450121,0</coordinates></LinearRing></outerBoundaryIs></Polygon></Placemark><Placemark><name>Pastizales - 0.05 ha</name><styleUrl>#style_2</styleUrl><Polygon><outerBoundaryIs><LinearRing><coordinates>-66.04859153081976,-17.393022290910043,0 -66.04858718368679,-17.393293105106157,0 -66.04849316391014,-17.39329171379775,0 -66.04849461300915,-17.39320144240764,0 -66.04840059328721,-17.39320005106273,0 -66.04840349155114,-17.393019508295062,0 -66.04859153081976,-17.393022290910043,0</coordinates></LinearRing></outerBoundaryIs></Polygon></Placemark><Placemark><name>Pastizales - 0.08 ha</name><styleUrl>#style_2</styleUrl><Polygon><outerBoundaryIs><LinearRing><coordinates>-66.04727380699153,-17.39309308018685,0 -66.04727090760625,-17.393273622768596,0 -66.04708286830558,-17.393270838870727,0 -66.04707996870145,-17.393451381418053,0 -66.04698594897219,-17.393449989387513,0 -66.04699174832956,-17.393088904319818,0 -66.04727380699153,-17.39309308018685,0</coordinates></LinearRing></outerBoundaryIs></Polygon></Placemark><Placemark><name>Agua - 0.01 ha</name><styleUrl>#style_6</styleUrl><Polygon><outerBoundaryIs><LinearRing><coordinates>-66.04652020067766,-17.393172214887915,0 -66.04651875061269,-17.393262486116946,0 -66.04642473102771,-17.393261093836703,0 -66.04642618113868,-17.39317082261535,0 -66.04652020067766,-17.393172214887915,0</coordinates></LinearRing></outerBoundaryIs></Polygon></Placemark><Placemark><name>Infraestructura - 0.41 ha</name><styleUrl>#style_4</styleUrl><Polygon><outerBoundaryIs><LinearRing><coordinates>-66.04746039654678,-17.393186135184017,0 -66.04727235730324,-17.393183351478186,0 -66.04727090760625,-17.393273622768596,0 -66.04708286830558,-17.393270838870727,0 -66.04707996870145,-17.393451381418053,0 -66.04698594897219,-17.393449989387513,0 -66.04698159936267,-17.393720803178493,0 -66.04688757950412,-17.393719411080767,0 -66.04688177971875,-17.39408049609166,0 -66.04706981981253,-17.394083280304315,0 -66.04707126967995,-17.393993009037647,0 -66.04716528969392,-17.39399440107004,0 -66.04716818931061,-17.393813858518563,0 -66.04735622918069,-17.39381664242013,0 -66.04735767888397,-17.393726371127652,0 -66.04745169878608,-17.393727763004502,0 -66.04745314843464,-17.393637491703423,0 -66.04754716829947,-17.393638883528425,0 -66.0475515170549,-17.393368069596573,0 -66.04745749732807,-17.393366677794578,0 -66.04746039654678,-17.393186135184017,0</coordinates></LinearRing></outerBoundaryIs></Polygon></Placemark><Placemark><name>Pastizales - 0.01 ha</name><styleUrl>#style_2</styleUrl><Polygon><outerBoundaryIs><LinearRing><coordinates>-66.0485842855546,-17.393473647898904,0 -66.04858283647545,-17.393563919293875,0 -66.04848881656078,-17.39356252796247,0 -66.04849026568594,-17.393472256575162,0 -66.0485842855546,-17.393473647898904,0</coordinates></LinearRing></outerBoundaryIs></Polygon></Placemark><Placemark><name>T_Agricolas - 0.02 ha</name><styleUrl>#style_3</styleUrl><Polygon><outerBoundaryIs><LinearRing><coordinates>-66.04698449911106,-17.393540260652102,0 -66.04698159936267,-17.393720803178493,0 -66.04688757950412,-17.393719411080767,0 -66.04689047934453,-17.393538868569717,0 -66.04698449911106,-17.393540260652102,0</coordinates></LinearRing></outerBoundaryIs></Polygon></Placemark><Placemark><name>Agua - 0.02 ha</name><styleUrl>#style_6</styleUrl><Polygon><outerBoundaryIs><LinearRing><coordinates>-66.04895456948339,-17.393840298449106,0 -66.04895167161467,-17.394020841292,0 -66.04885765143518,-17.39401945009896,0 -66.04886054939591,-17.393838907271395,0 -66.04895456948339,-17.393840298449106,0</coordinates></LinearRing></outerBoundaryIs></Polygon></Placemark><Placemark><name>Infraestructura - 0.07 ha</name><styleUrl>#style_4</styleUrl><Polygon><outerBoundaryIs><LinearRing><coordinates>-66.0465042494836,-17.394165198355942,0 -66.04641022943865,-17.394163805998968,0 -66.04640297831726,-17.394615162045138,0 -66.04649699859223,-17.39461655444047,0 -66.04649844878793,-17.394526283225424,0 -66.04659246902561,-17.394527675568916,0 -66.04659536929888,-17.394347133120693,0 -66.0465013491532,-17.39434574079255,0 -66.0465042494836,-17.394165198355942,0</coordinates></LinearRing></outerBoundaryIs></Polygon></Placemark><Placemark><name>Pastizales - 0.43 ha</name><styleUrl>#style_2</styleUrl><Polygon><outerBoundaryIs><LinearRing><coordinates>-66.04763394030304,-17.39409163188205,0 -66.04753992019953,-17.394090240062866,0 -66.04753847055338,-17.39418051136696,0 -66.04716239004237,-17.394174943617788,0 -66.04716094020354,-17.394265214890265,0 -66.04734898053361,-17.394267998868546,0 -66.04734753077804,-17.39435827015543,0 -66.04762959147652,-17.39436244581454,0 -66.04762669221526,-17.394542988431528,0 -66.04772071255752,-17.394544380244884,0 -66.04771781335342,-17.394724922873486,0 -66.04781183379637,-17.394726314658005,0 -66.04781038422726,-17.394816585978575,0 -66.04790440472495,-17.394817977726586,0 -66.04790730376246,-17.394637435069164,0 -66.04800132417685,-17.394638826757657,0 -66.04799987470845,-17.3947290980945,0 -66.04809389517756,-17.394730489746483,0 -66.04809244574645,-17.394820761090067,0 -66.04837450734402,-17.394824935803946,0 -66.04837885519721,-17.394554121701386,0 -66.04828483479398,-17.394552730197276,0 -66.04828773341121,-17.394372187472918,0 -66.04781763198572,-17.39436522936639,0 -66.04781908151128,-17.39427495804115,0 -66.04772506129832,-17.39427356629498,0 -66.04772651086117,-17.394183294976486,0 -66.04763249070292,-17.39418190319381,0 -66.04763394030304,-17.39409163188205,0</coordinates></LinearRing></outerBoundaryIs></Polygon></Placemark><Placemark><name>T_Agricolas - 0.12 ha</name><styleUrl>#style_3</styleUrl><Polygon><outerBoundaryIs><LinearRing><coordinates>-66.04734898053361,-17.394267998868546,0 -66.04725496036421,-17.39426660690149,0 -66.04725206075237,-17.394447149458983,0 -66.04734608101379,-17.39444854144138,0 -66.04734463124079,-17.394538812726402,0 -66.0474386515569,-17.394540204672285,0 -66.0474372018212,-17.394630475964046,0 -66.04762524257157,-17.394633259738626,0 -66.04762379291915,-17.394723531044793,0 -66.04771781335342,-17.394724922873486,0 -66.04772071255752,-17.394544380244884,0 -66.04762669221526,-17.394542988431528,0 -66.04762959147652,-17.39436244581454,0 -66.04734753077804,-17.39435827015543,0 -66.04734898053361,-17.394267998868546,0</coordinates></LinearRing></outerBoundaryIs></Polygon></Placemark><Placemark><name>T_Agricolas - 0.01 ha</name><styleUrl>#style_3</styleUrl><Polygon><outerBoundaryIs><LinearRing><coordinates>-66.04781183379637,-17.394726314658005,0 -66.04781038422726,-17.394816585978575,0 -66.0477163637383,-17.39481519418639,0 -66.04771781335342,-17.394724922873486,0 -66.04781183379637,-17.394726314658005,0</coordinates></LinearRing></outerBoundaryIs></Polygon></Placemark><Placemark><name>T_Agricolas - 0.02 ha</name><styleUrl>#style_3</styleUrl><Polygon><outerBoundaryIs><LinearRing><coordinates>-66.04828048680278,-17.394823544276832,0 -66.04827903745496,-17.394913815634812,0 -66.04809099630663,-17.394911032432717,0 -66.04809244574645,-17.394820761090067,0 -66.04828048680278,-17.394823544276832,0</coordinates></LinearRing></outerBoundaryIs></Polygon></Placemark><Placemark><name>Infraestructura - 0.01 ha</name><styleUrl>#style_4</styleUrl><Polygon><outerBoundaryIs><LinearRing><coordinates>-66.04668213893473,-17.39479988155658,0 -66.04668068880488,-17.394890152784168,0 -66.04658666837449,-17.394888760454172,0 -66.04658811855033,-17.39479848923425,0 -66.04668213893473,-17.39479988155658,0</coordinates></LinearRing></outerBoundaryIs></Polygon></Placemark><Placemark><name>Agua - 0.01 ha</name><styleUrl>#style_6</styleUrl><Polygon><outerBoundaryIs><LinearRing><coordinates>-66.04601964504522,-17.395060947891395,0 -66.04601819456721,-17.395151219062466,0 -66.04592417405982,-17.3951498264002,0 -66.04592562458383,-17.395059555236802,0 -66.04601964504522,-17.395060947891395,0</coordinates></LinearRing></outerBoundaryIs></Polygon></Placemark><Placemark><name>Bosque - 0.17 ha</name><styleUrl>#style_0</styleUrl><Polygon><outerBoundaryIs><LinearRing><coordinates>-66.04639572697795,-17.395066518067985,0 -66.04601964504522,-17.395060947891395,0 -66.04601819456721,-17.395151219062466,0 -66.04611221508331,-17.39515261168056,0 -66.04611076464258,-17.395242882858376,0 -66.04601674408048,-17.39524149023261,0 -66.04601384308084,-17.39542203257011,0 -66.0464839464386,-17.395428995333873,0 -66.0464868469782,-17.395248452919645,0 -66.04639282638122,-17.3952470604706,0 -66.04639572697795,-17.395066518067985,0</coordinates></LinearRing></outerBoundaryIs></Polygon></Placemark><Placemark><name>T_Agricolas - 0.24 ha</name><styleUrl>#style_3</styleUrl><Polygon><outerBoundaryIs><LinearRing><coordinates>-66.04488849801518,-17.39522477527746,0 -66.04488269377289,-17.39558585958028,0 -66.04431857010708,-17.395577499532763,0 -66.0443214727977,-17.395396957475356,0 -66.04413343182956,-17.395394170470126,0 -66.04413488325382,-17.395303899455378,0 -66.04451096504097,-17.395309473258408,0 -66.04451241627248,-17.395219202212015,0 -66.04488849801518,-17.39522477527746,0</coordinates></LinearRing></outerBoundaryIs></Polygon></Placemark><Placemark><name>Pastizales - 0.46 ha</name><styleUrl>#style_2</styleUrl><Polygon><outerBoundaryIs><LinearRing><coordinates>-66.04545407165364,-17.395142862426166,0 -66.04488994905397,-17.395134504199426,0 -66.04488269377289,-17.39558585958028,0 -66.04441259069624,-17.395578892984464,0 -66.04440968806271,-17.3957594350535,0 -66.04487979159941,-17.395766401726096,0 -66.04488124269051,-17.395676130653655,0 -66.04506928407424,-17.395678916998076,0 -66.04506783307514,-17.395769188085865,0 -66.04516185382609,-17.39577058119948,0 -66.04516330477917,-17.395680310104012,0 -66.04535134621521,-17.39568309618335,0 -66.0453542479112,-17.395502553958906,0 -66.0454482685503,-17.39550394691695,0 -66.0454511701194,-17.395323404673423,0 -66.04554519067521,-17.39532479757194,0 -66.04554664140068,-17.3952345264411,0 -66.04545262089088,-17.395233133550263,0 -66.04545407165364,-17.395142862426166,0</coordinates></LinearRing></outerBoundaryIs></Polygon></Placemark><Placemark><name>Agua - 0.14 ha</name><styleUrl>#style_6</styleUrl><Polygon><outerBoundaryIs><LinearRing><coordinates>-66.0490225083351,-17.395466575172446,0 -66.04900801753558,-17.39636928925847,0 -66.04881997477571,-17.396366506517893,0 -66.04882287318932,-17.39618596373882,0 -66.04891689447288,-17.396187355115863,0 -66.04892269101154,-17.395826269515844,0 -66.048828669912,-17.395824878169467,0 -66.04883156822109,-17.3956443353792,0 -66.04892558922862,-17.395645726710246,0 -66.04892848741086,-17.39546518390092,0 -66.0490225083351,-17.395466575172446,0</coordinates></LinearRing></outerBoundaryIs></Polygon></Placemark><Placemark><name>T_Agricolas - 0.14 ha</name><styleUrl>#style_3</styleUrl><Polygon><outerBoundaryIs><LinearRing><coordinates>-66.0472317624936,-17.395710947257022,0 -66.04694969982957,-17.395706770722576,0 -66.04694534956643,-17.395977584443614,0 -66.04703937058373,-17.39597897668896,0 -66.0470379205246,-17.39606924793511,0 -66.04731998376683,-17.39607342442907,0 -66.04732433350405,-17.395802610618766,0 -66.0472303125526,-17.39580121852131,0 -66.0472317624936,-17.395710947257022,0</coordinates></LinearRing></outerBoundaryIs></Polygon></Placemark><Placemark><name>Pastizales - 0.09 ha</name><styleUrl>#style_2</styleUrl><Polygon><outerBoundaryIs><LinearRing><coordinates>-66.04788556013165,-17.395991504908885,0 -66.04788411048655,-17.396081776224076,0 -66.04779008934482,-17.396080384368698,0 -66.047788639645,-17.396170655675284,0 -66.04741255498116,-17.396165087781267,0 -66.04741400486499,-17.396074816505358,0 -66.04731998376683,-17.39607342442907,0 -66.04732143368796,-17.395983153159904,0 -66.04760349687058,-17.395987329233215,0 -66.04760204708748,-17.396077600525384,0 -66.04769606821179,-17.39607899246914,0 -66.04769751794888,-17.395988721169285,0 -66.04788556013165,-17.395991504908885,0</coordinates></LinearRing></outerBoundaryIs></Polygon></Placemark><Placemark><name>Pastizales - 0.01 ha</name><styleUrl>#style_2</styleUrl><Polygon><outerBoundaryIs><LinearRing><coordinates>-66.04703937058373,-17.39597897668896,0 -66.0470379205246,-17.39606924793511,0 -66.04694389946128,-17.396067855682094,0 -66.04694534956643,-17.395977584443614,0 -66.04703937058373,-17.39597897668896,0</coordinates></LinearRing></outerBoundaryIs></Polygon></Placemark><Placemark><name>T_Agricolas - 0.01 ha</name><styleUrl>#style_3</styleUrl><Polygon><outerBoundaryIs><LinearRing><coordinates>-66.04403070235392,-17.395934402924052,0 -66.04402925082262,-17.396024673924586,0 -66.04393523003833,-17.39602328025777,0 -66.04393668161565,-17.395933009264912,0 -66.04403070235392,-17.395934402924052,0</coordinates></LinearRing></outerBoundaryIs></Polygon></Placemark><Placemark><name>Suelo_Desnudo - 0.01 ha</name><styleUrl>#style_5</styleUrl><Polygon><outerBoundaryIs><LinearRing><coordinates>-66.04891834362061,-17.396097083717255,0 -66.04891689447288,-17.396187355115863,0 -66.04882287318932,-17.39618596373882,0 -66.04882432238306,-17.396095692347874,0 -66.04891834362061,-17.396097083717255,0</coordinates></LinearRing></outerBoundaryIs></Polygon></Placemark><Placemark><name>T_Agricolas - 0.06 ha</name><styleUrl>#style_3</styleUrl><Polygon><outerBoundaryIs><LinearRing><coordinates>-66.04873030115421,-17.396094300934312,0 -66.04872740266602,-17.39627484369992,0 -66.04844533875568,-17.39627066914814,0 -66.04844823751992,-17.39609012642854,0 -66.04873030115421,-17.396094300934312,0</coordinates></LinearRing></outerBoundaryIs></Polygon></Placemark><Placemark><name>T_Agricolas - 0.01 ha</name><styleUrl>#style_3</styleUrl><Polygon><outerBoundaryIs><LinearRing><coordinates>-66.04393377845228,-17.396113551249698,0 -66.04393232685753,-17.396203822240683,0 -66.04383830598995,-17.396202428514325,0 -66.0438397576307,-17.396112157531018,0 -66.04393377845228,-17.396113551249698,0</coordinates></LinearRing></outerBoundaryIs></Polygon></Placemark><Placemark><name>Pastizales - 1.16 ha</name><styleUrl>#style_2</styleUrl><Polygon><outerBoundaryIs><LinearRing><coordinates>-66.04659246902561,-17.394527675568916,0 -66.04649844878793,-17.394526283225424,0 -66.04649699859223,-17.39461655444047,0 -66.04640297831726,-17.394615162045138,0 -66.04639282638122,-17.3952470604706,0 -66.0464868469782,-17.395248452919645,0 -66.0464839464386,-17.395428995333873,0 -66.04601384308084,-17.39542203257011,0 -66.04601674408048,-17.39524149023261,0 -66.04611076464258,-17.395242882858376,0 -66.04611221508331,-17.39515261168056,0 -66.04592417405982,-17.3951498264002,0 -66.04591837187654,-17.395510911044486,0 -66.04601239256795,-17.39551230373745,0 -66.046009491516,-17.395692846069352,0 -66.04610351230814,-17.395694238733483,0 -66.04609916080287,-17.39596505224735,0 -66.04600513987272,-17.3959636595602,0 -66.0460022387336,-17.396144201882766,0 -66.04609625975576,-17.396145594585274,0 -66.04609335867379,-17.396326136919456,0 -66.04618737979668,-17.39632752959313,0 -66.04618592928863,-17.396417800766503,0 -66.04637397165256,-17.396420585996644,0 -66.0463725212278,-17.396510857184424,0 -66.04656056371861,-17.396513642253186,0 -66.04655911337716,-17.396603913455383,0 -66.04674715599485,-17.39660669836276,0 -66.04675730755795,-17.395974799820383,0 -66.04694534956643,-17.395977584443614,0 -66.04694679966286,-17.3958873132042,0 -66.04685277870026,-17.395885920922343,0 -66.04685422883398,-17.39579564968967,0 -66.04676020792611,-17.395794257371303,0 -66.04677035894014,-17.39516235877018,0 -66.0465823177946,-17.39515957410832,0 -66.0465852181899,-17.39497903167316,0 -66.04649119772222,-17.39497763929131,0 -66.04649409817466,-17.39479709686775,0 -66.04658811855033,-17.39479848923425,0 -66.04659246902561,-17.394527675568916,0</coordinates></LinearRing></outerBoundaryIs></Polygon></Placemark><Placemark><name>Infraestructura - 0.12 ha</name><styleUrl>#style_4</styleUrl><Polygon><outerBoundaryIs><LinearRing><coordinates>-66.04412617457753,-17.395845525529857,0 -66.04403215387651,-17.395844131922576,0 -66.04402925082262,-17.396024673924586,0 -66.04393523003833,-17.39602328025777,0 -66.04392942364183,-17.39638436421987,0 -66.04402344461015,-17.39638575791741,0 -66.04402489617635,-17.3962954869206,0 -66.04421293804714,-17.39629827416777,0 -66.04421729241739,-17.396027461125684,0 -66.04412327161563,-17.396026067547222,0 -66.04412617457753,-17.395845525529857,0</coordinates></LinearRing></outerBoundaryIs></Polygon></Placemark><Placemark><name>Pastizales - 0.11 ha</name><styleUrl>#style_2</styleUrl><Polygon><outerBoundaryIs><LinearRing><coordinates>-66.04882287318932,-17.39618596373882,0 -66.04881707632727,-17.396547049293243,0 -66.04872305486839,-17.396545657841344,0 -66.04872450414297,-17.396455386461806,0 -66.0486304827388,-17.396453994973392,0 -66.04862903341821,-17.396544266345266,0 -66.04853501197675,-17.396542874805004,0 -66.04853646134335,-17.396452603440792,0 -66.04844243995662,-17.39645121186402,0 -66.04844533875568,-17.39627066914814,0 -66.04872740266602,-17.39627484369992,0 -66.04872885191446,-17.396184572317587,0 -66.04882287318932,-17.39618596373882,0</coordinates></LinearRing></outerBoundaryIs></Polygon></Placemark><Placemark><name>Infraestructura - 0.03 ha</name><styleUrl>#style_4</styleUrl><Polygon><outerBoundaryIs><LinearRing><coordinates>-66.04590676709152,-17.396233080288283,0 -66.0459038658081,-17.396413622589915,0 -66.04571582353134,-17.396410836917944,0 -66.04571727426942,-17.396320565782947,0 -66.04581129535744,-17.396321958633344,0 -66.0458127460408,-17.396231687489745,0 -66.04590676709152,-17.396233080288283,0</coordinates></LinearRing></outerBoundaryIs></Polygon></Placemark><Placemark><name>Bosque - 0.05 ha</name><styleUrl>#style_0</styleUrl><Polygon><outerBoundaryIs><LinearRing><coordinates>-66.04900801753558,-17.39636928925847,0 -66.0490036701259,-17.396640103466098,0 -66.0489096486036,-17.3966387120949,0 -66.04891109779486,-17.396548440700954,0 -66.04881707632727,-17.396547049293243,0 -66.04881997477571,-17.396366506517893,0 -66.04900801753558,-17.39636928925847,0</coordinates></LinearRing></outerBoundaryIs></Polygon></Placemark><Placemark><name>T_Agricolas - 0.01 ha</name><styleUrl>#style_3</styleUrl><Polygon><outerBoundaryIs><LinearRing><coordinates>-66.04834986802848,-17.396359548893248,0 -66.04834841857857,-17.39644982024306,0 -66.04825439720925,-17.396448428577912,0 -66.04825584670516,-17.396358157235777,0 -66.04834986802848,-17.396359548893248,0</coordinates></LinearRing></outerBoundaryIs></Polygon></Placemark><Placemark><name>Suelo_Desnudo - 0.16 ha</name><styleUrl>#style_5</styleUrl><Polygon><outerBoundaryIs><LinearRing><coordinates>-66.0484438893605,-17.396360940506547,0 -66.04834986802848,-17.396359548893248,0 -66.04834841857857,-17.39644982024306,0 -66.04816037584864,-17.396447036868587,0 -66.04815747673868,-17.39662757953472,0 -66.0482514981913,-17.396628971259382,0 -66.04825004866927,-17.39671924259872,0 -66.0486261347509,-17.396724809086216,0 -66.04862758408892,-17.396634537716203,0 -66.0487216055851,-17.396635929219958,0 -66.04872450414297,-17.396455386461806,0 -66.0486304827388,-17.396453994973392,0 -66.04862903341821,-17.396544266345266,0 -66.04853501197675,-17.396542874805004,0 -66.04853646134335,-17.396452603440792,0 -66.04844243995662,-17.39645121186402,0 -66.0484438893605,-17.396360940506547,0</coordinates></LinearRing></outerBoundaryIs></Polygon></Placemark><Placemark><name>T_Agricolas - 0.04 ha</name><styleUrl>#style_3</styleUrl><Polygon><outerBoundaryIs><LinearRing><coordinates>-66.04816037584864,-17.396447036868587,0 -66.04815747673868,-17.39662757953472,0 -66.04806345529477,-17.39662618776587,0 -66.0480620056807,-17.39671645908987,0 -66.04796798419949,-17.39671506726917,0 -66.04797088351091,-17.396534524635573,0 -66.04806490490012,-17.396535916440943,0 -66.04806635449675,-17.396445645115076,0 -66.04816037584864,-17.396447036868587,0</coordinates></LinearRing></outerBoundaryIs></Polygon></Placemark><Placemark><name>Infraestructura - 0.01 ha</name><styleUrl>#style_4</styleUrl><Polygon><outerBoundaryIs><LinearRing><coordinates>-66.04392942364183,-17.39638436421987,0 -66.0439279720209,-17.39647463520806,0 -66.0438339510153,-17.396473241458658,0 -66.04383540268225,-17.39638297047815,0 -66.04392942364183,-17.39638436421987,0</coordinates></LinearRing></outerBoundaryIs></Polygon></Placemark><Placemark><name>Bosque - 0.03 ha</name><styleUrl>#style_0</styleUrl><Polygon><outerBoundaryIs><LinearRing><coordinates>-66.04909769165691,-17.39664149479311,0 -66.04909334430688,-17.39691230901534,0 -66.04899932263783,-17.396910917665334,0 -66.0490036701259,-17.396640103466098,0 -66.04909769165691,-17.39664149479311,0</coordinates></LinearRing></outerBoundaryIs></Polygon></Placemark><Placemark><name>Agua - 0.02 ha</name><styleUrl>#style_6</styleUrl><Polygon><outerBoundaryIs><LinearRing><coordinates>-66.04909334430688,-17.39691230901534,0 -66.04909189517278,-17.397002580420885,0 -66.04890385175139,-17.396999797661344,0 -66.0489053009775,-17.396909526271134,0 -66.04909334430688,-17.39691230901534,0</coordinates></LinearRing></outerBoundaryIs></Polygon></Placemark><Placemark><name>Pastizales - 0.01 ha</name><styleUrl>#style_2</styleUrl><Polygon><outerBoundaryIs><LinearRing><coordinates>-66.04843519280648,-17.396902568637383,0 -66.04843374335032,-17.396992839989256,0 -66.04833972169624,-17.396991448322282,0 -66.04834117119842,-17.39690117697808,0 -66.04843519280648,-17.396902568637383,0</coordinates></LinearRing></outerBoundaryIs></Polygon></Placemark><Placemark><name>Pastizales - 1.17 ha</name><styleUrl>#style_2</styleUrl><Polygon><outerBoundaryIs><LinearRing><coordinates>-66.04375880160622,-17.395298324945486,0 -66.04372976778352,-17.397103744448795,0 -66.04354172517185,-17.397100956621557,0 -66.04354317703788,-17.397010685670615,0 -66.04344915579112,-17.3970092916984,0 -66.04345351147491,-17.396738478863018,0 -66.04335949037491,-17.396737084869663,0 -66.04336239421248,-17.39655654299011,0 -66.04326837321322,-17.396555148967934,0 -66.04327272904216,-17.396284336164637,0 -66.04317870818964,-17.396282942121324,0 -66.04318306407806,-17.39601212933269,0 -66.04308904337229,-17.39601073526824,0 -66.04309194734628,-17.39583019341985,0 -66.04299792674125,-17.39582879932658,0 -66.0430022827748,-17.39555798657004,0 -66.0429082623165,-17.395556592455637,0 -66.04291261840952,-17.395285779713745,0 -66.04375880160622,-17.395298324945486,0</coordinates></LinearRing></outerBoundaryIs></Polygon></Placemark><Placemark><name>Infraestructura - 0.90 ha</name><styleUrl>#style_4</styleUrl><Polygon><outerBoundaryIs><LinearRing><coordinates>-66.04891109779486,-17.396548440700954,0 -66.04872305486839,-17.396545657841344,0 -66.0487216055851,-17.396635929219958,0 -66.04862758408892,-17.396634537716203,0 -66.0486261347509,-17.396724809086216,0 -66.04825004866927,-17.39671924259872,0 -66.0482514981913,-17.396628971259382,0 -66.04806345529477,-17.39662618776587,0 -66.04805765678626,-17.39698727305627,0 -66.04796363516704,-17.396985881212565,0 -66.04796218547212,-17.397076152525162,0 -66.04777414216777,-17.397073368689856,0 -66.04777269237212,-17.397163639986182,0 -66.04730258403367,-17.397156679586335,0 -66.04729968395615,-17.39733722209949,0 -66.04814587995035,-17.39734975016195,0 -66.0481473295794,-17.39725947883681,0 -66.04908754771823,-17.397273394631927,0 -66.04909189517278,-17.397002580420885,0 -66.04890385175139,-17.396999797661344,0 -66.0489053009775,-17.396909526271134,0 -66.04899932263783,-17.396910917665334,0 -66.0490036701259,-17.396640103466098,0 -66.0489096486036,-17.3966387120949,0 -66.04891109779486,-17.396548440700954,0</coordinates></LinearRing></outerBoundaryIs></Polygon></Placemark><Placemark><name>Suelo_Desnudo - 0.01 ha</name><styleUrl>#style_5</styleUrl><Polygon><outerBoundaryIs><LinearRing><coordinates>-66.04777414216777,-17.397073368689856,0 -66.04777269237212,-17.397163639986182,0 -66.047678670687,-17.397162247994583,0 -66.04768012052865,-17.397071976705927,0 -66.04777414216777,-17.397073368689856,0</coordinates></LinearRing></outerBoundaryIs></Polygon></Placemark><Placemark><name>Pastizales - 0.01 ha</name><styleUrl>#style_2</styleUrl><Polygon><outerBoundaryIs><LinearRing><coordinates>-66.04410585311157,-17.39710931957306,0 -66.04410440151287,-17.397199590569148,0 -66.04401038012176,-17.397198196846677,0 -66.04401183176647,-17.397107925858272,0 -66.04410585311157,-17.39710931957306,0</coordinates></LinearRing></outerBoundaryIs></Polygon></Placemark><Placemark><name>Pastizales - 0.10 ha</name><styleUrl>#style_2</styleUrl><Polygon><outerBoundaryIs><LinearRing><coordinates>-66.04448484138238,-17.396934351933975,0 -66.04429679881515,-17.39693156484439,0 -66.04429534732591,-17.397021835857714,0 -66.04438936865117,-17.39702322943227,0 -66.0443879171992,-17.39711350045233,0 -66.0444819385792,-17.397114893990384,0 -66.04447903574113,-17.39729543604306,0 -66.04466707871131,-17.39729822301733,0 -66.04466562737122,-17.397388494057623,0 -66.04475964891539,-17.397389887486156,0 -66.04476255149487,-17.397209345389278,0 -66.0446685300427,-17.3972079519761,0 -66.04466998136536,-17.397117680933945,0 -66.04457595996791,-17.397116287484256,0 -66.04457741132785,-17.397026016448837,0 -66.04448338998516,-17.397024622962647,0 -66.04448484138238,-17.396934351933975,0</coordinates></LinearRing></outerBoundaryIs></Polygon></Placemark><Placemark><name>Infraestructura - 0.18 ha</name><styleUrl>#style_4</styleUrl><Polygon><outerBoundaryIs><LinearRing><coordinates>-66.04383249933964,-17.396563512438245,0 -66.04373847829676,-17.396562118636982,0 -66.0437268642093,-17.3972842863786,0 -66.04410294990542,-17.397289861564307,0 -66.04410440151287,-17.397199590569148,0 -66.04401038012176,-17.397198196846677,0 -66.04401328340246,-17.397017654868925,0 -66.0439192621121,-17.39701626111763,0 -66.04392361710575,-17.39674544816704,0 -66.04382959596214,-17.396744054394603,0 -66.04383249933964,-17.396563512438245,0</coordinates></LinearRing></outerBoundaryIs></Polygon></Placemark><Placemark><name>T_Agricolas - 0.30 ha</name><styleUrl>#style_3</styleUrl><Polygon><outerBoundaryIs><LinearRing><coordinates>-66.04429679881515,-17.39693156484439,0 -66.04392071378538,-17.396925990135035,0 -66.0439192621121,-17.39701626111763,0 -66.04401328340246,-17.397017654868925,0 -66.04401183176647,-17.397107925858272,0 -66.04410585311157,-17.39710931957306,0 -66.04410149828928,-17.39738013255853,0 -66.04419551978111,-17.397381526252175,0 -66.04419406820226,-17.39747179725314,0 -66.0441000466644,-17.397470403551818,0 -66.04409859503079,-17.397560674544184,0 -66.04438065980857,-17.397564855538633,0 -66.04437920830428,-17.397655126553097,0 -66.04447322996032,-17.397656520137218,0 -66.044477584309,-17.397385707068,0 -66.04466562737122,-17.397388494057623,0 -66.04466707871131,-17.39729822301733,0 -66.04447903574113,-17.39729543604306,0 -66.0444819385792,-17.397114893990384,0 -66.0443879171992,-17.39711350045233,0 -66.04438936865117,-17.39702322943227,0 -66.04429534732591,-17.397021835857714,0 -66.04429679881515,-17.39693156484439,0</coordinates></LinearRing></outerBoundaryIs></Polygon></Placemark><Placemark><name>Pastizales - 0.05 ha</name><styleUrl>#style_2</styleUrl><Polygon><outerBoundaryIs><LinearRing><coordinates>-66.04410294990542,-17.397289861564307,0 -66.04409859503079,-17.397560674544184,0 -66.04400457345564,-17.397559280790993,0 -66.04400747680614,-17.397378738820702,0 -66.04381943386606,-17.39737595121249,0 -66.04382088562025,-17.397285680241307,0 -66.04410294990542,-17.397289861564307,0</coordinates></LinearRing></outerBoundaryIs></Polygon></Placemark><Placemark><name>Pastizales - 0.02 ha</name><styleUrl>#style_2</styleUrl><Polygon><outerBoundaryIs><LinearRing><coordinates>-66.04466562737122,-17.397388494057623,0 -66.0446641760224,-17.397478765096984,0 -66.04447613286817,-17.397475978092,0 -66.044477584309,-17.397385707068,0 -66.04466562737122,-17.397388494057623,0</coordinates></LinearRing></outerBoundaryIs></Polygon></Placemark><Placemark><name>Infraestructura - 0.01 ha</name><styleUrl>#style_4</styleUrl><Polygon><outerBoundaryIs><LinearRing><coordinates>-66.04419551978111,-17.397381526252175,0 -66.04419406820226,-17.39747179725314,0 -66.0441000466644,-17.397470403551818,0 -66.04410149828928,-17.39738013255853,0 -66.04419551978111,-17.397381526252175,0</coordinates></LinearRing></outerBoundaryIs></Polygon></Placemark><Placemark><name>T_Agricolas - 0.09 ha</name><styleUrl>#style_3</styleUrl><Polygon><outerBoundaryIs><LinearRing><coordinates>-66.04372976778352,-17.397103744448795,0 -66.04354172517185,-17.397100956621557,0 -66.04354027329708,-17.39719122757156,0 -66.04363429464458,-17.397192621514954,0 -66.04362993910595,-17.397463434382427,0 -66.04400602513526,-17.39746900980631,0 -66.04400747680614,-17.397378738820702,0 -66.04381943386606,-17.39737595121249,0 -66.04382088562025,-17.397285680241307,0 -66.0437268642093,-17.3972842863786,0 -66.04372976778352,-17.397103744448795,0</coordinates></LinearRing></outerBoundaryIs></Polygon></Placemark><Placemark><name>Bosque - 14.41 ha</name><styleUrl>#style_0</styleUrl><Polygon><outerBoundaryIs><LinearRing><coordinates>-66.04868555046714,-17.39302368215127,0 -66.04859153081976,-17.393022290910043,0 -66.04858718368679,-17.393293105106157,0 -66.04849316391014,-17.39329171379775,0 -66.04849461300915,-17.39320144240764,0 -66.04840059328721,-17.39320005106273,0 -66.04840349155114,-17.393019508295062,0 -66.04746329573064,-17.393005592569732,0 -66.04746184614307,-17.39309586387734,0 -66.04727380699153,-17.39309308018685,0 -66.04727235730324,-17.393183351478186,0 -66.04746039654678,-17.393186135184017,0 -66.04745749732807,-17.393366677794578,0 -66.0475515170549,-17.393368069596573,0 -66.04754716829947,-17.393638883528425,0 -66.04745314843464,-17.393637491703423,0 -66.04745169878608,-17.393727763004502,0 -66.04735767888397,-17.393726371127652,0 -66.04735622918069,-17.39381664242013,0 -66.04716818931061,-17.393813858518563,0 -66.04716528969392,-17.39399440107004,0 -66.04707126967995,-17.393993009037647,0 -66.04706981981253,-17.394083280304315,0 -66.04688177971875,-17.39408049609166,0 -66.04689047934453,-17.393538868569717,0 -66.04698449911106,-17.393540260652102,0 -66.04699174832956,-17.393088904319818,0 -66.04642763124093,-17.39308055139306,0 -66.04642618113868,-17.39317082261535,0 -66.04652020067766,-17.393172214887915,0 -66.04651875061269,-17.393262486116946,0 -66.04642473102771,-17.393261093836703,0 -66.04641022943865,-17.394163805998968,0 -66.0465042494836,-17.394165198355942,0 -66.0465013491532,-17.39434574079255,0 -66.04659536929888,-17.394347133120693,0 -66.04658811855033,-17.39479848923425,0 -66.04649409817466,-17.39479709686775,0 -66.04649119772222,-17.39497763929131,0 -66.0465852181899,-17.39497903167316,0 -66.0465823177946,-17.39515957410832,0 -66.04677035894014,-17.39516235877018,0 -66.04676020792611,-17.395794257371303,0 -66.04685422883398,-17.39579564968967,0 -66.04685277870026,-17.395885920922343,0 -66.04694679966286,-17.3958873132042,0 -66.04694969982957,-17.395706770722576,0 -66.0472317624936,-17.395710947257022,0 -66.0472303125526,-17.39580121852131,0 -66.04732433350405,-17.395802610618766,0 -66.04732143368796,-17.395983153159904,0 -66.04760349687058,-17.395987329233215,0 -66.04760204708748,-17.396077600525384,0 -66.04769606821179,-17.39607899246914,0 -66.04769751794888,-17.395988721169285,0 -66.04788556013165,-17.395991504908885,0 -66.04788411048655,-17.396081776224076,0 -66.04779008934482,-17.396080384368698,0 -66.047788639645,-17.396170655675284,0 -66.04741255498116,-17.396165087781267,0 -66.04741400486499,-17.396074816505358,0 -66.04694389946128,-17.396067855682094,0 -66.04694534956643,-17.395977584443614,0 -66.04675730755795,-17.395974799820383,0 -66.04674715599485,-17.39660669836276,0 -66.04655911337716,-17.396603913455383,0 -66.04656056371861,-17.396513642253186,0 -66.0463725212278,-17.396510857184424,0 -66.04637397165256,-17.396420585996644,0 -66.04618592928863,-17.396417800766503,0 -66.04618737979668,-17.39632752959313,0 -66.04609335867379,-17.396326136919456,0 -66.04609625975576,-17.396145594585274,0 -66.0460022387336,-17.396144201882766,0 -66.04600513987272,-17.3959636595602,0 -66.04609916080287,-17.39596505224735,0 -66.04610351230814,-17.395694238733483,0 -66.046009491516,-17.395692846069352,0 -66.04601239256795,-17.39551230373745,0 -66.04591837187654,-17.395510911044486,0 -66.04592417405982,-17.3951498264002,0 -66.04545407165364,-17.395142862426166,0 -66.04545262089088,-17.395233133550263,0 -66.04554664140068,-17.3952345264411,0 -66.04554519067521,-17.39532479757194,0 -66.0454511701194,-17.395323404673423,0 -66.0454482685503,-17.39550394691695,0 -66.0453542479112,-17.395502553958906,0 -66.04535134621521,-17.39568309618335,0 -66.04516330477917,-17.395680310104012,0 -66.04516185382609,-17.39577058119948,0 -66.04506783307514,-17.395769188085865,0 -66.04506928407424,-17.395678916998076,0 -66.04488124269051,-17.395676130653655,0 -66.04487979159941,-17.395766401726096,0 -66.04440968806271,-17.3957594350535,0 -66.04441259069624,-17.395578892984464,0 -66.04431857010708,-17.395577499532763,0 -66.0443214727977,-17.395396957475356,0 -66.04413343182956,-17.395394170470126,0 -66.04413488325382,-17.395303899455378,0 -66.04451096504097,-17.395309473258408,0 -66.04451241627248,-17.395219202212015,0 -66.04385427355855,-17.39520944764659,0 -66.04385282200502,-17.395299718639226,0 -66.04375880160622,-17.395298324945486,0 -66.04373847829676,-17.396562118636982,0 -66.04383249933964,-17.396563512438245,0 -66.04382959596214,-17.396744054394603,0 -66.04392361710575,-17.39674544816704,0 -66.04392071378538,-17.396925990135035,0 -66.04448484138238,-17.396934351933975,0 -66.04448338998516,-17.397024622962647,0 -66.04457741132785,-17.397026016448837,0 -66.04457595996791,-17.397116287484256,0 -66.04466998136536,-17.397117680933945,0 -66.0446685300427,-17.3972079519761,0 -66.04476255149487,-17.397209345389278,0 -66.04475964891539,-17.397389887486156,0 -66.04466562737122,-17.397388494057623,0 -66.0446641760224,-17.397478765096984,0 -66.04494624081914,-17.397482945273065,0 -66.0449433383714,-17.39766348739506,0 -66.04550746875248,-17.397671846646347,0 -66.04550601779158,-17.397762117752,0 -66.0456000395983,-17.397763510813576,0 -66.04560149051318,-17.397673239700243,0 -66.0456955122826,-17.397674632709954,0 -66.04569696314275,-17.397584361588013,0 -66.04560294141935,-17.397582968585983,0 -66.04560439231679,-17.39749269747078,0 -66.04569841399419,-17.397494090465145,0 -66.0456998648369,-17.397403819341342,0 -66.0459819297834,-17.397407998036293,0 -66.04598047907871,-17.39749826918311,0 -66.04663863124769,-17.397508017978552,0 -66.0466400816303,-17.397417746778018,0 -66.04701616859174,-17.397423316515503,0 -66.04701761878161,-17.397333045283336,0 -66.04729968395615,-17.39733722209949,0 -66.04730258403367,-17.397156679586335,0 -66.047678670687,-17.397162247994583,0 -66.04768012052865,-17.397071976705927,0 -66.04796218547212,-17.397076152525162,0 -66.04796363516704,-17.396985881212565,0 -66.04805765678626,-17.39698727305627,0 -66.0480620056807,-17.39671645908987,0 -66.04796798419949,-17.39671506726917,0 -66.04797088351091,-17.396534524635573,0 -66.04806490490012,-17.396535916440943,0 -66.04806635449675,-17.396445645115076,0 -66.04825439720925,-17.396448428577912,0 -66.04825584670516,-17.396358157235777,0 -66.0484438893605,-17.396360940506547,0 -66.04844823751992,-17.39609012642854,0 -66.04873030115421,-17.396094300934312,0 -66.04872885191446,-17.396184572317587,0 -66.04882287318932,-17.39618596373882,0 -66.04882432238306,-17.396095692347874,0 -66.04891834362061,-17.396097083717255,0 -66.04892269101154,-17.395826269515844,0 -66.048828669912,-17.395824878169467,0 -66.04883156822109,-17.3956443353792,0 -66.04892558922862,-17.395645726710246,0 -66.04892848741086,-17.39546518390092,0 -66.0490225083351,-17.395466575172446,0 -66.04902540639048,-17.395286032344046,0 -66.04893138555826,-17.39528464108785,0 -66.04895167161467,-17.394020841292,0 -66.04885765143518,-17.39401945009896,0 -66.04886779414528,-17.39338755018617,0 -66.04877377429649,-17.393386159002624,0 -66.04877522326625,-17.393295887590448,0 -66.04868120347217,-17.393294496370387,0 -66.04868555046714,-17.39302368215127,0</coordinates></LinearRing></outerBoundaryIs></Polygon></Placemark><Placemark><name>T_Agricolas - 0.01 ha</name><styleUrl>#style_3</styleUrl><Polygon><outerBoundaryIs><LinearRing><coordinates>-66.04381507855118,-17.39764676412045,0 -66.04381362676209,-17.3977370350879,0 -66.0437196051211,-17.397735641186795,0 -66.04372105695619,-17.397645370227025,0 -66.04381507855118,-17.39764676412045,0</coordinates></LinearRing></outerBoundaryIs></Polygon></Placemark><Placemark><name>Bosque - 0.02 ha</name><styleUrl>#style_0</styleUrl><Polygon><outerBoundaryIs><LinearRing><coordinates>-66.04682377419566,-17.397691345379993,0 -66.04682087355344,-17.39787188780524,0 -66.04672685158741,-17.397870495310418,0 -66.04672975232162,-17.397689952900514,0 -66.04682377419566,-17.397691345379993,0</coordinates></LinearRing></outerBoundaryIs></Polygon></Placemark><Placemark><name>T_Agricolas - 0.02 ha</name><styleUrl>#style_3</styleUrl><Polygon><outerBoundaryIs><LinearRing><coordinates>-66.04465982192359,-17.397749578209478,0 -66.04465691914744,-17.3979301202798,0 -66.04456289733592,-17.397928726761016,0 -66.04456580020408,-17.397748184706046,0 -66.04465982192359,-17.397749578209478,0</coordinates></LinearRing></outerBoundaryIs></Polygon></Placemark><Placemark><name>Matorrales - 0.26 ha</name><styleUrl>#style_1</styleUrl><Polygon><outerBoundaryIs><LinearRing><coordinates>-66.04400602513526,-17.39746900980631,0 -66.0437239606002,-17.397464828304678,0 -66.04372105695619,-17.397645370227025,0 -66.04381507855118,-17.39764676412045,0 -66.04381362676209,-17.3977370350879,0 -66.04400167007024,-17.39773982275755,0 -66.04400021836446,-17.397830093739426,0 -66.04418826179953,-17.397832881247698,0 -66.04418681017705,-17.397923152243997,0 -66.04446887553311,-17.39792733319804,0 -66.04447032701758,-17.3978370621787,0 -66.04456434877437,-17.397838455734,0 -66.04456580020408,-17.397748184706046,0 -66.0444717784933,-17.39774679115843,0 -66.04447322996032,-17.397656520137218,0 -66.04437920830428,-17.397655126553097,0 -66.04438065980857,-17.397564855538633,0 -66.04400457345564,-17.397559280790993,0 -66.04400602513526,-17.39746900980631,0</coordinates></LinearRing></outerBoundaryIs></Polygon></Placemark><Placemark><name>Bosque - 0.32 ha</name><styleUrl>#style_0</styleUrl><Polygon><outerBoundaryIs><LinearRing><coordinates>-66.04400167007024,-17.39773982275755,0 -66.04381362676209,-17.3977370350879,0 -66.04381072315775,-17.397917577020003,0 -66.04390474489949,-17.39791897089228,0 -66.04390184135228,-17.398099512836023,0 -66.04408988504596,-17.398102300478737,0 -66.04408843335129,-17.398192571464566,0 -66.04418245525724,-17.398193965227325,0 -66.04418100359986,-17.398284236219897,0 -66.04436904752994,-17.398287023628207,0 -66.04437049909531,-17.398196752620276,0 -66.04455854296826,-17.398199539836476,0 -66.04455999443286,-17.398109268812256,0 -66.04465401633642,-17.3981106623464,0 -66.04465546774628,-17.39802039131357,0 -66.04474948961256,-17.398021784795848,0 -66.04475239231412,-17.397841242712033,0 -66.04465837053988,-17.397839849245106,0 -66.04465691914744,-17.3979301202798,0 -66.04456289733592,-17.397928726761016,0 -66.04456434877437,-17.397838455734,0 -66.04447032701758,-17.3978370621787,0 -66.04446887553311,-17.39792733319804,0 -66.04418681017705,-17.397923152243997,0 -66.04418826179953,-17.397832881247698,0 -66.04400021836446,-17.397830093739426,0 -66.04400167007024,-17.39773982275755,0</coordinates></LinearRing></outerBoundaryIs></Polygon></Placemark><Placemark><name>Bosque - 0.03 ha</name><styleUrl>#style_0</styleUrl><Polygon><outerBoundaryIs><LinearRing><coordinates>-66.04691344524005,-17.39796355147477,0 -66.04690909432327,-17.398234365125873,0 -66.04681507216445,-17.398232972644543,0 -66.04681942321928,-17.397962159016462,0 -66.04691344524005,-17.39796355147477,0</coordinates></LinearRing></outerBoundaryIs></Polygon></Placemark><Placemark><name>Bosque - 0.02 ha</name><styleUrl>#style_0</styleUrl><Polygon><outerBoundaryIs><LinearRing><coordinates>-66.0470031164908,-17.398235757563004,0 -66.04700021592805,-17.398416300007753,0 -66.04690619366849,-17.398414907555267,0 -66.04690909432327,-17.398234365125873,0 -66.0470031164908,-17.398235757563004,0</coordinates></LinearRing></outerBoundaryIs></Polygon></Placemark><Placemark><name>T_Agricolas - 0.14 ha</name><styleUrl>#style_3</styleUrl><Polygon><outerBoundaryIs><LinearRing><coordinates>-66.04408988504596,-17.398102300478737,0 -66.04390184135228,-17.398099512836023,0 -66.0439003895656,-17.39818978380649,0 -66.04399441145408,-17.398191177657623,0 -66.0439900561797,-17.398461990586462,0 -66.04408407821495,-17.39846338441645,0 -66.04408552993578,-17.398373113433422,0 -66.04417955193377,-17.398374507211532,0 -66.04417810025893,-17.398464778202246,0 -66.04436614437306,-17.39846756564127,0 -66.04436759595586,-17.398377294635203,0 -66.04446161798,-17.398378688280758,0 -66.04446306950807,-17.39828841726608,0 -66.04455709149492,-17.39828981085976,0 -66.04455854296826,-17.398199539836476,0 -66.04437049909531,-17.398196752620276,0 -66.04436904752994,-17.398287023628207,0 -66.04418100359986,-17.398284236219897,0 -66.04418245525724,-17.398193965227325,0 -66.04408843335129,-17.398192571464566,0 -66.04408988504596,-17.398102300478737,0</coordinates></LinearRing></outerBoundaryIs></Polygon></Placemark><Placemark><name>Bosque - 0.01 ha</name><styleUrl>#style_0</styleUrl><Polygon><outerBoundaryIs><LinearRing><coordinates>-66.04417955193377,-17.398374507211532,0 -66.04417810025893,-17.398464778202246,0 -66.04408407821495,-17.39846338441645,0 -66.04408552993578,-17.398373113433422,0 -66.04417955193377,-17.398374507211532,0</coordinates></LinearRing></outerBoundaryIs></Polygon></Placemark><Placemark><name>Bosque - 0.01 ha</name><styleUrl>#style_0</styleUrl><Polygon><outerBoundaryIs><LinearRing><coordinates>-66.0470927879479,-17.398507963644693,0 -66.04709133769074,-17.398598234872406,0 -66.04699731533046,-17.398596842448764,0 -66.0469987656336,-17.398506571228722,0 -66.0470927879479,-17.398507963644693,0</coordinates></LinearRing></outerBoundaryIs></Polygon></Placemark><Placemark><name>T_Agricolas - 0.02 ha</name><styleUrl>#style_3</styleUrl><Polygon><outerBoundaryIs><LinearRing><coordinates>-66.04417810025893,-17.398464778202246,0 -66.0441751968831,-17.39864532018086,0 -66.04408117474709,-17.39864392637971,0 -66.04408407821495,-17.39846338441645,0 -66.04417810025893,-17.398464778202246,0</coordinates></LinearRing></outerBoundaryIs></Polygon></Placemark><Placemark><name>Bosque - 0.01 ha</name><styleUrl>#style_0</styleUrl><Polygon><outerBoundaryIs><LinearRing><coordinates>-66.04718390983992,-17.398689898486303,0 -66.04718245961135,-17.39878016971982,0 -66.04708843715031,-17.398778777325024,0 -66.04708988742489,-17.398688506099187,0 -66.04718390983992,-17.398689898486303,0</coordinates></LinearRing></outerBoundaryIs></Polygon></Placemark><Placemark><name>T_Agricolas - 0.10 ha</name><styleUrl>#style_3</styleUrl><Polygon><outerBoundaryIs><LinearRing><coordinates>-66.0444558117805,-17.39873977233014,0 -66.04445000544143,-17.39910085636459,0 -66.04426196066566,-17.399098068906437,0 -66.0442648640367,-17.398917526921792,0 -66.04417084175392,-17.398916133141793,0 -66.0441737451821,-17.398735591168773,0 -66.0444558117805,-17.39873977233014,0</coordinates></LinearRing></outerBoundaryIs></Polygon></Placemark><Placemark><name>Bosque - 0.01 ha</name><styleUrl>#style_0</styleUrl><Polygon><outerBoundaryIs><LinearRing><coordinates>-66.04727358168986,-17.398962104550005,0 -66.04727213148117,-17.399052375788393,0 -66.04717810887338,-17.399050983414774,0 -66.04717955912808,-17.398960712184053,0 -66.04727358168986,-17.398962104550005,0</coordinates></LinearRing></outerBoundaryIs></Polygon></Placemark><Placemark><name>T_Agricolas - 0.04 ha</name><styleUrl>#style_3</styleUrl><Polygon><outerBoundaryIs><LinearRing><coordinates>-66.04464240474339,-17.398832830575472,0 -66.04454838247175,-17.398831436979908,0 -66.0445440278424,-17.39910225002738,0 -66.0446380502521,-17.39910364364598,0 -66.04463950175791,-17.399013372623415,0 -66.04473352413032,-17.399014766190152,0 -66.0447349755814,-17.39892449515897,0 -66.04464095325501,-17.398923101599916,0 -66.04464240474339,-17.398832830575472,0</coordinates></LinearRing></outerBoundaryIs></Polygon></Placemark><Placemark><name>Bosque - 0.01 ha</name><styleUrl>#style_0</styleUrl><Polygon><outerBoundaryIs><LinearRing><coordinates>-66.04736325374618,-17.399234310607145,0 -66.04736180355737,-17.39932458185041,0 -66.04726778080281,-17.39932318949797,0 -66.04726923103765,-17.399232918262378,0 -66.04736325374618,-17.399234310607145,0</coordinates></LinearRing></outerBoundaryIs></Polygon></Placemark><Placemark><name>T_Agricolas - 0.01 ha</name><styleUrl>#style_3</styleUrl><Polygon><outerBoundaryIs><LinearRing><coordinates>-66.04444710221955,-17.399281398376218,0 -66.04444565059555,-17.399371669380642,0 -66.04435162806524,-17.39937027565062,0 -66.04435307973529,-17.39928000465388,0 -66.04444710221955,-17.399281398376218,0</coordinates></LinearRing></outerBoundaryIs></Polygon></Placemark><Placemark><name>Bosque - 0.01 ha</name><styleUrl>#style_0</styleUrl><Polygon><outerBoundaryIs><LinearRing><coordinates>-66.04745292600889,-17.39950651665773,0 -66.04745147583995,-17.399596787905868,0 -66.04735745293861,-17.399595395574604,0 -66.0473589031536,-17.39950512433414,0 -66.04745292600889,-17.39950651665773,0</coordinates></LinearRing></outerBoundaryIs></Polygon></Placemark><Placemark><name>Bosque - 0.01 ha</name><styleUrl>#style_0</styleUrl><Polygon><outerBoundaryIs><LinearRing><coordinates>-66.04754404861833,-17.399688451447812,0 -66.04754259847797,-17.399778722701754,0 -66.0474485754759,-17.399777330399342,0 -66.04745002566227,-17.399687059153074,0 -66.04754404861833,-17.399688451447812,0</coordinates></LinearRing></outerBoundaryIs></Polygon></Placemark><Placemark><name>Bosque - 0.03 ha</name><styleUrl>#style_0</styleUrl><Polygon><outerBoundaryIs><LinearRing><coordinates>-66.04763372127393,-17.399960657480396,0 -66.04762937088634,-17.400231471254042,0 -66.04753534764546,-17.40023007895747,0 -66.04753969817112,-17.39995926520684,0 -66.04763372127393,-17.399960657480396,0</coordinates></LinearRing></outerBoundaryIs></Polygon></Placemark><Placemark><name>Bosque - 0.02 ha</name><styleUrl>#style_0</styleUrl><Polygon><outerBoundaryIs><LinearRing><coordinates>-66.04772339413593,-17.40023286350642,0 -66.04772049392601,-17.40041340603286,0 -66.04762647058438,-17.40041201376514,0 -66.04762937088634,-17.400231471254042,0 -66.04772339413593,-17.40023286350642,0</coordinates></LinearRing></outerBoundaryIs></Polygon></Placemark><Placemark><name>T_Agricolas - 0.05 ha</name><styleUrl>#style_3</styleUrl><Polygon><outerBoundaryIs><LinearRing><coordinates>-66.04480867745181,-17.40018968313296,0 -66.04471465447249,-17.400188289510606,0 -66.04471175131738,-17.40036883154592,0 -66.04489979746883,-17.400371618777143,0 -66.04489834597022,-17.40046188980875,0 -66.04499236910506,-17.400463283365752,0 -66.04499527200151,-17.400282741286247,0 -66.04480722592463,-17.40027995415876,0 -66.04480867745181,-17.40018968313296,0</coordinates></LinearRing></outerBoundaryIs></Polygon></Placemark><Placemark><name>Bosque - 0.01 ha</name><styleUrl>#style_0</styleUrl><Polygon><outerBoundaryIs><LinearRing><coordinates>-66.04555795927367,-17.400381372694365,0 -66.04555650809719,-17.400471643779703,0 -66.04546248491003,-17.40047025048786,0 -66.04546393613253,-17.400379979410197,0 -66.04555795927367,-17.400381372694365,0</coordinates></LinearRing></outerBoundaryIs></Polygon></Placemark><Placemark><name>Bosque - 0.01 ha</name><styleUrl>#style_0</styleUrl><Polygon><outerBoundaryIs><LinearRing><coordinates>-66.04489979746883,-17.400371618777143,0 -66.04489834597022,-17.40046188980875,0 -66.04480432284412,-17.400460496207558,0 -66.04480577438873,-17.400370225183625,0 -66.04489979746883,-17.400371618777143,0</coordinates></LinearRing></outerBoundaryIs></Polygon></Placemark><Placemark><name>Bosque - 0.01 ha</name><styleUrl>#style_0</styleUrl><Polygon><outerBoundaryIs><LinearRing><coordinates>-66.04781306720433,-17.400505069525877,0 -66.04781161712361,-17.40059534079444,0 -66.04771759368123,-17.40059394855557,0 -66.04771904380797,-17.40050367729468,0 -66.04781306720433,-17.400505069525877,0</coordinates></LinearRing></outerBoundaryIs></Polygon></Placemark><Placemark><name>Bosque - 0.01 ha</name><styleUrl>#style_0</styleUrl><Polygon><outerBoundaryIs><LinearRing><coordinates>-66.04499236910506,-17.400463283365752,0 -66.04499091764374,-17.40055355440411,0 -66.0448968944629,-17.40055216083943,0 -66.04489834597022,-17.40046188980875,0 -66.04499236910506,-17.400463283365752,0</coordinates></LinearRing></outerBoundaryIs></Polygon></Placemark><Placemark><name>T_Agricolas - 0.01 ha</name><styleUrl>#style_3</styleUrl><Polygon><outerBoundaryIs><LinearRing><coordinates>-66.04489834597022,-17.40046188980875,0 -66.0448968944629,-17.40055216083943,0 -66.04480287129077,-17.40055076723056,0 -66.04480432284412,-17.400460496207558,0 -66.04489834597022,-17.40046188980875,0</coordinates></LinearRing></outerBoundaryIs></Polygon></Placemark><Placemark><name>T_Agricolas - 0.03 ha</name><styleUrl>#style_3</styleUrl><Polygon><outerBoundaryIs><LinearRing><coordinates>-66.04499091764374,-17.40055355440411,0 -66.0449865632075,-17.40082436751357,0 -66.0448925398886,-17.40082297392586,0 -66.0448968944629,-17.40055216083943,0 -66.04499091764374,-17.40055355440411,0</coordinates></LinearRing></outerBoundaryIs></Polygon></Placemark><Placemark><name>Bosque - 0.03 ha</name><styleUrl>#style_0</styleUrl><Polygon><outerBoundaryIs><LinearRing><coordinates>-66.04790419053127,-17.400687004264398,0 -66.04789984034875,-17.40095781808468,0 -66.04780581671356,-17.40095642585933,0 -66.04781016703416,-17.400685612062055,0 -66.04790419053127,-17.400687004264398,0</coordinates></LinearRing></outerBoundaryIs></Polygon></Placemark><Placemark><name>T_Agricolas - 0.02 ha</name><styleUrl>#style_3</styleUrl><Polygon><outerBoundaryIs><LinearRing><coordinates>-66.04508058653514,-17.400825761057092,0 -66.04507768362608,-17.40100630314075,0 -66.0449836602064,-17.401004909581882,0 -66.0449865632075,-17.40082436751357,0 -66.04508058653514,-17.400825761057092,0</coordinates></LinearRing></outerBoundaryIs></Polygon></Placemark><Placemark><name>Bosque - 0.02 ha</name><styleUrl>#style_0</styleUrl><Polygon><outerBoundaryIs><LinearRing><coordinates>-66.04799386399263,-17.40095921026584,0 -66.04799096391942,-17.401139752823376,0 -66.04789694018348,-17.40113836062688,0 -66.04789984034875,-17.40095781808468,0 -66.04799386399263,-17.40095921026584,0</coordinates></LinearRing></outerBoundaryIs></Polygon></Placemark><Placemark><name>Bosque - 0.01 ha</name><styleUrl>#style_0</styleUrl><Polygon><outerBoundaryIs><LinearRing><coordinates>-66.0480835376604,-17.401231416260714,0 -66.04808208764803,-17.401321687544815,0 -66.04798806381135,-17.40132029537718,0 -66.04798951386974,-17.40123002410074,0 -66.0480835376604,-17.401231416260714,0</coordinates></LinearRing></outerBoundaryIs></Polygon></Placemark><Placemark><name>T_Agricolas - 0.01 ha</name><styleUrl>#style_3</styleUrl><Polygon><outerBoundaryIs><LinearRing><coordinates>-66.04516880420255,-17.40118823875071,0 -66.04516735276351,-17.401278509796956,0 -66.04507332919705,-17.401277116259248,0 -66.04507478068211,-17.401186845220682,0 -66.04516880420255,-17.40118823875071,0</coordinates></LinearRing></outerBoundaryIs></Polygon></Placemark><Placemark><name>Bosque - 0.01 ha</name><styleUrl>#style_0</styleUrl><Polygon><outerBoundaryIs><LinearRing><coordinates>-66.04817466151837,-17.4014133509591,0 -66.0481732115346,-17.401503622249006,0 -66.04807918759715,-17.40150223011022,0 -66.04808063762695,-17.401411958827985,0 -66.04817466151837,-17.4014133509591,0</coordinates></LinearRing></outerBoundaryIs></Polygon></Placemark><Placemark><name>T_Agricolas - 0.01 ha</name><styleUrl>#style_3</styleUrl><Polygon><outerBoundaryIs><LinearRing><coordinates>-66.0453495944474,-17.401642380976835,0 -66.0453481430568,-17.401732652033765,0 -66.04525411924278,-17.401731258546075,0 -66.04525557067942,-17.401640987496812,0 -66.0453495944474,-17.401642380976835,0</coordinates></LinearRing></outerBoundaryIs></Polygon></Placemark><Placemark><name>Bosque - 0.09 ha</name><styleUrl>#style_0</styleUrl><Polygon><outerBoundaryIs><LinearRing><coordinates>-66.04826433557912,-17.401685556935938,0 -66.04817031154091,-17.401684164826015,0 -66.04816161135078,-17.40222579253468,0 -66.04834965998819,-17.40222857680235,0 -66.04835400984632,-17.401957762906207,0 -66.04825998566133,-17.401956370817473,0 -66.04826433557912,-17.401685556935938,0</coordinates></LinearRing></outerBoundaryIs></Polygon></Placemark><Placemark><name>Bosque - 0.25 ha</name><styleUrl>#style_0</styleUrl><Polygon><outerBoundaryIs><LinearRing><coordinates>-66.04797646303055,-17.40204246555507,0 -66.04769439046822,-17.4020382886029,0 -66.04769148990975,-17.40221883109203,0 -66.04759746564767,-17.402217438670903,0 -66.04759311460653,-17.402488252374585,0 -66.04768713900668,-17.40248964481872,0 -66.04768568868822,-17.402579916059086,0 -66.04796776207901,-17.402584093149308,0 -66.04796921225939,-17.402493821885937,0 -66.04806323669439,-17.402495214153273,0 -66.04806903714464,-17.40213412905977,0 -66.04797501289374,-17.402132736823113,0 -66.04797646303055,-17.40204246555507,0</coordinates></LinearRing></outerBoundaryIs></Polygon></Placemark><Placemark><name>Bosque - 0.02 ha</name><styleUrl>#style_0</styleUrl><Polygon><outerBoundaryIs><LinearRing><coordinates>-66.04844368431995,-17.40222996886989,0 -66.04844078446303,-17.40241051147799,0 -66.0483467600392,-17.402409119395113,0 -66.04834965998819,-17.40222857680235,0 -66.04844368431995,-17.40222996886989,0</coordinates></LinearRing></outerBoundaryIs></Polygon></Placemark><Placemark><name>Pastizales - 0.01 ha</name><styleUrl>#style_2</styleUrl><Polygon><outerBoundaryIs><LinearRing><coordinates>-66.04834965998819,-17.40222857680235,0 -66.04834821001805,-17.4023188480992,0 -66.04825418564897,-17.402317455979794,0 -66.04825563566511,-17.402227184690616,0 -66.04834965998819,-17.40222857680235,0</coordinates></LinearRing></outerBoundaryIs></Polygon></Placemark><Placemark><name>Bosque - 0.03 ha</name><styleUrl>#style_0</styleUrl><Polygon><outerBoundaryIs><LinearRing><coordinates>-66.04853480889555,-17.40241190351666,0 -66.0485304591829,-17.40268271744483,0 -66.04843643461228,-17.402681325383146,0 -66.04844078446303,-17.40241051147799,0 -66.04853480889555,-17.40241190351666,0</coordinates></LinearRing></outerBoundaryIs></Polygon></Placemark><Placemark><name>Pastizales - 0.01 ha</name><styleUrl>#style_2</styleUrl><Polygon><outerBoundaryIs><LinearRing><coordinates>-66.04844078446303,-17.40241051147799,0 -66.04843933452149,-17.402500782780642,0 -66.04834531005164,-17.402499390690096,0 -66.0483467600392,-17.402409119395113,0 -66.04844078446303,-17.40241051147799,0</coordinates></LinearRing></outerBoundaryIs></Polygon></Placemark><Placemark><name>Bosque - 0.01 ha</name><styleUrl>#style_0</styleUrl><Polygon><outerBoundaryIs><LinearRing><coordinates>-66.04862448376223,-17.40268410946231,0 -66.04862303388661,-17.4027743807775,0 -66.04852900926126,-17.40277298875235,0 -66.0485304591829,-17.40268271744483,0 -66.04862448376223,-17.40268410946231,0</coordinates></LinearRing></outerBoundaryIs></Polygon></Placemark><Placemark><name>Bosque - 0.02 ha</name><styleUrl>#style_0</styleUrl><Polygon><outerBoundaryIs><LinearRing><coordinates>-66.04880383411496,-17.403228521333826,0 -66.0488009344346,-17.40340906398275,0 -66.04870690946963,-17.403407671992326,0 -66.04870980924206,-17.403227129358743,0 -66.04880383411496,-17.403228521333826,0</coordinates></LinearRing></outerBoundaryIs></Polygon></Placemark><Placemark><name>Bosque - 0.21 ha</name><styleUrl>#style_0</styleUrl><Polygon><outerBoundaryIs><LinearRing><coordinates>-66.0480588862652,-17.402766027963608,0 -66.04796486169212,-17.40276463567326,0 -66.04796196127037,-17.402945178193484,0 -66.0480559859355,-17.402946570499168,0 -66.04805163537563,-17.40321738429551,0 -66.04814566018756,-17.403218776580005,0 -66.0481427598628,-17.403399319121576,0 -66.0482367847755,-17.403400711377206,0 -66.04823533464608,-17.403490982654255,0 -66.04842338458965,-17.40349376704825,0 -66.0484277346756,-17.403222953168278,0 -66.04833370983754,-17.403221561016387,0 -66.04833805998317,-17.402950747151028,0 -66.04824403529192,-17.40294935497794,0 -66.04824548536905,-17.40285908369529,0 -66.04805743610471,-17.402856299231853,0 -66.0480588862652,-17.402766027963608,0</coordinates></LinearRing></outerBoundaryIs></Polygon></Placemark><Placemark><name>Bosque - 0.02 ha</name><styleUrl>#style_0</styleUrl><Polygon><outerBoundaryIs><LinearRing><coordinates>-66.04889495940829,-17.403410455928974,0 -66.04889205978512,-17.40359099858949,0 -66.04879803471938,-17.40358960662794,0 -66.0488009344346,-17.40340906398275,0 -66.04889495940829,-17.403410455928974,0</coordinates></LinearRing></outerBoundaryIs></Polygon></Placemark><Placemark><name>Bosque - 0.01 ha</name><styleUrl>#style_0</styleUrl><Polygon><outerBoundaryIs><LinearRing><coordinates>-66.04898463508096,-17.403682661843373,0 -66.04898318529364,-17.403772933178974,0 -66.04888916012713,-17.403771541246293,0 -66.04889060996048,-17.40368126991836,0 -66.04898463508096,-17.403682661843373,0</coordinates></LinearRing></outerBoundaryIs></Polygon></Placemark><Placemark><name>Bosque - 0.01 ha</name><styleUrl>#style_0</styleUrl><Polygon><outerBoundaryIs><LinearRing><coordinates>-66.04907431096012,-17.40395486775119,0 -66.04907286119271,-17.404045139091657,0 -66.04897883587941,-17.404043747180175,0 -66.04898028569285,-17.403953475847374,0 -66.04907431096012,-17.40395486775119,0</coordinates></LinearRing></outerBoundaryIs></Polygon></Placemark><Placemark><name>Bosque - 0.01 ha</name><styleUrl>#style_0</styleUrl><Polygon><outerBoundaryIs><LinearRing><coordinates>-66.04907141141658,-17.404135410431195,0 -66.04906996163172,-17.40422568176979,0 -66.04897593622637,-17.404224289842976,0 -66.04897738605725,-17.404134018512043,0 -66.04907141141658,-17.404135410431195,0</coordinates></LinearRing></outerBoundaryIs></Polygon></Placemark><Placemark><name>Bosque - 0.02 ha</name><styleUrl>#style_0</styleUrl><Polygon><outerBoundaryIs><LinearRing><coordinates>-66.0491639870458,-17.4042270736524,0 -66.04916108754205,-17.40440761634214,0 -66.0490670620359,-17.404406224444195,0 -66.04906996163172,-17.40422568176979,0 -66.0491639870458,-17.4042270736524,0</coordinates></LinearRing></outerBoundaryIs></Polygon></Placemark><Placemark><name>T_Agricolas - 0.05 ha</name><styleUrl>#style_3</styleUrl><Polygon><outerBoundaryIs><LinearRing><coordinates>-66.0464358024926,-17.404276962232807,0 -66.04642999807574,-17.4046380467151,0 -66.0463359726842,-17.404636653512213,0 -66.04634032614803,-17.40436584017491,0 -66.04624630090332,-17.40436444695084,0 -66.04624775208653,-17.40427417584422,0 -66.0464358024926,-17.404276962232807,0</coordinates></LinearRing></outerBoundaryIs></Polygon></Placemark><Placemark><name>Bosque - 0.03 ha</name><styleUrl>#style_0</styleUrl><Polygon><outerBoundaryIs><LinearRing><coordinates>-66.04934478953568,-17.404681214079023,0 -66.04934044041252,-17.40495202814423,0 -66.04924641461278,-17.404950636288703,0 -66.04925076387403,-17.40467982224649,0 -66.04934478953568,-17.404681214079023,0</coordinates></LinearRing></outerBoundaryIs></Polygon></Placemark><Placemark><name>T_Agricolas - 0.01 ha</name><styleUrl>#style_3</styleUrl><Polygon><outerBoundaryIs><LinearRing><coordinates>-66.04652257239599,-17.4047297109997,0 -66.0465211213073,-17.404819982124682,0 -66.04642709581499,-17.40481858895065,0 -66.04642854694973,-17.404728317833342,0 -66.04652257239599,-17.4047297109997,0</coordinates></LinearRing></outerBoundaryIs></Polygon></Placemark><Placemark><name>Bosque - 0.03 ha</name><styleUrl>#style_0</styleUrl><Polygon><outerBoundaryIs><LinearRing><coordinates>-66.04943446622099,-17.40495341995556,0 -66.04943011715756,-17.405224234035373,0 -66.04933609121099,-17.40522284220105,0 -66.04934044041252,-17.40495202814423,0 -66.04943446622099,-17.40495341995556,0</coordinates></LinearRing></outerBoundaryIs></Polygon></Placemark><Placemark><name>T_Agricolas - 0.01 ha</name><styleUrl>#style_3</styleUrl><Polygon><outerBoundaryIs><LinearRing><coordinates>-66.04661224469683,-17.40500191751702,0 -66.04661079362802,-17.40509218864687,0 -66.0465167679889,-17.405090795494022,0 -66.04651821910375,-17.405000524371843,0 -66.04661224469683,-17.40500191751702,0</coordinates></LinearRing></outerBoundaryIs></Polygon></Placemark><Placemark><name>Pastizales - 0.01 ha</name><styleUrl>#style_2</styleUrl><Polygon><outerBoundaryIs><LinearRing><coordinates>-66.04943011715756,-17.405224234035373,0 -66.04942866745233,-17.405314505393445,0 -66.04933464145972,-17.405313113551458,0 -66.04933609121099,-17.40522284220105,0 -66.04943011715756,-17.405224234035373,0</coordinates></LinearRing></outerBoundaryIs></Polygon></Placemark><Placemark><name>T_Agricolas - 0.01 ha</name><styleUrl>#style_3</styleUrl><Polygon><outerBoundaryIs><LinearRing><coordinates>-66.04660934255047,-17.405182459775787,0 -66.04660789146423,-17.405272730903782,0 -66.04651386573305,-17.40527133773559,0 -66.04651531686532,-17.40518106661527,0 -66.04660934255047,-17.405182459775787,0</coordinates></LinearRing></outerBoundaryIs></Polygon></Placemark><Placemark><name>Bosque - 0.02 ha</name><styleUrl>#style_0</styleUrl><Polygon><outerBoundaryIs><LinearRing><coordinates>-66.04641984001057,-17.405269944523194,0 -66.04641838882353,-17.4053602156349,0 -66.04623033731268,-17.405357429062132,0 -66.04623178859178,-17.405267157965778,0 -66.04641984001057,-17.405269944523194,0</coordinates></LinearRing></outerBoundaryIs></Polygon></Placemark><Placemark><name>Bosque - 0.01 ha</name><styleUrl>#style_0</styleUrl><Polygon><outerBoundaryIs><LinearRing><coordinates>-66.04575875717013,-17.405440732913675,0 -66.04575730564342,-17.405531003969795,0 -66.0456632798526,-17.40552961038072,0 -66.04566473142536,-17.405439339332272,0 -66.04575875717013,-17.405440732913675,0</coordinates></LinearRing></outerBoundaryIs></Polygon></Placemark><Placemark><name>T_Agricolas - 0.01 ha</name><styleUrl>#style_3</styleUrl><Polygon><outerBoundaryIs><LinearRing><coordinates>-66.04895418771797,-17.40557835969505,0 -66.04895273774771,-17.405668631011054,0 -66.04885871161453,-17.40566723891736,0 -66.04886016163081,-17.405576967609022,0 -66.04895418771797,-17.40557835969505,0</coordinates></LinearRing></outerBoundaryIs></Polygon></Placemark><Placemark><name>Infraestructura - 0.01 ha</name><styleUrl>#style_4</styleUrl><Polygon><outerBoundaryIs><LinearRing><coordinates>-66.045567802443,-17.40561848778727,0 -66.04556635080677,-17.405708758826172,0 -66.04547232494133,-17.40570736513334,0 -66.04547377662358,-17.405617094102105,0 -66.045567802443,-17.40561848778727,0</coordinates></LinearRing></outerBoundaryIs></Polygon></Placemark><Placemark><name>Bosque - 0.01 ha</name><styleUrl>#style_0</styleUrl><Polygon><outerBoundaryIs><LinearRing><coordinates>-66.04519169921768,-17.40561291278137,0 -66.04519024739731,-17.405703183789573,0 -66.04509622156675,-17.405701789919902,0 -66.04509767343316,-17.405611518919375,0 -66.04519169921768,-17.40561291278137,0</coordinates></LinearRing></outerBoundaryIs></Polygon></Placemark><Placemark><name>Bosque - 0.19 ha</name><styleUrl>#style_0</styleUrl><Polygon><outerBoundaryIs><LinearRing><coordinates>-66.04933319169974,-17.405403384900925,0 -66.04932594276923,-17.405854741634304,0 -66.04923191650913,-17.40585334970211,0 -66.04922466713069,-17.40630470637383,0 -66.04903661417625,-17.406301922300152,0 -66.0490395141379,-17.406121379664924,0 -66.04913354051868,-17.40612277170854,0 -66.04913934015333,-17.40576168639623,0 -66.0490453139567,-17.405760294383285,0 -66.04904966372932,-17.40548948041226,0 -66.04923771585511,-17.405492264347938,0 -66.04923916566983,-17.40540199300706,0 -66.04933319169974,-17.405403384900925,0</coordinates></LinearRing></outerBoundaryIs></Polygon></Placemark><Placemark><name>T_Agricolas - 0.26 ha</name><styleUrl>#style_3</styleUrl><Polygon><outerBoundaryIs><LinearRing><coordinates>-66.04660644036926,-17.405363002030835,0 -66.04651241459203,-17.40536160885497,0 -66.0465109634423,-17.40545187997342,0 -66.04641693762778,-17.40545048674568,0 -66.04641838882353,-17.4053602156349,0 -66.04594826011179,-17.40535324887144,0 -66.04594680868587,-17.405443519943848,0 -66.04575875717013,-17.405440732913675,0 -66.04575730564342,-17.405531003969795,0 -66.04603938306819,-17.405535184471773,0 -66.0460408344568,-17.405444913392632,0 -66.04622888602485,-17.405447700157566,0 -66.04622598342306,-17.40562824234562,0 -66.04650806111671,-17.405632422207518,0 -66.04650515875623,-17.40581296443789,0 -66.04659918476364,-17.405814357652122,0 -66.0466006359022,-17.40572408652973,0 -66.04678868785106,-17.40572687281022,0 -66.04679013888884,-17.405636601671546,0 -66.04688416483032,-17.405637994737813,0 -66.04688561581334,-17.40554772359054,0 -66.04679158991789,-17.40554633053195,0 -66.04679304093824,-17.405456059391412,0 -66.04660498926556,-17.40545327315696,0 -66.04660644036926,-17.405363002030835,0</coordinates></LinearRing></outerBoundaryIs></Polygon></Placemark><Placemark><name>T_Agricolas - 0.07 ha</name><styleUrl>#style_3</styleUrl><Polygon><outerBoundaryIs><LinearRing><coordinates>-66.0456632798526,-17.40552961038072,0 -66.04566182827112,-17.40561988142823,0 -66.04547377662358,-17.405617094102105,0 -66.04547232494133,-17.40570736513334,0 -66.0453782990846,-17.40570597139629,0 -66.04537684734758,-17.40579624241891,0 -66.04528282145354,-17.405794848629977,0 -66.0452842732366,-17.405704577615037,0 -66.04519024739731,-17.405703183789573,0 -66.04519169921768,-17.40561291278137,0 -66.0453797508129,-17.40561570037273,0 -66.04538120253247,-17.405525429348252,0 -66.0456632798526,-17.40552961038072,0</coordinates></LinearRing></outerBoundaryIs></Polygon></Placemark><Placemark><name>Bosque - 0.11 ha</name><styleUrl>#style_0</styleUrl><Polygon><outerBoundaryIs><LinearRing><coordinates>-66.04575585410798,-17.40562127502498,0 -66.04574859629999,-17.406072630286925,0 -66.04565457023297,-17.4060712366518,0 -66.04565602185805,-17.405980965608954,0 -66.04556199584576,-17.40597957193729,0 -66.04556344750816,-17.405889300901187,0 -66.04546942155064,-17.40588790719299,0 -66.04547232494133,-17.40570736513334,0 -66.04556635080677,-17.405708758826172,0 -66.045567802443,-17.40561848778727,0 -66.04575585410798,-17.40562127502498,0</coordinates></LinearRing></outerBoundaryIs></Polygon></Placemark><Placemark><name>Pastizales - 0.04 ha</name><styleUrl>#style_2</styleUrl><Polygon><outerBoundaryIs><LinearRing><coordinates>-66.04735284390689,-17.405735230590714,0 -66.0473470407735,-17.40609631532018,0 -66.04725301455825,-17.406094922436598,0 -66.0472588178758,-17.405733837737817,0 -66.04735284390689,-17.405735230590714,0</coordinates></LinearRing></outerBoundaryIs></Polygon></Placemark><Placemark><name>Bosque - 0.01 ha</name><styleUrl>#style_0</styleUrl><Polygon><outerBoundaryIs><LinearRing><coordinates>-66.0449081699318,-17.405699002047943,0 -66.04490671796461,-17.40578927303217,0 -66.04481269211418,-17.405787879022203,0 -66.04481414412741,-17.40569760804565,0 -66.0449081699318,-17.405699002047943,0</coordinates></LinearRing></outerBoundaryIs></Polygon></Placemark><Placemark><name>Pastizales - 0.01 ha</name><styleUrl>#style_2</styleUrl><Polygon><outerBoundaryIs><LinearRing><coordinates>-66.04932594276923,-17.405854741634304,0 -66.049324492957,-17.40594501297818,0 -66.04923046665087,-17.405943621038315,0 -66.04923191650913,-17.40585334970211,0 -66.04932594276923,-17.405854741634304,0</coordinates></LinearRing></outerBoundaryIs></Polygon></Placemark><Placemark><name>T_Agricolas - 0.08 ha</name><styleUrl>#style_3</styleUrl><Polygon><outerBoundaryIs><LinearRing><coordinates>-66.04744832066223,-17.405646352207025,0 -66.04735429466845,-17.40564495940601,0 -66.0473470407735,-17.40609631532018,0 -66.04753509323012,-17.406099100954712,0 -66.04753944531701,-17.40582828736299,0 -66.04744541922246,-17.40582689459084,0 -66.04744832066223,-17.405646352207025,0</coordinates></LinearRing></outerBoundaryIs></Polygon></Placemark><Placemark><name>Bosque - 0.01 ha</name><styleUrl>#style_0</styleUrl><Polygon><outerBoundaryIs><LinearRing><coordinates>-66.0446246404395,-17.405785090869635,0 -66.04462318832546,-17.405875361829906,0 -66.04452916245518,-17.40587396767964,0 -66.04453061461524,-17.40578369672705,0 -66.0446246404395,-17.405785090869635,0</coordinates></LinearRing></outerBoundaryIs></Polygon></Placemark><Placemark><name>Pastizales - 0.01 ha</name><styleUrl>#style_2</styleUrl><Polygon><outerBoundaryIs><LinearRing><coordinates>-66.04913644035344,-17.405942229054247,0 -66.04913499044041,-17.406032500381862,0 -66.04904096410567,-17.406031108345918,0 -66.04904241406473,-17.40594083702597,0 -66.04913644035344,-17.405942229054247,0</coordinates></LinearRing></outerBoundaryIs></Polygon></Placemark><Placemark><name>T_Agricolas - 0.01 ha</name><styleUrl>#style_3</styleUrl><Polygon><outerBoundaryIs><LinearRing><coordinates>-66.04913499044041,-17.406032500381862,0 -66.04913354051868,-17.40612277170854,0 -66.0490395141379,-17.406121379664924,0 -66.04904096410567,-17.406031108345918,0 -66.04913499044041,-17.406032500381862,0</coordinates></LinearRing></outerBoundaryIs></Polygon></Placemark><Placemark><name>Bosque - 0.78 ha</name><styleUrl>#style_0</styleUrl><Polygon><outerBoundaryIs><LinearRing><coordinates>-66.04726317027244,-17.40546302420393,0 -66.04688706678763,-17.405457452442334,0 -66.04688416483032,-17.405637994737813,0 -66.04679013888884,-17.405636601671546,0 -66.04678868785106,-17.40572687281022,0 -66.0466006359022,-17.40572408652973,0 -66.04659918476364,-17.405814357652122,0 -66.04650515875623,-17.40581296443789,0 -66.04650806111671,-17.405632422207518,0 -66.04622598342306,-17.40562824234562,0 -66.04622017811481,-17.405989326710543,0 -66.04631420418812,-17.405990720072747,0 -66.04631275288529,-17.40608099116931,0 -66.04640677901337,-17.406082384494976,0 -66.04640532774786,-17.406172655598294,0 -66.04649935393068,-17.406174048887426,0 -66.04649645146559,-17.406354591106595,0 -66.04668450404154,-17.40635737758293,0 -66.04668595518636,-17.406267106458465,0 -66.04706206025872,-17.406272678849927,0 -66.04706351121068,-17.40618240769384,0 -66.04734558996836,-17.406186586500223,0 -66.0473470407735,-17.40609631532018,0 -66.04725301455825,-17.406094922436598,0 -66.0472588178758,-17.405733837737817,0 -66.04735284390689,-17.405735230590714,0 -66.0473557454213,-17.405554688220377,0 -66.04726171948228,-17.405553295382827,0 -66.04726317027244,-17.40546302420393,0</coordinates></LinearRing></outerBoundaryIs></Polygon></Placemark><Placemark><name>T_Agricolas - 0.04 ha</name><styleUrl>#style_3</styleUrl><Polygon><outerBoundaryIs><LinearRing><coordinates>-66.04903806416144,-17.406211650983007,0 -66.04903371417974,-17.406482464931642,0 -66.04893968762352,-17.406481072813154,0 -66.04894113767216,-17.406390801505538,0 -66.04884711117067,-17.40638940935051,0 -66.04884856125665,-17.406299138049633,0 -66.04894258771209,-17.406300530196994,0 -66.04894403774331,-17.406210258887516,0 -66.04903806416144,-17.406211650983007,0</coordinates></LinearRing></outerBoundaryIs></Polygon></Placemark><Placemark><name>Agua - 0.20 ha</name><styleUrl>#style_6</styleUrl><Polygon><outerBoundaryIs><LinearRing><coordinates>-66.04942866745233,-17.405314505393445,0 -66.04941561971333,-17.406126947574112,0 -66.0493215933064,-17.406125555663127,0 -66.04930854444758,-17.406937997699245,0 -66.04921451763504,-17.406936605675057,0 -66.04923046665087,-17.405943621038315,0 -66.049324492957,-17.40594501297818,0 -66.04933464145972,-17.405313113551458,0 -66.04942866745233,-17.405314505393445,0</coordinates></LinearRing></outerBoundaryIs></Polygon></Placemark><Placemark><name>T_Agricolas - 0.20 ha</name><styleUrl>#style_3</styleUrl><Polygon><outerBoundaryIs><LinearRing><coordinates>-66.04856938236462,-17.40611441878373,0 -66.04856213124421,-17.406565775173107,0 -66.04828005159423,-17.406561597998856,0 -66.04828440270694,-17.406290784237047,0 -66.04800232354972,-17.40628660673393,0 -66.04800377404132,-17.40619633550113,0 -66.0480978003723,-17.406197728038713,0 -66.04809925080916,-17.406107456797308,0 -66.04856938236462,-17.40611441878373,0</coordinates></LinearRing></outerBoundaryIs></Polygon></Placemark><Placemark><name>T_Agricolas - 0.76 ha</name><styleUrl>#style_3</styleUrl><Polygon><outerBoundaryIs><LinearRing><coordinates>-66.04462318832546,-17.405875361829906,0 -66.04424708489664,-17.40586978496358,0 -66.04424563258975,-17.405960055892198,0 -66.04396355497163,-17.405955872755225,0 -66.04396210251791,-17.406046143659875,0 -66.04368002484021,-17.406041960101994,0 -66.04367857223966,-17.40613223098267,0 -66.04339649450239,-17.40612804700388,0 -66.04339504175502,-17.406218317860574,0 -66.04311296395818,-17.406214133460853,0 -66.04311151106396,-17.406304404293575,0 -66.04348761499466,-17.406309983435506,0 -66.04348616227585,-17.406400254298013,0 -66.04339213623405,-17.406398859571162,0 -66.04339068346047,-17.406489130425065,0 -66.04348470954831,-17.40649052515959,0 -66.04348325681207,-17.406580796020236,0 -66.04357728295466,-17.40658219071824,0 -66.0435758302557,-17.406672461585636,0 -66.04404596132983,-17.406679434450915,0 -66.04404741379858,-17.40658916354512,0 -66.04423546619724,-17.4065919523664,0 -66.0442369185652,-17.40650168144431,0 -66.04433094473158,-17.40650307578096,0 -66.04433965847991,-17.405961450182772,0 -66.04443368437879,-17.405962844429133,0 -66.044429327682,-17.406233657255466,0 -66.04461737978215,-17.406236445661648,0 -66.04461883193106,-17.40614617470511,0 -66.04471285794818,-17.40614756883421,0 -66.04471431004234,-17.40605729786906,0 -66.04452625810889,-17.406054509582013,0 -66.0445277102864,-17.40596423863129,0 -66.04462173620271,-17.405965632789243,0 -66.04462318832546,-17.405875361829906,0</coordinates></LinearRing></outerBoundaryIs></Polygon></Placemark><Placemark><name>Pastizales - 0.09 ha</name><styleUrl>#style_2</styleUrl><Polygon><outerBoundaryIs><LinearRing><coordinates>-66.04922466713069,-17.40630470637383,0 -66.04921741753448,-17.40675606302223,0 -66.04912339082271,-17.40675467096916,0 -66.04912484080542,-17.40666439964901,0 -66.0490308141484,-17.406663007559402,0 -66.04903661417625,-17.406301922300152,0 -66.04922466713069,-17.40630470637383,0</coordinates></LinearRing></outerBoundaryIs></Polygon></Placemark><Placemark><name>Bosque - 0.06 ha</name><styleUrl>#style_0</styleUrl><Polygon><outerBoundaryIs><LinearRing><coordinates>-66.04828440270694,-17.406290784237047,0 -66.04828005159423,-17.406561597998856,0 -66.04818602506165,-17.40656020551902,0 -66.04818747548731,-17.406469934273687,0 -66.0480934490095,-17.40646854175731,0 -66.04809489947247,-17.406378270518708,0 -66.04800087304942,-17.40637687796579,0 -66.04800232354972,-17.40628660673393,0 -66.04828440270694,-17.406290784237047,0</coordinates></LinearRing></outerBoundaryIs></Polygon></Placemark><Placemark><name>Pastizales - 0.35 ha</name><styleUrl>#style_2</styleUrl><Polygon><outerBoundaryIs><LinearRing><coordinates>-66.04762621812874,-17.406281036110837,0 -66.04743816547054,-17.406278250534037,0 -66.04743671469402,-17.406368521719877,0 -66.04715463563396,-17.406364343000092,0 -66.0471531847106,-17.406454614161987,0 -66.04687110559088,-17.406450435021295,0 -66.0468696545207,-17.406540706159245,0 -66.04677562811885,-17.40653931301625,0 -66.0467741769939,-17.40662958414559,0 -66.04686820344179,-17.406630977296256,0 -66.04686675235416,-17.40672124843233,0 -66.0469607788568,-17.406722641546455,0 -66.0469593278065,-17.406812912689272,0 -66.04714738093,-17.40681569880023,0 -66.04714883188822,-17.40672542764207,0 -66.04752493805566,-17.40673099930277,0 -66.04752638882101,-17.406640728112993,0 -66.04762041533861,-17.406642120909968,0 -66.04762186604923,-17.406551849711587,0 -66.04771589252951,-17.406553242456685,0 -66.04771879383249,-17.40637270004178,0 -66.04762476744428,-17.406371307312018,0 -66.04762621812874,-17.406281036110837,0</coordinates></LinearRing></outerBoundaryIs></Polygon></Placemark><Placemark><name>Pastizales - 0.01 ha</name><styleUrl>#style_2</styleUrl><Polygon><outerBoundaryIs><LinearRing><coordinates>-66.04865615781164,-17.406567167476105,0 -66.04865470760745,-17.40665743875885,0 -66.04856068099399,-17.406656046448184,0 -66.04856213124421,-17.406565775173107,0 -66.04865615781164,-17.406567167476105,0</coordinates></LinearRing></outerBoundaryIs></Polygon></Placemark><Placemark><name>Bosque - 0.05 ha</name><styleUrl>#style_0</styleUrl><Polygon><outerBoundaryIs><LinearRing><coordinates>-66.04856213124421,-17.406565775173107,0 -66.04828005159423,-17.406561597998856,0 -66.04827860120588,-17.40665186925093,0 -66.04846665438924,-17.406654654093305,0 -66.04846520408427,-17.406744925359785,0 -66.04865325739456,-17.40674771004066,0 -66.04865470760745,-17.40665743875885,0 -66.04856068099399,-17.406656046448184,0 -66.04856213124421,-17.406565775173107,0</coordinates></LinearRing></outerBoundaryIs></Polygon></Placemark><Placemark><name>Bosque - 0.11 ha</name><styleUrl>#style_0</styleUrl><Polygon><outerBoundaryIs><LinearRing><coordinates>-66.04912484080542,-17.40666439964901,0 -66.0490308141484,-17.406663007559402,0 -66.04902501398118,-17.407024092803724,0 -66.04911904082235,-17.407025484924002,0 -66.04911759080481,-17.407115756240415,0 -66.04921161770072,-17.40711714832415,0 -66.04921016772052,-17.407207419647303,0 -66.0493041946712,-17.40720881169449,0 -66.04930854444758,-17.406937997699245,0 -66.04921451763504,-17.406936605675057,0 -66.04921741753448,-17.40675606302223,0 -66.04912339082271,-17.40675467096916,0 -66.04912484080542,-17.40666439964901,0</coordinates></LinearRing></outerBoundaryIs></Polygon></Placemark><Placemark><name>Bosque - 0.02 ha</name><styleUrl>#style_0</styleUrl><Polygon><outerBoundaryIs><LinearRing><coordinates>-66.04074923198621,-17.406991683721998,0 -66.04074777786246,-17.407081954354183,0 -66.0405597255574,-17.40707916216915,0 -66.04056117977322,-17.40698889155234,0 -66.04074923198621,-17.406991683721998,0</coordinates></LinearRing></outerBoundaryIs></Polygon></Placemark><Placemark><name>Bosque - 0.05 ha</name><styleUrl>#style_0</styleUrl><Polygon><outerBoundaryIs><LinearRing><coordinates>-66.04921016772052,-17.407207419647303,0 -66.04920436771256,-17.407568504930573,0 -66.04901631346902,-17.407565720642225,0 -66.04901776357616,-17.407475449338136,0 -66.04911179064753,-17.407476841496752,0 -66.04911614077855,-17.4072060275559,0 -66.04921016772052,-17.407207419647303,0</coordinates></LinearRing></outerBoundaryIs></Polygon></Placemark><Placemark><name>Pastizales - 0.05 ha</name><styleUrl>#style_2</styleUrl><Polygon><outerBoundaryIs><LinearRing><coordinates>-66.04056117977322,-17.40698889155234,0 -66.04046715367984,-17.406987495401204,0 -66.04046569941798,-17.40707776601032,0 -66.04027764716533,-17.40707497356002,0 -66.04027619280266,-17.40716524415283,0 -66.04065229752705,-17.407170828907336,0 -66.04065375170556,-17.40708055828377,0 -66.0405597255574,-17.40707916216915,0 -66.04056117977322,-17.40698889155234,0</coordinates></LinearRing></outerBoundaryIs></Polygon></Placemark><Placemark><name>Pastizales - 0.01 ha</name><styleUrl>#style_2</styleUrl><Polygon><outerBoundaryIs><LinearRing><coordinates>-66.03971058133054,-17.407247136240482,0 -66.03970912667415,-17.40733740678528,0 -66.03961510047526,-17.40733601020548,0 -66.03961655517767,-17.407245739668376,0 -66.03971058133054,-17.407247136240482,0</coordinates></LinearRing></outerBoundaryIs></Polygon></Placemark><Placemark><name>T_Agricolas - 0.05 ha</name><styleUrl>#style_3</styleUrl><Polygon><outerBoundaryIs><LinearRing><coordinates>-66.04544474132132,-17.407422514549367,0 -66.04544183759923,-17.407603056573564,0 -66.0452537839609,-17.407600268732853,0 -66.04525523591839,-17.40750999773658,0 -66.04516120915835,-17.407508603757584,0 -66.04516266115317,-17.407418332768042,0 -66.04544474132132,-17.407422514549367,0</coordinates></LinearRing></outerBoundaryIs></Polygon></Placemark><Placemark><name>T_Agricolas - 0.03 ha</name><styleUrl>#style_3</styleUrl><Polygon><outerBoundaryIs><LinearRing><coordinates>-66.03961510047526,-17.40733601020548,0 -66.03961364576409,-17.40742628074166,0 -66.03933156708167,-17.407422090713922,0 -66.03933302193096,-17.407331820200824,0 -66.03961510047526,-17.40733601020548,0</coordinates></LinearRing></outerBoundaryIs></Polygon></Placemark><Placemark><name>Agua - 0.03 ha</name><styleUrl>#style_6</styleUrl><Polygon><outerBoundaryIs><LinearRing><coordinates>-66.04920436771256,-17.407568504930573,0 -66.04920146765633,-17.407749047566604,0 -66.04901341322862,-17.407746263247592,0 -66.04901486335318,-17.407655991945376,0 -66.04910889051664,-17.407657384119318,0 -66.04911034058644,-17.407567112808504,0 -66.04920436771256,-17.407568504930573,0</coordinates></LinearRing></outerBoundaryIs></Polygon></Placemark><Placemark><name>Pastizales - 0.01 ha</name><styleUrl>#style_2</styleUrl><Polygon><outerBoundaryIs><LinearRing><coordinates>-66.04911034058644,-17.407567112808504,0 -66.04910889051664,-17.407657384119318,0 -66.04901486335318,-17.407655991945376,0 -66.04901631346902,-17.407565720642225,0 -66.04911034058644,-17.407567112808504,0</coordinates></LinearRing></outerBoundaryIs></Polygon></Placemark><Placemark><name>T_Agricolas - 0.01 ha</name><styleUrl>#style_3</styleUrl><Polygon><outerBoundaryIs><LinearRing><coordinates>-66.0392375408717,-17.407420693949586,0 -66.03923608596764,-17.407510964454055,0 -66.03914205972035,-17.40750956763782,0 -66.03914351467043,-17.40741929714104,0 -66.0392375408717,-17.407420693949586,0</coordinates></LinearRing></outerBoundaryIs></Polygon></Placemark><Placemark><name>Bosque - 0.01 ha</name><styleUrl>#style_0</styleUrl><Polygon><outerBoundaryIs><LinearRing><coordinates>-66.03914351467043,-17.40741929714104,0 -66.03914205972035,-17.40750956763782,0 -66.03904803348179,-17.40750817077737,0 -66.03904948847793,-17.407417900288287,0 -66.03914351467043,-17.40741929714104,0</coordinates></LinearRing></outerBoundaryIs></Polygon></Placemark><Placemark><name>Bosque - 0.01 ha</name><styleUrl>#style_0</styleUrl><Polygon><outerBoundaryIs><LinearRing><coordinates>-66.04910744043812,-17.407747655429205,0 -66.04910599035088,-17.407837926738154,0 -66.04901196309535,-17.407836534548874,0 -66.04901341322862,-17.407746263247592,0 -66.04910744043812,-17.407747655429205,0</coordinates></LinearRing></outerBoundaryIs></Polygon></Placemark><Placemark><name>T_Agricolas - 0.01 ha</name><styleUrl>#style_3</styleUrl><Polygon><outerBoundaryIs><LinearRing><coordinates>-66.03848096566308,-17.407680329569292,0 -66.0384795103645,-17.407770600009414,0 -66.038385484049,-17.4077692028164,0 -66.03838693939363,-17.40767893238397,0 -66.03848096566308,-17.407680329569292,0</coordinates></LinearRing></outerBoundaryIs></Polygon></Placemark><Placemark><name>Bosque - 0.08 ha</name><styleUrl>#style_0</styleUrl><Polygon><outerBoundaryIs><LinearRing><coordinates>-66.04111515875645,-17.407629162151736,0 -66.04092710582904,-17.407626370228137,0 -66.04092419763468,-17.407806911509248,0 -66.0410182241861,-17.407808307508535,0 -66.0410153160489,-17.407988848801292,0 -66.04110934270112,-17.40799024477174,0 -66.04111079672806,-17.40789997411814,0 -66.041204823343,-17.407901370036683,0 -66.04120773127856,-17.407720828711305,0 -66.04111370475573,-17.407719432808133,0 -66.04111515875645,-17.407629162151736,0</coordinates></LinearRing></outerBoundaryIs></Polygon></Placemark><Placemark><name>T_Agricolas - 0.02 ha</name><styleUrl>#style_3</styleUrl><Polygon><outerBoundaryIs><LinearRing><coordinates>-66.04731802301474,-17.40790173874361,0 -66.04731512104712,-17.408082281065422,0 -66.04722109381902,-17.408080888013075,0 -66.04722399587872,-17.4079003457066,0 -66.04731802301474,-17.40790173874361,0</coordinates></LinearRing></outerBoundaryIs></Polygon></Placemark><Placemark><name>Pastizales - 0.09 ha</name><styleUrl>#style_2</styleUrl><Polygon><outerBoundaryIs><LinearRing><coordinates>-66.03838693939363,-17.40767893238397,0 -66.03819888688098,-17.407676137880703,0 -66.03819743144426,-17.407766408297743,0 -66.03791535260272,-17.407762216188175,0 -66.03791389701915,-17.40785248658119,0 -66.03810194966351,-17.40785528138051,0 -66.03810049416327,-17.407945551787986,0 -66.03819452054462,-17.407946949129027,0 -66.03819597599882,-17.407856678713856,0 -66.03847805505715,-17.40786087044861,0 -66.0384795103645,-17.407770600009414,0 -66.038385484049,-17.4077692028164,0 -66.03838693939363,-17.40767893238397,0</coordinates></LinearRing></outerBoundaryIs></Polygon></Placemark><Placemark><name>T_Agricolas - 0.01 ha</name><styleUrl>#style_3</styleUrl><Polygon><outerBoundaryIs><LinearRing><coordinates>-66.04383757210604,-17.407940437805504,0 -66.04383611941431,-17.408030708681938,0 -66.0437420925089,-17.408029313993676,0 -66.04374354524667,-17.407939043124927,0 -66.04383757210604,-17.407940437805504,0</coordinates></LinearRing></outerBoundaryIs></Polygon></Placemark><Placemark><name>T_Agricolas - 0.05 ha</name><styleUrl>#style_3</styleUrl><Polygon><outerBoundaryIs><LinearRing><coordinates>-66.03847805505715,-17.40786087044861,0 -66.03847659974109,-17.40795114088686,0 -66.03838257333351,-17.407949743678458,0 -66.03838111796264,-17.408040014108092,0 -66.03819306508167,-17.40803721954326,0 -66.03819597599882,-17.407856678713856,0 -66.03847805505715,-17.40786087044861,0</coordinates></LinearRing></outerBoundaryIs></Polygon></Placemark><Placemark><name>Bosque - 0.03 ha</name><styleUrl>#style_0</styleUrl><Polygon><outerBoundaryIs><LinearRing><coordinates>-66.04374354524667,-17.407939043124927,0 -66.04364951839601,-17.407937648400132,0 -66.04364661281966,-17.408118190121336,0 -66.04383466671386,-17.408120979557435,0 -66.04383611941431,-17.408030708681938,0 -66.0437420925089,-17.408029313993676,0 -66.04374354524667,-17.407939043124927,0</coordinates></LinearRing></outerBoundaryIs></Polygon></Placemark><Placemark><name>T_Agricolas - 0.02 ha</name><styleUrl>#style_3</styleUrl><Polygon><outerBoundaryIs><LinearRing><coordinates>-66.03753633605888,-17.40793716681331,0 -66.03753488027365,-17.40802743717368,0 -66.03734682755005,-17.40802464181302,0 -66.03734828342736,-17.40793437146805,0 -66.03753633605888,-17.40793716681331,0</coordinates></LinearRing></outerBoundaryIs></Polygon></Placemark><Placemark><name>Bosque - 0.01 ha</name><styleUrl>#style_0</styleUrl><Polygon><outerBoundaryIs><LinearRing><coordinates>-66.03715877486145,-17.40802184627552,0 -66.0371573188833,-17.40811211660417,0 -66.03706329250608,-17.40811071876141,0 -66.03706474853026,-17.408020448440453,0 -66.03715877486145,-17.40802184627552,0</coordinates></LinearRing></outerBoundaryIs></Polygon></Placemark><Placemark><name>Bosque - 0.03 ha</name><styleUrl>#style_0</styleUrl><Polygon><outerBoundaryIs><LinearRing><coordinates>-66.03696926613759,-17.408109320874424,0 -66.03696635397093,-17.40828986149812,0 -66.0368723275191,-17.40828846355153,0 -66.03687378365287,-17.40819819324785,0 -66.03677975725583,-17.408196795264743,0 -66.03678121342688,-17.408106524967824,0 -66.03696926613759,-17.408109320874424,0</coordinates></LinearRing></outerBoundaryIs></Polygon></Placemark><Placemark><name>Pastizales - 0.04 ha</name><styleUrl>#style_2</styleUrl><Polygon><outerBoundaryIs><LinearRing><coordinates>-66.03687378365287,-17.40819819324785,0 -66.0368723275191,-17.40828846355153,0 -66.03649622179931,-17.408282871323042,0 -66.03649767811723,-17.408192601050153,0 -66.03687378365287,-17.40819819324785,0</coordinates></LinearRing></outerBoundaryIs></Polygon></Placemark><Placemark><name>Bosque - 0.09 ha</name><styleUrl>#style_0</styleUrl><Polygon><outerBoundaryIs><LinearRing><coordinates>-66.04373918700716,-17.408209855728384,0 -66.04355113303833,-17.408207066188492,0 -66.04354532156184,-17.408568149585253,0 -66.04373337589901,-17.40857093918659,0 -66.04373482868914,-17.40848066832344,0 -66.04382885582477,-17.408482063050105,0 -66.04383030856013,-17.408391792178335,0 -66.04373628147054,-17.40839039745935,0 -66.04373918700716,-17.408209855728384,0</coordinates></LinearRing></outerBoundaryIs></Polygon></Placemark><Placemark><name>Bosque - 0.01 ha</name><styleUrl>#style_0</styleUrl><Polygon><outerBoundaryIs><LinearRing><coordinates>-66.0368723275191,-17.40828846355153,0 -66.0368708713766,-17.408378733854285,0 -66.0367768448875,-17.40837733585578,0 -66.03677830107604,-17.408287065560724,0 -66.0368723275191,-17.40828846355153,0</coordinates></LinearRing></outerBoundaryIs></Polygon></Placemark><Placemark><name>Pastizales - 0.01 ha</name><styleUrl>#style_2</styleUrl><Polygon><outerBoundaryIs><LinearRing><coordinates>-66.03649622179931,-17.408282871323042,0 -66.03649476547265,-17.408373141595,0 -66.03640073901852,-17.408371743419647,0 -66.03640219539123,-17.408281473155387,0 -66.03649622179931,-17.408282871323042,0</coordinates></LinearRing></outerBoundaryIs></Polygon></Placemark><Placemark><name>T_Agricolas - 0.01 ha</name><styleUrl>#style_3</styleUrl><Polygon><outerBoundaryIs><LinearRing><coordinates>-66.03640219539123,-17.408281473155387,0 -66.03640073901852,-17.408371743419647,0 -66.03630671257315,-17.408370345200076,0 -66.0363081689919,-17.408280074943523,0 -66.03640219539123,-17.408281473155387,0</coordinates></LinearRing></outerBoundaryIs></Polygon></Placemark><Placemark><name>Bosque - 0.01 ha</name><styleUrl>#style_0</styleUrl><Polygon><outerBoundaryIs><LinearRing><coordinates>-66.0363081689919,-17.408280074943523,0 -66.03630671257315,-17.408370345200076,0 -66.03621268613654,-17.4083689469363,0 -66.03621414260132,-17.408278676687445,0 -66.0363081689919,-17.408280074943523,0</coordinates></LinearRing></outerBoundaryIs></Polygon></Placemark><Placemark><name>T_Agricolas - 0.15 ha</name><styleUrl>#style_3</styleUrl><Polygon><outerBoundaryIs><LinearRing><coordinates>-66.03706329250608,-17.40811071876141,0 -66.03696926613759,-17.408109320874424,0 -66.03696635397093,-17.40828986149812,0 -66.0368723275191,-17.40828846355153,0 -66.03686795906536,-17.408559274456977,0 -66.03724406547762,-17.40856486607043,0 -66.03724843337885,-17.408294055072606,0 -66.0371544069008,-17.408292657258663,0 -66.03715586289643,-17.40820238693188,0 -66.03706183647316,-17.40820098908142,0 -66.03706329250608,-17.40811071876141,0</coordinates></LinearRing></outerBoundaryIs></Polygon></Placemark><Placemark><name>T_Agricolas - 0.12 ha</name><styleUrl>#style_3</styleUrl><Polygon><outerBoundaryIs><LinearRing><coordinates>-66.03677830107604,-17.408287065560724,0 -66.03649622179931,-17.408282871323042,0 -66.03649476547265,-17.408373141595,0 -66.03640073901852,-17.408371743419647,0 -66.03639928263706,-17.40846201368296,0 -66.03649330913723,-17.408463411866013,0 -66.03649039644016,-17.408643952405253,0 -66.0367724762694,-17.408648146735327,0 -66.03677538869022,-17.408467606149895,0 -66.0366813621638,-17.40846620809948,0 -66.03668281840713,-17.408375937813066,0 -66.0367768448875,-17.40837733585578,0 -66.03677830107604,-17.408287065560724,0</coordinates></LinearRing></outerBoundaryIs></Polygon></Placemark><Placemark><name>Bosque - 0.24 ha</name><styleUrl>#style_0</styleUrl><Polygon><outerBoundaryIs><LinearRing><coordinates>-66.04598857897336,-17.40869467165401,0 -66.04598277211095,-17.409055755830614,0 -66.04588874449841,-17.40905436207484,0 -66.04588729271497,-17.409144633108987,0 -66.04560520979153,-17.409140451553345,0 -66.04560666171312,-17.409050180542227,0 -66.04551263413548,-17.40904878660959,0 -66.04551553804458,-17.408868244599905,0 -66.04542151056772,-17.4088668506384,0 -66.04542296255525,-17.40877657963984,0 -66.04551698998604,-17.408777973593658,0 -66.04551844191879,-17.40868770258649,0 -66.04598857897336,-17.40869467165401,0</coordinates></LinearRing></outerBoundaryIs></Polygon></Placemark><Placemark><name>Bosque - 0.01 ha</name><styleUrl>#style_0</styleUrl><Polygon><outerBoundaryIs><LinearRing><coordinates>-66.04673789603709,-17.40888636207578,0 -66.04673644468548,-17.408976633180856,0 -66.04664241704923,-17.408975239786493,0 -66.04664386844689,-17.408884968689083,0 -66.04673789603709,-17.40888636207578,0</coordinates></LinearRing></outerBoundaryIs></Polygon></Placemark><Placemark><name>T_Agricolas - 0.08 ha</name><styleUrl>#style_3</styleUrl><Polygon><outerBoundaryIs><LinearRing><coordinates>-66.04655274372664,-17.408703033075916,0 -66.046364688774,-17.408700246112147,0 -66.04636033419281,-17.408971059338093,0 -66.0464543618029,-17.408972452865108,0 -66.04645291030445,-17.409062723946228,0 -66.0465469379693,-17.409064117436706,0 -66.04654838942172,-17.408973846347912,0 -66.04664241704923,-17.408975239786493,0 -66.04664386844689,-17.408884968689083,0 -66.0465498408654,-17.40888357525818,0 -66.04655274372664,-17.408703033075916,0</coordinates></LinearRing></outerBoundaryIs></Polygon></Placemark><Placemark><name>Bosque - 0.01 ha</name><styleUrl>#style_0</styleUrl><Polygon><outerBoundaryIs><LinearRing><coordinates>-66.04664241704923,-17.408975239786493,0 -66.04664096564288,-17.40906551088296,0 -66.0465469379693,-17.409064117436706,0 -66.04654838942172,-17.408973846347912,0 -66.04664241704923,-17.408975239786493,0</coordinates></LinearRing></outerBoundaryIs></Polygon></Placemark><Placemark><name>T_Agricolas - 0.02 ha</name><styleUrl>#style_3</styleUrl><Polygon><outerBoundaryIs><LinearRing><coordinates>-66.04645291030445,-17.409062723946228,0 -66.04645145879726,-17.40915299502642,0 -66.04626340340161,-17.409150207897483,0 -66.0462648550009,-17.409059936832634,0 -66.04645291030445,-17.409062723946228,0</coordinates></LinearRing></outerBoundaryIs></Polygon></Placemark><Placemark><name>T_Agricolas - 0.01 ha</name><styleUrl>#style_3</styleUrl><Polygon><outerBoundaryIs><LinearRing><coordinates>-66.04560666171312,-17.409050180542227,0 -66.04560520979153,-17.409140451553345,0 -66.04551118216784,-17.409139057613032,0 -66.04551263413548,-17.40904878660959,0 -66.04560666171312,-17.409050180542227,0</coordinates></LinearRing></outerBoundaryIs></Polygon></Placemark><Placemark><name>Pastizales - 0.01 ha</name><styleUrl>#style_2</styleUrl><Polygon><outerBoundaryIs><LinearRing><coordinates>-66.03413390415568,-17.40897006447681,0 -66.03413244660793,-17.409060334548734,0 -66.03403842000426,-17.40905893520641,0 -66.03403987759805,-17.408968665142194,0 -66.03413390415568,-17.40897006447681,0</coordinates></LinearRing></outerBoundaryIs></Polygon></Placemark><Placemark><name>T_Agricolas - 0.01 ha</name><styleUrl>#style_3</styleUrl><Polygon><outerBoundaryIs><LinearRing><coordinates>-66.03403987759805,-17.408968665142194,0 -66.03403842000426,-17.40905893520641,0 -66.03394439340934,-17.40905753581987,0 -66.03394585104917,-17.408967265763362,0 -66.03403987759805,-17.408968665142194,0</coordinates></LinearRing></outerBoundaryIs></Polygon></Placemark><Placemark><name>Pastizales - 0.02 ha</name><styleUrl>#style_2</styleUrl><Polygon><outerBoundaryIs><LinearRing><coordinates>-66.03385036682319,-17.409056136389115,0 -66.03384890912857,-17.40914640643698,0 -66.03366085589043,-17.409143607427417,0 -66.03366231367713,-17.409053337394962,0 -66.03385036682319,-17.409056136389115,0</coordinates></LinearRing></outerBoundaryIs></Polygon></Placemark><Placemark><name>Pastizales - 0.02 ha</name><styleUrl>#style_2</styleUrl><Polygon><outerBoundaryIs><LinearRing><coordinates>-66.03366085589043,-17.409143607427417,0 -66.03365939809495,-17.409233877458938,0 -66.03347134479976,-17.409231078257104,0 -66.03347280268731,-17.409140808240984,0 -66.03366085589043,-17.409143607427417,0</coordinates></LinearRing></outerBoundaryIs></Polygon></Placemark><Placemark><name>Suelo_Desnudo - 0.01 ha</name><styleUrl>#style_5</styleUrl><Polygon><outerBoundaryIs><LinearRing><coordinates>-66.03347280268731,-17.409140808240984,0 -66.03347134479976,-17.409231078257104,0 -66.0333773181653,-17.40922967858986,0 -66.03337877609889,-17.409139408581453,0 -66.03347280268731,-17.409140808240984,0</coordinates></LinearRing></outerBoundaryIs></Polygon></Placemark><Placemark><name>T_Agricolas - 0.07 ha</name><styleUrl>#style_3</styleUrl><Polygon><outerBoundaryIs><LinearRing><coordinates>-66.04522619511137,-17.40931541748481,0 -66.04494411209483,-17.40931123495455,0 -66.04494265982476,-17.409401505909138,0 -66.04484863212397,-17.409400111636273,0 -66.04484717979913,-17.409490382582238,0 -66.04503523530151,-17.4094931710991,0 -66.04503668753426,-17.409402900137778,0 -66.04513071525248,-17.409404294322208,0 -66.04512926306577,-17.40949456529121,0 -66.04531731862049,-17.409497353542772,0 -66.0453187707151,-17.409407082558417,0 -66.04522474297944,-17.409405688462424,0 -66.04522619511137,-17.40931541748481,0</coordinates></LinearRing></outerBoundaryIs></Polygon></Placemark><Placemark><name>Bosque - 0.52 ha</name><styleUrl>#style_0</styleUrl><Polygon><outerBoundaryIs><LinearRing><coordinates>-66.04409931619206,-17.409208414089655,0 -66.04391126114044,-17.409205624734522,0 -66.0439069028107,-17.40947643734486,0 -66.04400093047029,-17.409477832067576,0 -66.04399657220014,-17.40974864469255,0 -66.04390254440243,-17.409747249946786,0 -66.04390109158223,-17.40983752081224,0 -66.04399511942599,-17.409838915565675,0 -66.04399366664309,-17.409929186437864,0 -66.0443697782896,-17.409934765040152,0 -66.0443712308883,-17.409844494137236,0 -66.04474734249023,-17.409850072001312,0 -66.04474879489602,-17.409759801066752,0 -66.04484282277225,-17.409761195414543,0 -66.04484427512327,-17.409670924471378,0 -66.04512635866621,-17.409675107226413,0 -66.04512781087035,-17.40958483625928,0 -66.04522183868939,-17.40958623041485,0 -66.04522329083878,-17.409495959439102,0 -66.04512926306577,-17.40949456529121,0 -66.04513071525248,-17.409404294322208,0 -66.04503668753426,-17.409402900137778,0 -66.04503523530151,-17.4094931710991,0 -66.04484717979913,-17.409490382582238,0 -66.04484863212397,-17.409400111636273,0 -66.04475460443192,-17.40939871731919,0 -66.04475315206102,-17.40948898825748,0 -66.04447106889907,-17.409484805017897,0 -66.0444696163813,-17.40957507593222,0 -66.04437558863206,-17.409573681422913,0 -66.04437413605953,-17.409663952328618,0 -66.04418608049511,-17.409661163161996,0 -66.04419189110124,-17.409300079594985,0 -66.04409786351628,-17.409298684976058,0 -66.04409931619206,-17.409208414089655,0</coordinates></LinearRing></outerBoundaryIs></Polygon></Placemark><Placemark><name>Bosque - 0.22 ha</name><styleUrl>#style_0</styleUrl><Polygon><outerBoundaryIs><LinearRing><coordinates>-66.03930392328496,-17.40913723028536,0 -66.03920989620018,-17.409135833374876,0 -66.03920844113007,-17.409226103861602,0 -66.03902038689462,-17.4092233098926,0 -66.03901456615841,-17.409584391768636,0 -66.03910859345595,-17.409585788806016,0 -66.03910713829609,-17.409676059280386,0 -66.03938922037926,-17.409680250150302,0 -66.03939067540098,-17.40958997965286,0 -66.03948470273347,-17.409591376513376,0 -66.03948761265862,-17.409410835500303,0 -66.03939358541821,-17.40940943865517,0 -66.03939649540047,-17.40922889765374,0 -66.0393024682609,-17.40922750077978,0 -66.03930392328496,-17.40913723028536,0</coordinates></LinearRing></outerBoundaryIs></Polygon></Placemark><Placemark><name>T_Agricolas - 0.02 ha</name><styleUrl>#style_3</styleUrl><Polygon><outerBoundaryIs><LinearRing><coordinates>-66.03299975358847,-17.40931434945537,0 -66.03299829545318,-17.409404619431065,0 -66.03281024209642,-17.409401819579386,0 -66.03281170032379,-17.409311549619105,0 -66.03299975358847,-17.40931434945537,0</coordinates></LinearRing></outerBoundaryIs></Polygon></Placemark><Placemark><name>T_Agricolas - 0.05 ha</name><styleUrl>#style_3</styleUrl><Polygon><outerBoundaryIs><LinearRing><coordinates>-66.04531586651716,-17.409587624526193,0 -66.0453144144051,-17.409677895508683,0 -66.04522038653128,-17.409676501389658,0 -66.04521893436447,-17.409766772363536,0 -66.04493685065722,-17.40976258971812,0 -66.0449383029622,-17.40967231876727,0 -66.04512635866621,-17.409675107226413,0 -66.04512781087035,-17.40958483625928,0 -66.04531586651716,-17.409587624526193,0</coordinates></LinearRing></outerBoundaryIs></Polygon></Placemark><Placemark><name>T_Agricolas - 0.01 ha</name><styleUrl>#style_3</styleUrl><Polygon><outerBoundaryIs><LinearRing><coordinates>-66.03281024209642,-17.409401819579386,0 -66.03280878386028,-17.40949208953873,0 -66.032714757149,-17.409490689538853,0 -66.03271621543117,-17.40940041958722,0 -66.03281024209642,-17.409401819579386,0</coordinates></LinearRing></outerBoundaryIs></Polygon></Placemark><Placemark><name>Pastizales - 0.01 ha</name><styleUrl>#style_2</styleUrl><Polygon><outerBoundaryIs><LinearRing><coordinates>-66.03271621543117,-17.40940041958722,0 -66.032714757149,-17.409490689538853,0 -66.03262073044645,-17.40948928949476,0 -66.03262218877468,-17.409399019550836,0 -66.03271621543117,-17.40940041958722,0</coordinates></LinearRing></outerBoundaryIs></Polygon></Placemark><Placemark><name>Bosque - 0.01 ha</name><styleUrl>#style_0</styleUrl><Polygon><outerBoundaryIs><LinearRing><coordinates>-66.03262218877468,-17.409399019550836,0 -66.03262073044645,-17.40948928949476,0 -66.03252670375268,-17.409487889406464,0 -66.03252816212695,-17.409397619470237,0 -66.03262218877468,-17.409399019550836,0</coordinates></LinearRing></outerBoundaryIs></Polygon></Placemark><Placemark><name>Infraestructura - 0.01 ha</name><styleUrl>#style_4</styleUrl><Polygon><outerBoundaryIs><LinearRing><coordinates>-66.0449383029622,-17.40967231876727,0 -66.04493685065722,-17.40976258971812,0 -66.04484282277225,-17.409761195414543,0 -66.04484427512327,-17.409670924471378,0 -66.0449383029622,-17.40967231876727,0</coordinates></LinearRing></outerBoundaryIs></Polygon></Placemark><Placemark><name>T_Agricolas - 0.01 ha</name><styleUrl>#style_3</styleUrl><Polygon><outerBoundaryIs><LinearRing><coordinates>-66.03252670375268,-17.409487889406464,0 -66.03252524536965,-17.40957815934174,0 -66.03243121863859,-17.40957675920151,0 -66.03243267706766,-17.409486489273934,0 -66.03252670375268,-17.409487889406464,0</coordinates></LinearRing></outerBoundaryIs></Polygon></Placemark><Placemark><name>Pastizales - 0.02 ha</name><styleUrl>#style_2</styleUrl><Polygon><outerBoundaryIs><LinearRing><coordinates>-66.03243267706766,-17.409486489273934,0 -66.03243121863859,-17.40957675920151,0 -66.03224316520276,-17.409573958788396,0 -66.03224462372391,-17.40948368887625,0 -66.03243267706766,-17.409486489273934,0</coordinates></LinearRing></outerBoundaryIs></Polygon></Placemark><Placemark><name>Bosque - 0.01 ha</name><styleUrl>#style_0</styleUrl><Polygon><outerBoundaryIs><LinearRing><coordinates>-66.04503087855092,-17.409763983977477,0 -66.04502942628326,-17.409854254935066,0 -66.04493539834353,-17.409852860668032,0 -66.04493685065722,-17.40976258971812,0 -66.04503087855092,-17.409763983977477,0</coordinates></LinearRing></outerBoundaryIs></Polygon></Placemark><Placemark><name>T_Agricolas - 0.02 ha</name><styleUrl>#style_3</styleUrl><Polygon><outerBoundaryIs><LinearRing><coordinates>-66.04493685065722,-17.40976258971812,0 -66.04493539834353,-17.409852860668032,0 -66.04474734249023,-17.409850072001312,0 -66.04474879489602,-17.409759801066752,0 -66.04493685065722,-17.40976258971812,0</coordinates></LinearRing></outerBoundaryIs></Polygon></Placemark><Placemark><name>Pastizales - 0.03 ha</name><styleUrl>#style_2</styleUrl><Polygon><outerBoundaryIs><LinearRing><coordinates>-66.03224316520276,-17.409573958788396,0 -66.03224170667283,-17.40966422869962,0 -66.03195962644665,-17.409660027725202,0 -66.0319610851147,-17.40956975783711,0 -66.03224316520276,-17.409573958788396,0</coordinates></LinearRing></outerBoundaryIs></Polygon></Placemark><Placemark><name>Bosque - 0.01 ha</name><styleUrl>#style_0</styleUrl><Polygon><outerBoundaryIs><LinearRing><coordinates>-66.04484137041253,-17.40985146635678,0 -66.04483991804406,-17.409941737298084,0 -66.04474589007572,-17.409940342934934,0 -66.04474734249023,-17.409850072001312,0 -66.04484137041253,-17.40985146635678,0</coordinates></LinearRing></outerBoundaryIs></Polygon></Placemark><Placemark><name>T_Agricolas - 0.01 ha</name><styleUrl>#style_3</styleUrl><Polygon><outerBoundaryIs><LinearRing><coordinates>-66.04474734249023,-17.409850072001312,0 -66.04474589007572,-17.409940342934934,0 -66.04465186211611,-17.409938948527568,0 -66.04465331457666,-17.409848677601616,0 -66.04474734249023,-17.409850072001312,0</coordinates></LinearRing></outerBoundaryIs></Polygon></Placemark><Placemark><name>Bosque - 0.05 ha</name><styleUrl>#style_0</styleUrl><Polygon><outerBoundaryIs><LinearRing><coordinates>-66.04221004553598,-17.40972213696189,0 -66.0421160179041,-17.409720741375992,0 -66.04211311050516,-17.409901282814012,0 -66.04220713822912,-17.40990267841528,0 -66.04220568456259,-17.40999294914057,0 -66.04239374012882,-17.409995740225813,0 -66.04239519370324,-17.409905469485157,0 -66.04230116596182,-17.409904073972328,0 -66.04230261957356,-17.409813803238418,0 -66.0422085918869,-17.409812407689053,0 -66.04221004553598,-17.40972213696189,0</coordinates></LinearRing></outerBoundaryIs></Polygon></Placemark><Placemark><name>Bosque - 0.01 ha</name><styleUrl>#style_0</styleUrl><Polygon><outerBoundaryIs><LinearRing><coordinates>-66.04060721366011,-17.40996921777468,0 -66.04060575920204,-17.41005948836837,0 -66.04051173153447,-17.410058092000018,0 -66.04051318603857,-17.409967821414018,0 -66.04060721366011,-17.40996921777468,0</coordinates></LinearRing></outerBoundaryIs></Polygon></Placemark><Placemark><name>T_Agricolas - 0.18 ha</name><styleUrl>#style_3</styleUrl><Polygon><outerBoundaryIs><LinearRing><coordinates>-66.03684757190706,-17.40982305857125,0 -66.03637743586545,-17.409816067520683,0 -66.03637452281383,-17.409996608016503,0 -66.03656257738841,-17.409999404600182,0 -66.03656112094158,-17.410089674862082,0 -66.03665514828805,-17.410091073095295,0 -66.03665369187851,-17.410181343363966,0 -66.03693577410851,-17.410185537821388,0 -66.03694014289646,-17.40991472694328,0 -66.03684611561584,-17.40991332885812,0 -66.03684757190706,-17.40982305857125,0</coordinates></LinearRing></outerBoundaryIs></Polygon></Placemark><Placemark><name>T_Agricolas - 0.03 ha</name><styleUrl>#style_3</styleUrl><Polygon><outerBoundaryIs><LinearRing><coordinates>-66.0431459627429,-17.410006902798067,0 -66.04305193488558,-17.410005507631304,0 -66.0430490283552,-17.410186049217394,0 -66.04323708426276,-17.41018883953744,0 -66.04323853744022,-17.410098568729495,0 -66.04314450952812,-17.41009717359927,0 -66.0431459627429,-17.410006902798067,0</coordinates></LinearRing></outerBoundaryIs></Polygon></Placemark><Placemark><name>Bosque - 0.02 ha</name><styleUrl>#style_0</styleUrl><Polygon><outerBoundaryIs><LinearRing><coordinates>-66.04342514020522,-17.4101916296806,0 -66.04342368711113,-17.410281900502977,0 -66.04323563107657,-17.41027911034445,0 -66.04323708426276,-17.41018883953744,0 -66.04342514020522,-17.4101916296806,0</coordinates></LinearRing></outerBoundaryIs></Polygon></Placemark><Placemark><name>Bosque - 0.01 ha</name><styleUrl>#style_0</styleUrl><Polygon><outerBoundaryIs><LinearRing><coordinates>-66.03957000036586,-17.41013439639264,0 -66.03956854538379,-17.410224666899865,0 -66.03947451772024,-17.41022327002972,0 -66.03947597274835,-17.410132999530187,0 -66.03957000036586,-17.41013439639264,0</coordinates></LinearRing></outerBoundaryIs></Polygon></Placemark><Placemark><name>T_Agricolas - 0.07 ha</name><styleUrl>#style_3</styleUrl><Polygon><outerBoundaryIs><LinearRing><coordinates>-66.0328014925482,-17.40994343932145,0 -66.03251941174993,-17.409939239073534,0 -66.03251649488752,-17.410119778933826,0 -66.03289260300443,-17.410125379237613,0 -66.03289406125583,-17.410035109277096,0 -66.03280003425951,-17.410033709275183,0 -66.0328014925482,-17.40994343932145,0</coordinates></LinearRing></outerBoundaryIs></Polygon></Placemark><Placemark><name>Bosque - 0.01 ha</name><styleUrl>#style_0</styleUrl><Polygon><outerBoundaryIs><LinearRing><coordinates>-66.03966257305609,-17.410226063725776,0 -66.03966111811134,-17.410316334239763,0 -66.03956709039299,-17.41031493740615,0 -66.03956854538379,-17.410224666899865,0 -66.03966257305609,-17.410226063725776,0</coordinates></LinearRing></outerBoundaryIs></Polygon></Placemark><Placemark><name>Infraestructura - 0.06 ha</name><styleUrl>#style_4</styleUrl><Polygon><outerBoundaryIs><LinearRing><coordinates>-66.03063595640566,-17.410091766802733,0 -66.03063157828353,-17.41036257612343,0 -66.03044352435188,-17.41035977389125,0 -66.03044790275027,-17.410088964616847,0 -66.03063595640566,-17.410091766802733,0</coordinates></LinearRing></outerBoundaryIs></Polygon></Placemark><Placemark><name>Pastizales - 0.07 ha</name><styleUrl>#style_2</styleUrl><Polygon><outerBoundaryIs><LinearRing><coordinates>-66.03044790275027,-17.410088964616847,0 -66.03044498382677,-17.41026950413405,0 -66.03016290313317,-17.4102653004773,0 -66.03016144352013,-17.410355570211358,0 -66.03006741659375,-17.410354168896287,0 -66.03006887625283,-17.410263899169948,0 -66.02997484938126,-17.410262497818383,0 -66.02997630907764,-17.41017222809883,0 -66.03035241643232,-17.41017783320893,0 -66.03035387593573,-17.41008756345758,0 -66.03044790275027,-17.410088964616847,0</coordinates></LinearRing></outerBoundaryIs></Polygon></Placemark><Placemark><name>Bosque - 0.01 ha</name><styleUrl>#style_0</styleUrl><Polygon><outerBoundaryIs><LinearRing><coordinates>-66.03035387593573,-17.41008756345758,0 -66.03035241643232,-17.41017783320893,0 -66.0302583895805,-17.410176431997733,0 -66.03025984912996,-17.410086162254093,0 -66.03035387593573,-17.41008756345758,0</coordinates></LinearRing></outerBoundaryIs></Polygon></Placemark><Placemark><name>Bosque - 0.01 ha</name><styleUrl>#style_0</styleUrl><Polygon><outerBoundaryIs><LinearRing><coordinates>-66.02950325521958,-17.41034576007732,0 -66.02950179527545,-17.410436029756426,0 -66.02940776836441,-17.41043462812411,0 -66.02940922835458,-17.41034435845273,0 -66.02950325521958,-17.41034576007732,0</coordinates></LinearRing></outerBoundaryIs></Polygon></Placemark><Placemark><name>T_Agricolas - 0.02 ha</name><styleUrl>#style_3</styleUrl><Polygon><outerBoundaryIs><LinearRing><coordinates>-66.03542550833825,-17.410524243448045,0 -66.03542405128634,-17.410614513611943,0 -66.0352359962771,-17.410611715859208,0 -66.03523745342109,-17.410521445710724,0 -66.03542550833825,-17.410524243448045,0</coordinates></LinearRing></outerBoundaryIs></Polygon></Placemark><Placemark><name>Pastizales - 0.02 ha</name><styleUrl>#style_2</styleUrl><Polygon><outerBoundaryIs><LinearRing><coordinates>-66.02931374146212,-17.41043322644759,0 -66.02931228141712,-17.41052349611032,0 -66.02912422754676,-17.41052069260918,0 -66.02912568768386,-17.410430422961888,0 -66.02931374146212,-17.41043322644759,0</coordinates></LinearRing></outerBoundaryIs></Polygon></Placemark><Placemark><name>T_Agricolas - 0.01 ha</name><styleUrl>#style_3</styleUrl><Polygon><outerBoundaryIs><LinearRing><coordinates>-66.0355180788041,-17.410615912421978,0 -66.03551662178948,-17.41070618259264,0 -66.0354225942257,-17.410704783774893,0 -66.03542405128634,-17.410614513611943,0 -66.0355180788041,-17.410615912421978,0</coordinates></LinearRing></outerBoundaryIs></Polygon></Placemark><Placemark><name>Bosque - 0.12 ha</name><styleUrl>#style_0</styleUrl><Polygon><outerBoundaryIs><LinearRing><coordinates>-66.03523745342109,-17.410521445710724,0 -66.03504939853894,-17.41051864779652,0 -66.03504502680441,-17.410789458192962,0 -66.03513905437924,-17.410790857195284,0 -66.03513613993789,-17.41097139747031,0 -66.03523016761359,-17.41097279644382,0 -66.03523308196284,-17.410792256153382,0 -66.03542113715628,-17.410795053936923,0 -66.03542405128634,-17.410614513611943,0 -66.0352359962771,-17.410611715859208,0 -66.03523745342109,-17.410521445710724,0</coordinates></LinearRing></outerBoundaryIs></Polygon></Placemark><Placemark><name>T_Agricolas - 0.14 ha</name><styleUrl>#style_3</styleUrl><Polygon><outerBoundaryIs><LinearRing><coordinates>-66.03270163221518,-17.41030311906154,0 -66.03260760509825,-17.41030171894807,0 -66.03260177138239,-17.4106627986808,0 -66.03269579868352,-17.41066419882511,0 -66.03269434027872,-17.41075446876367,0 -66.03278836763467,-17.410755868871473,0 -66.03278690926714,-17.410846138816805,0 -66.03288093667788,-17.410847538888095,0 -66.03288239499936,-17.410757268935054,0 -66.03297642237281,-17.41075866895442,0 -66.0329793388974,-17.41057812903012,0 -66.03288531161603,-17.41057672902617,0 -66.03288676991123,-17.41048645907033,0 -66.03279274268466,-17.410485059029874,0 -66.03279420101715,-17.410394789080804,0 -66.03270017384541,-17.41039338900384,0 -66.03270163221518,-17.41030311906154,0</coordinates></LinearRing></outerBoundaryIs></Polygon></Placemark><Placemark><name>Matorrales - 0.01 ha</name><styleUrl>#style_1</styleUrl><Polygon><outerBoundaryIs><LinearRing><coordinates>-66.03551662178948,-17.41070618259264,0 -66.03551516476612,-17.410796452762362,0 -66.03542113715628,-17.410795053936923,0 -66.0354225942257,-17.410704783774893,0 -66.03551662178948,-17.41070618259264,0</coordinates></LinearRing></outerBoundaryIs></Polygon></Placemark><Placemark><name>Pastizales - 0.06 ha</name><styleUrl>#style_2</styleUrl><Polygon><outerBoundaryIs><LinearRing><coordinates>-66.02902874043284,-17.410609560430924,0 -66.02884068652301,-17.410606756649035,0 -66.02883922623025,-17.410697026271308,0 -66.02893325322681,-17.41069842819208,0 -66.02892887243401,-17.41096923707644,0 -66.0290228995775,-17.410970638976146,0 -66.02902582002272,-17.41079009970541,0 -66.02911984708287,-17.410791501545457,0 -66.02912130724627,-17.41070123190097,0 -66.02902728023217,-17.410699830068634,0 -66.02902874043284,-17.410609560430924,0</coordinates></LinearRing></outerBoundaryIs></Polygon></Placemark><Placemark><name>Bosque - 0.21 ha</name><styleUrl>#style_0</styleUrl><Polygon><outerBoundaryIs><LinearRing><coordinates>-66.03561064936204,-17.410707581366154,0 -66.03551662178948,-17.41070618259264,0 -66.03551516476612,-17.410796452762362,0 -66.03542113715628,-17.410795053936923,0 -66.03541822299123,-17.41097559425817,0 -66.03551225069317,-17.410976993099013,0 -66.03551079364355,-17.41106726326594,0 -66.03579287694006,-17.41107145954626,0 -66.03579142001983,-17.41116172973535,0 -66.0362615592526,-17.411168722689983,0 -66.03626447262377,-17.410988182233847,0 -66.03579433385151,-17.410981189356225,0 -66.03579579075422,-17.41089091916526,0 -66.03570176307208,-17.41088952046478,0 -66.03570322001208,-17.410799250280583,0 -66.03560919238474,-17.41079785154358,0 -66.03561064936204,-17.410707581366154,0</coordinates></LinearRing></outerBoundaryIs></Polygon></Placemark><Placemark><name>T_Agricolas - 0.03 ha</name><styleUrl>#style_3</styleUrl><Polygon><outerBoundaryIs><LinearRing><coordinates>-66.0363570437693,-17.411079850912945,0 -66.03635267381132,-17.411350661616037,0 -66.03625864584643,-17.411349263142377,0 -66.03626301594255,-17.411078452462384,0 -66.0363570437693,-17.411079850912945,0</coordinates></LinearRing></outerBoundaryIs></Polygon></Placemark><Placemark><name>Pastizales - 0.01 ha</name><styleUrl>#style_2</styleUrl><Polygon><outerBoundaryIs><LinearRing><coordinates>-66.03522579602405,-17.411243606872464,0 -66.03522433881004,-17.411333877013476,0 -66.03513031095014,-17.41133247800916,0 -66.0351317682102,-17.41124220787585,0 -66.03522579602405,-17.411243606872464,0</coordinates></LinearRing></outerBoundaryIs></Polygon></Placemark><Placemark><name>Pastizales - 0.01 ha</name><styleUrl>#style_2</styleUrl><Polygon><outerBoundaryIs><LinearRing><coordinates>-66.03052441605917,-17.41117360287163,0 -66.03052295654267,-17.411263872627202,0 -66.03042892912073,-17.41126247141186,0 -66.0304303886833,-17.411172201664,0 -66.03052441605917,-17.41117360287163,0</coordinates></LinearRing></outerBoundaryIs></Polygon></Placemark><Placemark><name>Bosque - 0.28 ha</name><styleUrl>#style_0</styleUrl><Polygon><outerBoundaryIs><LinearRing><coordinates>-66.04011816401035,-17.411135752674433,0 -66.04011379957848,-17.41140656430093,0 -66.04001977126383,-17.411405167596126,0 -66.04001831638966,-17.411495438128735,0 -66.03992428803772,-17.411494041372023,0 -66.03992283310878,-17.411584311896004,0 -66.0398288047195,-17.411582915087383,0 -66.03983025969451,-17.41149264457109,0 -66.03973623136002,-17.411491247725934,0 -66.03973477633897,-17.411581518234534,0 -66.03954671960413,-17.411578724396175,0 -66.0395481747173,-17.411488453902958,0 -66.03936011810951,-17.411485659903093,0 -66.03936157330602,-17.411395389424325,0 -66.0394556015595,-17.411396786438676,0 -66.03945705670122,-17.41130651595128,0 -66.03955108491738,-17.41130791291372,0 -66.03955254000432,-17.411217642417704,0 -66.03964656818316,-17.411219039328227,0 -66.03964802321529,-17.411128768823588,0 -66.04011816401035,-17.411135752674433,0</coordinates></LinearRing></outerBoundaryIs></Polygon></Placemark><Placemark><name>Matorrales - 0.40 ha</name><styleUrl>#style_1</styleUrl><Polygon><outerBoundaryIs><LinearRing><coordinates>-66.03542113715628,-17.410795053936923,0 -66.03523308196284,-17.410792256153382,0 -66.03523016761359,-17.41097279644382,0 -66.03513613993789,-17.41097139747031,0 -66.03513468270407,-17.411061667606432,0 -66.03504065499108,-17.411060268581004,0 -66.03503774040512,-17.411240808835014,0 -66.03522579602405,-17.411243606872464,0 -66.03522433881004,-17.411333877013476,0 -66.03541239455606,-17.411336674889448,0 -66.03541093742541,-17.411426945044933,0 -66.0355049653576,-17.41142834392429,0 -66.03550059405126,-17.411699154408243,0 -66.0356886502182,-17.411701952080502,0 -66.03569302124825,-17.411431141550338,0 -66.0357870492067,-17.41143254029703,0 -66.03579287694006,-17.41107145954626,0 -66.03551079364355,-17.41106726326594,0 -66.03551225069317,-17.410976993099013,0 -66.03541822299123,-17.41097559425817,0 -66.03542113715628,-17.410795053936923,0</coordinates></LinearRing></outerBoundaryIs></Polygon></Placemark><Placemark><name>Pastizales - 0.41 ha</name><styleUrl>#style_2</styleUrl><Polygon><outerBoundaryIs><LinearRing><coordinates>-66.0362615592526,-17.411168722689983,0 -66.03625718913023,-17.41143953336717,0 -66.03606913313456,-17.411436736271778,0 -66.0360676763175,-17.411527006480238,0 -66.03597364828674,-17.411525607858508,0 -66.03597219141488,-17.411615878058335,0 -66.03587816334682,-17.411614479384685,0 -66.03587233558768,-17.411975560143837,0 -66.03568427910939,-17.41197276260226,0 -66.03568573615442,-17.411882492429278,0 -66.03577976434313,-17.411883891214476,0 -66.03578122133335,-17.411793621032853,0 -66.03540510881523,-17.411788025657533,0 -66.03540656598089,-17.411697755505784,0 -66.03531253791928,-17.4116963565591,0 -66.03531399512227,-17.41160608641412,0 -66.03521996711548,-17.411604687430913,0 -66.03522288158727,-17.411424147153557,0 -66.03531690950196,-17.411425546121357,0 -66.03531836667867,-17.41133527597357,0 -66.03541239455606,-17.411336674889448,0 -66.03541093742541,-17.411426945044933,0 -66.0355049653576,-17.41142834392429,0 -66.03550059405126,-17.411699154408243,0 -66.0356886502182,-17.411701952080502,0 -66.03569302124825,-17.411431141550338,0 -66.0357870492067,-17.41143254029703,0 -66.03579142001983,-17.41116172973535,0 -66.0362615592526,-17.411168722689983,0</coordinates></LinearRing></outerBoundaryIs></Polygon></Placemark><Placemark><name>Bosque - 0.07 ha</name><styleUrl>#style_0</styleUrl><Polygon><outerBoundaryIs><LinearRing><coordinates>-66.04124359430237,-17.411333050675687,0 -66.04124214003562,-17.41142332130918,0 -66.04114811161615,-17.411421925135045,0 -66.04114665729462,-17.41151219575992,0 -66.04086457195044,-17.411508006949123,0 -66.04086748086108,-17.41132746574457,0 -66.04124359430237,-17.411333050675687,0</coordinates></LinearRing></outerBoundaryIs></Polygon></Placemark><Placemark><name>Bosque - 0.16 ha</name><styleUrl>#style_0</styleUrl><Polygon><outerBoundaryIs><LinearRing><coordinates>-66.03513613993789,-17.41097139747031,0 -66.03466600169072,-17.41096440193948,0 -66.03466454422667,-17.411054672037082,0 -66.03475857190465,-17.411056071239393,0 -66.03475565704237,-17.411236611447187,0 -66.0348496848212,-17.411238010620682,0 -66.03484822742298,-17.41132828073088,0 -66.03494225525661,-17.411329679867862,0 -66.0349407978957,-17.411419949984836,0 -66.03512885368131,-17.41142274814154,0 -66.0351317682102,-17.41124220787585,0 -66.03503774040512,-17.411240808835014,0 -66.03504065499108,-17.411060268581004,0 -66.03513468270407,-17.411061667606432,0 -66.03513613993789,-17.41097139747031,0</coordinates></LinearRing></outerBoundaryIs></Polygon></Placemark><Placemark><name>T_Agricolas - 0.02 ha</name><styleUrl>#style_3</styleUrl><Polygon><outerBoundaryIs><LinearRing><coordinates>-66.03531836667867,-17.41133527597357,0 -66.03531690950196,-17.411425546121357,0 -66.03512885368131,-17.41142274814154,0 -66.03513031095014,-17.41133247800916,0 -66.03531836667867,-17.41133527597357,0</coordinates></LinearRing></outerBoundaryIs></Polygon></Placemark><Placemark><name>Pastizales - 0.02 ha</name><styleUrl>#style_2</styleUrl><Polygon><outerBoundaryIs><LinearRing><coordinates>-66.03061552449414,-17.411355543560678,0 -66.03061260550938,-17.411536083082577,0 -66.03051857794053,-17.411534681888305,0 -66.03052149701738,-17.41135414238184,0 -66.03061552449414,-17.411355543560678,0</coordinates></LinearRing></outerBoundaryIs></Polygon></Placemark><Placemark><name>T_Agricolas - 0.54 ha</name><styleUrl>#style_3</styleUrl><Polygon><outerBoundaryIs><LinearRing><coordinates>-66.03044498382677,-17.41026950413405,0 -66.03016290313317,-17.4102653004773,0 -66.03015706462841,-17.41062637940791,0 -66.0302510917017,-17.410627780701912,0 -66.03024817248881,-17.41080832017704,0 -66.03034219966297,-17.41080972144225,0 -66.03033782091602,-17.41108053067108,0 -66.03043184823709,-17.411081931915213,0 -66.0304303886833,-17.411172201664,0 -66.03052441605917,-17.41117360287163,0 -66.03052149701738,-17.41135414238184,0 -66.03061552449414,-17.411355543560678,0 -66.03061260550938,-17.411536083082577,0 -66.030706633087,-17.411537484232625,0 -66.0307051736275,-17.41162775399989,0 -66.03117531187729,-17.41163475912539,0 -66.03117677110652,-17.411544489319564,0 -66.03108274348509,-17.411543088390616,0 -66.03108420275159,-17.41145281859157,0 -66.0307080925377,-17.41144721446443,0 -66.03070955197964,-17.4113569446953,0 -66.03099163448877,-17.41136114783384,0 -66.03099309378379,-17.411270878040636,0 -66.03089906631803,-17.411269477046385,0 -66.0309019849739,-17.411088937472595,0 -66.03080795760901,-17.41108753644956,0 -66.03080941696983,-17.410997266668982,0 -66.03071538965976,-17.410995865609436,0 -66.03071830844723,-17.410815326060895,0 -66.03053025403757,-17.410812523840004,0 -66.03053171351024,-17.410722254079765,0 -66.03043768636462,-17.410720852910707,0 -66.03043914587457,-17.410630583157246,0 -66.03034511878374,-17.41062918195169,0 -66.030346578331,-17.410538912205006,0 -66.03044060537577,-17.41054031340285,0 -66.03044498382677,-17.41026950413405,0</coordinates></LinearRing></outerBoundaryIs></Polygon></Placemark><Placemark><name>Pastizales - 0.01 ha</name><styleUrl>#style_2</styleUrl><Polygon><outerBoundaryIs><LinearRing><coordinates>-66.030706633087,-17.411537484232625,0 -66.0307051736275,-17.41162775399989,0 -66.03061114600385,-17.41162635284212,0 -66.03061260550938,-17.411536083082577,0 -66.030706633087,-17.411537484232625,0</coordinates></LinearRing></outerBoundaryIs></Polygon></Placemark><Placemark><name>T_Agricolas - 0.59 ha</name><styleUrl>#style_3</styleUrl><Polygon><outerBoundaryIs><LinearRing><coordinates>-66.03175844377071,-17.41046965566644,0 -66.03157038953661,-17.410466854480063,0 -66.03156747164813,-17.410647394174923,0 -66.03147344445212,-17.410645993499983,0 -66.03145301760654,-17.41190977115134,0 -66.03173510115491,-17.41191397336741,0 -66.03173364216696,-17.412004243215787,0 -66.03182767007999,-17.412005643873737,0 -66.0318291290219,-17.411915374017656,0 -66.03192315689765,-17.41191677462368,0 -66.03192461578475,-17.411826504758952,0 -66.0320186436232,-17.411827905313046,0 -66.03202156127901,-17.41164736556537,0 -66.03183350579508,-17.41164456444381,0 -66.03183642360005,-17.411464024723244,0 -66.03174239596332,-17.411462624111557,0 -66.0317438548987,-17.41137235425758,0 -66.0316498273168,-17.411370953609385,0 -66.03165566315495,-17.411009874214994,0 -66.03184371795913,-17.41101267540547,0 -66.03184517680468,-17.410922405539107,0 -66.03193920417387,-17.410923806060307,0 -66.03194066296459,-17.410833536185304,0 -66.03184663564144,-17.410832135671814,0 -66.03185101209918,-17.410561326064325,0 -66.03175698492294,-17.410559925529757,0 -66.03175844377071,-17.41046965566644,0</coordinates></LinearRing></outerBoundaryIs></Polygon></Placemark><Placemark><name>T_Agricolas - 0.04 ha</name><styleUrl>#style_3</styleUrl><Polygon><outerBoundaryIs><LinearRing><coordinates>-66.03578122133335,-17.411793621032853,0 -66.03577976434313,-17.411883891214476,0 -66.03568573615442,-17.411882492429278,0 -66.03568427910939,-17.41197276260226,0 -66.03559025088339,-17.41197136376514,0 -66.03559170797446,-17.411881093599852,0 -66.03549767980326,-17.411879694726206,0 -66.03549913693162,-17.411789424567697,0 -66.03578122133335,-17.411793621032853,0</coordinates></LinearRing></outerBoundaryIs></Polygon></Placemark><Placemark><name>Pastizales - 0.01 ha</name><styleUrl>#style_2</styleUrl><Polygon><outerBoundaryIs><LinearRing><coordinates>-66.0363424769365,-17.41198255322389,0 -66.0363410202051,-17.412072823449847,0 -66.03624699187176,-17.412071424914583,0 -66.03624844864923,-17.41198115469632,0 -66.0363424769365,-17.41198255322389,0</coordinates></LinearRing></outerBoundaryIs></Polygon></Placemark><Placemark><name>Pastizales - 1.84 ha</name><styleUrl>#style_2</styleUrl><Polygon><outerBoundaryIs><LinearRing><coordinates>-66.03158206074008,-17.409744695663257,0 -66.03139400727778,-17.40974189442342,0 -66.03139254831592,-17.409832164263356,0 -66.03111046805004,-17.40982796204883,0 -66.0311090089413,-17.409918231864705,0 -66.03082692861616,-17.40991402922909,0 -66.03082546936052,-17.41000429902089,0 -66.03054338897614,-17.410000095964183,0 -66.03054192957359,-17.410090365731897,0 -66.03063595640566,-17.410091766802733,0 -66.03063157828353,-17.41036257612343,0 -66.03044352435188,-17.41035977389125,0 -66.03044060537577,-17.41054031340285,0 -66.030346578331,-17.410538912205006,0 -66.03034511878374,-17.41062918195169,0 -66.03043914587457,-17.410630583157246,0 -66.03043768636462,-17.410720852910707,0 -66.03053171351024,-17.410722254079765,0 -66.03053025403757,-17.410812523840004,0 -66.03071830844723,-17.410815326060895,0 -66.03071538965976,-17.410995865609436,0 -66.03080941696983,-17.410997266668982,0 -66.03080795760901,-17.41108753644956,0 -66.0309019849739,-17.411088937472595,0 -66.03089906631803,-17.411269477046385,0 -66.03099309378379,-17.411270878040636,0 -66.03099163448877,-17.41136114783384,0 -66.03070955197964,-17.4113569446953,0 -66.0307080925377,-17.41144721446443,0 -66.03108420275159,-17.41145281859157,0 -66.03108274348509,-17.411543088390616,0 -66.03117677110652,-17.411544489319564,0 -66.03117531187729,-17.41163475912539,0 -66.0307051736275,-17.41162775399989,0 -66.03070371415926,-17.411718023766216,0 -66.03079774183773,-17.411719424887472,0 -66.03079628240678,-17.41180969466058,0 -66.03098433788215,-17.411812496785856,0 -66.03098287853453,-17.41190276657346,0 -66.0310769063314,-17.411904167577475,0 -66.03107544702107,-17.41199443737186,0 -66.03126350273321,-17.411997239262664,0 -66.03126204350623,-17.412087509071533,0 -66.0313560714215,-17.41208890995831,0 -66.0313546122318,-17.412179179773965,0 -66.03144864020189,-17.41218058062423,0 -66.0314749034468,-17.410555723660735,0 -66.03128684917318,-17.410552922193634,0 -66.03128830825119,-17.41046265236887,0 -66.03138233533758,-17.410464053116822,0 -66.03138379436076,-17.410373783283415,0 -66.03147782140987,-17.410375183979436,0 -66.03148657508873,-17.4098335649131,0 -66.0315806018703,-17.409834965518627,0 -66.03158206074008,-17.409744695663257,0</coordinates></LinearRing></outerBoundaryIs></Polygon></Placemark><Placemark><name>T_Agricolas - 0.70 ha</name><styleUrl>#style_3</styleUrl><Polygon><outerBoundaryIs><LinearRing><coordinates>-66.02940776836441,-17.41043462812411,0 -66.02931374146212,-17.41043322644759,0 -66.02931228141712,-17.41052349611032,0 -66.02884214680702,-17.410516487025834,0 -66.02884068652301,-17.410606756649035,0 -66.02902874043284,-17.410609560430924,0 -66.02902728023217,-17.410699830068634,0 -66.02912130724627,-17.41070123190097,0 -66.02911984708287,-17.410791501545457,0 -66.02902582002272,-17.41079009970541,0 -66.0290228995775,-17.410970638976146,0 -66.02892887243401,-17.41096923707644,0 -66.02892741215221,-17.41105950670269,0 -66.02902143934175,-17.411060908610114,0 -66.029015598311,-17.411421987136645,0 -66.02910962569351,-17.411423389030723,0 -66.02910378470663,-17.411784467573174,0 -66.0291978122821,-17.411785869453908,0 -66.02919343158801,-17.412056678374086,0 -66.02928745931042,-17.412058080233756,0 -66.0292889195045,-17.41196781058692,0 -66.02938294718962,-17.41196921239465,0 -66.02938440732888,-17.411878942739154,0 -66.02947843497671,-17.411880344494943,0 -66.02948719535182,-17.411338726496037,0 -66.02929914061751,-17.411335923032848,0 -66.0293020608566,-17.411155383723273,0 -66.02939608812726,-17.411156785461543,0 -66.02939754818759,-17.411066515797636,0 -66.02949157542098,-17.411067917483965,0 -66.02949449542325,-17.410887378137915,0 -66.0295885225733,-17.41088877976459,0 -66.02958998251525,-17.410798510082444,0 -66.02949595541122,-17.410797108463484,0 -66.02949887536087,-17.41061656911182,0 -66.02940484835773,-17.41061516746408,0 -66.02940776836441,-17.41043462812411,0</coordinates></LinearRing></outerBoundaryIs></Polygon></Placemark><Placemark><name>Bosque - 0.14 ha</name><styleUrl>#style_0</styleUrl><Polygon><outerBoundaryIs><LinearRing><coordinates>-66.04010798021362,-17.411767646456507,0 -66.03963783780677,-17.41176066233648,0 -66.03963492761139,-17.41194120333176,0 -66.0397289561674,-17.411942600259597,0 -66.03973041122339,-17.411852329754737,0 -66.04001249680567,-17.41185652024982,0 -66.04000958696123,-17.41203706130476,0 -66.04010361559824,-17.412038458063385,0 -66.04010216070897,-17.41212872859715,0 -66.04019618940077,-17.412130125319248,0 -66.04019473454883,-17.412220395859755,0 -66.04028876329542,-17.41222179254532,0 -66.04029312768691,-17.411950980897906,0 -66.04019909907848,-17.411949584235412,0 -66.04020055390421,-17.411859313692098,0 -66.04010652535058,-17.41185791699307,0 -66.04010798021362,-17.411767646456507,0</coordinates></LinearRing></outerBoundaryIs></Polygon></Placemark><Placemark><name>T_Agricolas - 0.49 ha</name><styleUrl>#style_3</styleUrl><Polygon><outerBoundaryIs><LinearRing><coordinates>-66.04001249680567,-17.41185652024982,0 -66.03973041122339,-17.411852329754737,0 -66.0397289561674,-17.411942600259597,0 -66.03963492761139,-17.41194120333176,0 -66.0396334725006,-17.412031473827998,0 -66.03953944390727,-17.412030076848254,0 -66.03953362319248,-17.412391158793106,0 -66.03934556566362,-17.4123883646394,0 -66.03934265506958,-17.41256890557546,0 -66.03915459739147,-17.41256611121409,0 -66.03915314198923,-17.412656381665325,0 -66.03896508425397,-17.412653587111674,0 -66.03896362875088,-17.41274385754659,0 -66.03868154207541,-17.412739665361332,0 -66.03868299771668,-17.412649394949494,0 -66.03858896888839,-17.412647997473655,0 -66.03858751320107,-17.412738267877803,0 -66.03849348433548,-17.41273687035004,0 -66.03849202859334,-17.412827140745563,0 -66.0390562021944,-17.412835525294906,0 -66.03905765766018,-17.412745254853228,0 -66.03924571550503,-17.412748049333814,0 -66.03924717086996,-17.412657778875815,0 -66.03943522865765,-17.41266057316412,0 -66.03943668392174,-17.412570302689804,0 -66.03953071278264,-17.412571699759933,0 -66.03953216799194,-17.41248142927698,0 -66.03972022564784,-17.41248422326917,0 -66.03972168075627,-17.412393952769907,0 -66.03990973835504,-17.412396746569815,0 -66.03991119336263,-17.41230647605424,0 -66.04009925090422,-17.41230926966187,0 -66.04010070581097,-17.412218999129973,0 -66.04019473454883,-17.412220395859755,0 -66.04019618940077,-17.412130125319248,0 -66.04010216070897,-17.41212872859715,0 -66.04010361559824,-17.412038458063385,0 -66.04000958696123,-17.41203706130476,0 -66.04001249680567,-17.41185652024982,0</coordinates></LinearRing></outerBoundaryIs></Polygon></Placemark><Placemark><name>Bosque - 0.01 ha</name><styleUrl>#style_0</styleUrl><Polygon><outerBoundaryIs><LinearRing><coordinates>-66.0329560057198,-17.41202244831987,0 -66.03295454732175,-17.412112718267537,0 -66.03286051925753,-17.412111318132542,0 -66.03286197770163,-17.41202104819259,0 -66.0329560057198,-17.41202244831987,0</coordinates></LinearRing></outerBoundaryIs></Polygon></Placemark><Placemark><name>T_Agricolas - 0.13 ha</name><styleUrl>#style_3</styleUrl><Polygon><outerBoundaryIs><LinearRing><coordinates>-66.03417691295354,-17.4121309159982,0 -66.0337067721508,-17.412123917755483,0 -66.0337053141124,-17.41221418776388,0 -66.03379934230149,-17.412215587508577,0 -66.0337978843004,-17.41230585752374,0 -66.03398594079697,-17.41230865689588,0 -66.03398448287922,-17.412398926925523,0 -66.03426656782788,-17.412403125675173,0 -66.0342694833783,-17.412222585568713,0 -66.03417545514543,-17.412221186045134,0 -66.03417691295354,-17.4121309159982,0</coordinates></LinearRing></outerBoundaryIs></Polygon></Placemark><Placemark><name>Matorrales - 0.03 ha</name><styleUrl>#style_1</styleUrl><Polygon><outerBoundaryIs><LinearRing><coordinates>-66.03069641668658,-17.412169372583826,0 -66.03069349763615,-17.412349912104325,0 -66.03059946964407,-17.41234851088484,0 -66.03060092921972,-17.412258241132776,0 -66.03050690128246,-17.41225683987678,0 -66.0305083608954,-17.4121665701315,0 -66.03069641668658,-17.412169372583826,0</coordinates></LinearRing></outerBoundaryIs></Polygon></Placemark><Placemark><name>T_Agricolas - 0.02 ha</name><styleUrl>#style_3</styleUrl><Polygon><outerBoundaryIs><LinearRing><coordinates>-66.02947405467079,-17.412151153481783,0 -66.02947259455127,-17.412241423142188,0 -66.02928453889594,-17.41223861952464,0 -66.02928599910757,-17.412148349879665,0 -66.02947405467079,-17.412151153481783,0</coordinates></LinearRing></outerBoundaryIs></Polygon></Placemark><Placemark><name>T_Agricolas - 0.38 ha</name><styleUrl>#style_3</styleUrl><Polygon><outerBoundaryIs><LinearRing><coordinates>-66.0323889203847,-17.412194586694692,0 -66.03220086427805,-17.412191785834388,0 -66.03219940549405,-17.412282055718503,0 -66.03182329320165,-17.41227645343637,0 -66.03181745724122,-17.412637532840122,0 -66.0319114854854,-17.412638933507836,0 -66.03191002651943,-17.412729203364155,0 -66.03238016810198,-17.412736206077923,0 -66.03238162683766,-17.412645936183054,0 -66.0324756551344,-17.412647336585422,0 -66.03247711381529,-17.412557066681906,0 -66.03257114207472,-17.412558467032344,0 -66.03257551792663,-17.41228765729307,0 -66.03238746169282,-17.412284856594233,0 -66.0323889203847,-17.412194586694692,0</coordinates></LinearRing></outerBoundaryIs></Polygon></Placemark><Placemark><name>T_Agricolas - 0.01 ha</name><styleUrl>#style_3</styleUrl><Polygon><outerBoundaryIs><LinearRing><coordinates>-66.02937710654489,-17.41233029100728,0 -66.02937564636177,-17.412420560658102,0 -66.0292816184464,-17.412419158811783,0 -66.02928307867555,-17.412328889168677,0 -66.02937710654489,-17.41233029100728,0</coordinates></LinearRing></outerBoundaryIs></Polygon></Placemark><Placemark><name>Pastizales - 0.01 ha</name><styleUrl>#style_2</styleUrl><Polygon><outerBoundaryIs><LinearRing><coordinates>-66.03257114207472,-17.412558467032344,0 -66.0325696834399,-17.412648736943567,0 -66.0324756551344,-17.412647336585422,0 -66.03247711381529,-17.412557066681906,0 -66.03257114207472,-17.412558467032344,0</coordinates></LinearRing></outerBoundaryIs></Polygon></Placemark><Placemark><name>Infraestructura - 0.01 ha</name><styleUrl>#style_4</styleUrl><Polygon><outerBoundaryIs><LinearRing><coordinates>-66.03745916739098,-17.4127214946258,0 -66.03745771114225,-17.412811764936666,0 -66.03736368233554,-17.41281036687051,0 -66.03736513863032,-17.412720096567337,0 -66.03745916739098,-17.4127214946258,0</coordinates></LinearRing></outerBoundaryIs></Polygon></Placemark><Placemark><name>Bosque - 0.77 ha</name><styleUrl>#style_0</styleUrl><Polygon><outerBoundaryIs><LinearRing><coordinates>-66.03050982049957,-17.41207630038527,0 -66.03041579266318,-17.412074899100492,0 -66.03041433301297,-17.412165168839,0 -66.03013224941824,-17.41216096469617,0 -66.0301307896211,-17.412251234410597,0 -66.02975467810002,-17.41224562823684,0 -66.02975321810989,-17.412335897919466,0 -66.02956516230985,-17.41233309455182,0 -66.02956662239208,-17.41224282488463,0 -66.02928453889594,-17.41223861952464,0 -66.02928307867555,-17.412328889168677,0 -66.02937710654489,-17.41233029100728,0 -66.02937418616989,-17.412510830307987,0 -66.02946821414011,-17.412512232117805,0 -66.02946529382214,-17.412692771430212,0 -66.02955932189323,-17.412694173211243,0 -66.02955786176715,-17.412784442873754,0 -66.02946383365001,-17.41278304108501,0 -66.02946091327944,-17.412963580391807,0 -66.0296489697067,-17.41296638395594,0 -66.02965042980425,-17.412876114287577,0 -66.02983848617447,-17.412878917659384,0 -66.02983994617115,-17.412788647974647,0 -66.02993397432337,-17.412790049586498,0 -66.02993543426523,-17.412699779893114,0 -66.03040557492751,-17.412706787250418,0 -66.03040703463033,-17.412616517517517,0 -66.03059509086451,-17.41261932013544,0 -66.03059655046646,-17.412529050386176,0 -66.03069057855063,-17.41253045162109,0 -66.03069349763615,-17.412349912104325,0 -66.03059946964407,-17.41234851088484,0 -66.03060092921972,-17.412258241132776,0 -66.03050690128246,-17.41225683987678,0 -66.03050982049957,-17.41207630038527,0</coordinates></LinearRing></outerBoundaryIs></Polygon></Placemark><Placemark><name>T_Agricolas - 1.36 ha</name><styleUrl>#style_3</styleUrl><Polygon><outerBoundaryIs><LinearRing><coordinates>-66.03709470354953,-17.411993739852363,0 -66.0363424769365,-17.41198255322389,0 -66.0363410202051,-17.412072823449847,0 -66.03615296354721,-17.412070026335098,0 -66.03614713616568,-17.41243110716798,0 -66.03605310766567,-17.412429708513464,0 -66.03604873689947,-17.41270051910521,0 -66.03614276553766,-17.41270191778283,0 -66.03614130864416,-17.412792187985914,0 -66.03604727995992,-17.4127907893006,0 -66.03604582301162,-17.412881059495042,0 -66.037362226032,-17.41290063717274,0 -66.03736513863032,-17.412720096567337,0 -66.03745916739098,-17.4127214946258,0 -66.03745771114225,-17.412811764936666,0 -66.03773979761489,-17.412815958869803,0 -66.03774416592036,-17.412545147865135,0 -66.03765013722557,-17.412543749954736,0 -66.03765159335595,-17.412453479625675,0 -66.0374635360847,-17.412450683687602,0 -66.03746499229845,-17.412360413373,0 -66.03718290659535,-17.412356219157306,0 -66.03718436293852,-17.412265948864864,0 -66.03709033443435,-17.41226455071221,0 -66.03709470354953,-17.411993739852363,0</coordinates></LinearRing></outerBoundaryIs></Polygon></Placemark><Placemark><name>Infraestructura - 104.95 ha</name><styleUrl>#style_4</styleUrl><Polygon><outerBoundaryIs><LinearRing><coordinates>-66.0459819297834,-17.397407998036293,0 -66.0456998648369,-17.397403819341342,0 -66.04569841399419,-17.397494090465145,0 -66.04560439231679,-17.39749269747078,0 -66.04560294141935,-17.397582968585983,0 -66.04569696314275,-17.397584361588013,0 -66.0456955122826,-17.397674632709954,0 -66.04560149051318,-17.397673239700243,0 -66.0456000395983,-17.397763510813576,0 -66.04550601779158,-17.397762117752,0 -66.04550746875248,-17.397671846646347,0 -66.0449433383714,-17.39766348739506,0 -66.04494624081914,-17.397482945273065,0 -66.04447613286817,-17.397475978092,0 -66.0444717784933,-17.39774679115843,0 -66.04465982192359,-17.397749578209478,0 -66.04465837053988,-17.397839849245106,0 -66.04475239231412,-17.397841242712033,0 -66.04474948961256,-17.398021784795848,0 -66.04465546774628,-17.39802039131357,0 -66.04465401633642,-17.3981106623464,0 -66.04455999443286,-17.398109268812256,0 -66.04455709149492,-17.39828981085976,0 -66.04446306950807,-17.39828841726608,0 -66.04446161798,-17.398378688280758,0 -66.04436759595586,-17.398377294635203,0 -66.04436614437306,-17.39846756564127,0 -66.04417810025893,-17.398464778202246,0 -66.0441737451821,-17.398735591168773,0 -66.0444558117805,-17.39873977233014,0 -66.04445000544143,-17.39910085636459,0 -66.04435598304919,-17.39909946265761,0 -66.04435307973529,-17.39928000465388,0 -66.04444710221955,-17.399281398376218,0 -66.04444129567115,-17.39964248238828,0 -66.0445353183482,-17.39964387609714,0 -66.0445324151137,-17.39982441811294,0 -66.04462643789151,-17.399825811792965,0 -66.04462208311237,-17.400096624832685,0 -66.04471610603696,-17.40009801849156,0 -66.04471465447249,-17.400188289510606,0 -66.04480867745181,-17.40018968313296,0 -66.04480722592463,-17.40027995415876,0 -66.04499527200151,-17.400282741286247,0 -66.0449865632075,-17.40082436751357,0 -66.04508058653514,-17.400825761057092,0 -66.04507478068211,-17.401186845220682,0 -66.04516880420255,-17.40118823875071,0 -66.04516299839408,-17.40154932293009,0 -66.04525702210731,-17.401550716446632,0 -66.04525557067942,-17.401640987496812,0 -66.0453495944474,-17.401642380976835,0 -66.04534378883267,-17.402003465198966,0 -66.04543781279347,-17.402004858665496,0 -66.04543345862893,-17.40227567184532,0 -66.04552748273653,-17.40227706529068,0 -66.04552458000862,-17.40245760742125,0 -66.04561860421698,-17.402459000837762,0 -66.04561425019779,-17.402729814049653,0 -66.04570827455295,-17.40273120744499,0 -66.04570537192194,-17.402911749596935,0 -66.04579939637787,-17.402913142963428,0 -66.04579504250404,-17.403183956207368,0 -66.04588906710677,-17.403185349552686,0 -66.04588471329254,-17.40345616281126,0 -66.04597873804208,-17.403457556135397,0 -66.04597583554772,-17.403638098318464,0 -66.04606986039803,-17.403639491613742,0 -66.04606550672919,-17.40391030490437,0 -66.0461595317263,-17.403911698178483,0 -66.04615517811708,-17.404182511483732,0 -66.04624920326101,-17.40418390473666,0 -66.04624775208653,-17.40427417584422,0 -66.0464358024926,-17.404276962232807,0 -66.04642854694973,-17.404728317833342,0 -66.04652257239599,-17.4047297109997,0 -66.04651821910375,-17.405000524371843,0 -66.04661224469683,-17.40500191751702,0 -66.04660789146423,-17.405272730903782,0 -66.04641984001057,-17.405269944523194,0 -66.04641693762778,-17.40545048674568,0 -66.0465109634423,-17.40545187997342,0 -66.04651241459203,-17.40536160885497,0 -66.04660644036926,-17.405363002030835,0 -66.04660498926556,-17.40545327315696,0 -66.04679304093824,-17.405456059391412,0 -66.04679158991789,-17.40554633053195,0 -66.04688561581334,-17.40554772359054,0 -66.04688706678763,-17.405457452442334,0 -66.04726317027244,-17.40546302420393,0 -66.04726171948228,-17.405553295382827,0 -66.0473557454213,-17.405554688220377,0 -66.04735429466845,-17.40564495940601,0 -66.04744832066223,-17.405646352207025,0 -66.04744541922246,-17.40582689459084,0 -66.04753944531701,-17.40582828736299,0 -66.04753509323012,-17.406099100954712,0 -66.0473470407735,-17.40609631532018,0 -66.04734558996836,-17.406186586500223,0 -66.04706351121068,-17.40618240769384,0 -66.04706206025872,-17.406272678849927,0 -66.04668595518636,-17.406267106458465,0 -66.04668450404154,-17.40635737758293,0 -66.04649645146559,-17.406354591106595,0 -66.04649935393068,-17.406174048887426,0 -66.04640532774786,-17.406172655598294,0 -66.04640677901337,-17.406082384494976,0 -66.04631275288529,-17.40608099116931,0 -66.04631420418812,-17.405990720072747,0 -66.04622017811481,-17.405989326710543,0 -66.04622888602485,-17.405447700157566,0 -66.0460408344568,-17.405444913392632,0 -66.04603938306819,-17.405535184471773,0 -66.0456632798526,-17.40552961038072,0 -66.04566182827112,-17.40561988142823,0 -66.04575585410798,-17.40562127502498,0 -66.04574859629999,-17.406072630286925,0 -66.04565457023297,-17.4060712366518,0 -66.04565602185805,-17.405980965608954,0 -66.04556199584576,-17.40597957193729,0 -66.04556344750816,-17.405889300901187,0 -66.04546942155064,-17.40588790719299,0 -66.04547232494133,-17.40570736513334,0 -66.0453782990846,-17.40570597139629,0 -66.04537684734758,-17.40579624241891,0 -66.04528282145354,-17.405794848629977,0 -66.0452842732366,-17.405704577615037,0 -66.0449081699318,-17.405699002047943,0 -66.04490671796461,-17.40578927303217,0 -66.0446246404395,-17.405785090869635,0 -66.04462173620271,-17.405965632789243,0 -66.0445277102864,-17.40596423863129,0 -66.04452625810889,-17.406054509582013,0 -66.04471431004234,-17.40605729786906,0 -66.04471285794818,-17.40614756883421,0 -66.04461883193106,-17.40614617470511,0 -66.04461737978215,-17.406236445661648,0 -66.044429327682,-17.406233657255466,0 -66.04443368437879,-17.405962844429133,0 -66.04433965847991,-17.405961450182772,0 -66.04433094473158,-17.40650307578096,0 -66.0442369185652,-17.40650168144431,0 -66.04423546619724,-17.4065919523664,0 -66.04404741379858,-17.40658916354512,0 -66.04404596132983,-17.406679434450915,0 -66.0435758302557,-17.406672461585636,0 -66.04357728295466,-17.40658219071824,0 -66.04348325681207,-17.406580796020236,0 -66.04348470954831,-17.40649052515959,0 -66.04339068346047,-17.406489130425065,0 -66.04339213623405,-17.406398859571162,0 -66.04348616227585,-17.406400254298013,0 -66.04348761499466,-17.406309983435506,0 -66.04282943320757,-17.40630021947294,0 -66.0428279801665,-17.406390490281673,0 -66.04254590225057,-17.406386305040108,0 -66.04254444906266,-17.406476575824865,0 -66.0422623710872,-17.406472390162364,0 -66.04226091775244,-17.406562660923132,0 -66.04197883971744,-17.4065584748397,0 -66.04197738623586,-17.406648745576476,0 -66.04169530814131,-17.40664455907211,0 -66.04169385451289,-17.406734829784895,0 -66.04141177635883,-17.406730642859582,0 -66.04141032258354,-17.40682091354838,0 -66.04112824436997,-17.406816726202116,0 -66.04112679044785,-17.40690699686692,0 -66.04084471217477,-17.4069028090997,0 -66.04084325810581,-17.406993079740513,0 -66.04074923198621,-17.406991683721998,0 -66.04074777786246,-17.407081954354183,0 -66.04065375170556,-17.40708055828377,0 -66.04065229752705,-17.407170828907336,0 -66.04027619280266,-17.40716524415283,0 -66.04027764716533,-17.40707497356002,0 -66.04018362105212,-17.40707357726856,0 -66.0401821666434,-17.40716384785367,0 -66.03990008821805,-17.407159658690954,0 -66.03989863366249,-17.407249929252064,0 -66.03971058133054,-17.407247136240482,0 -66.03970912667415,-17.40733740678528,0 -66.03961510047526,-17.40733601020548,0 -66.03961364576409,-17.40742628074166,0 -66.0392375408717,-17.407420693949586,0 -66.03923608596764,-17.407510964454055,0 -66.03876595481859,-17.40750397993076,0 -66.0387644996756,-17.40759425039583,0 -66.03848242095293,-17.407590059128232,0 -66.03847659974109,-17.40795114088686,0 -66.03838257333351,-17.407949743678458,0 -66.03838111796264,-17.408040014108092,0 -66.03819306508167,-17.40803721954326,0 -66.03819452054462,-17.407946949129027,0 -66.03810049416327,-17.407945551787986,0 -66.03810194966351,-17.40785528138051,0 -66.03763181811819,-17.40784829405062,0 -66.03763036238774,-17.40793856441962,0 -66.03753633605888,-17.40793716681331,0 -66.03753488027365,-17.40802743717368,0 -66.03715877486145,-17.40802184627552,0 -66.0371573188833,-17.40811211660417,0 -66.03706329250608,-17.40811071876141,0 -66.03706183647316,-17.40820098908142,0 -66.03715586289643,-17.40820238693188,0 -66.0371544069008,-17.408292657258663,0 -66.03724843337885,-17.408294055072606,0 -66.03724406547762,-17.40856486607043,0 -66.03686795906536,-17.408559274456977,0 -66.0368708713766,-17.408378733854285,0 -66.03668281840713,-17.408375937813066,0 -66.0366813621638,-17.40846620809948,0 -66.03677538869022,-17.408467606149895,0 -66.0367724762694,-17.408648146735327,0 -66.03649039644016,-17.408643952405253,0 -66.03649330913723,-17.408463411866013,0 -66.03639928263706,-17.40846201368296,0 -66.03640073901852,-17.408371743419647,0 -66.03593060687915,-17.408364751879677,0 -66.03592915026748,-17.408455022104494,0 -66.03564707095072,-17.408450826626854,0 -66.03564561419218,-17.408541096827637,0 -66.03536353481604,-17.40853690092896,0 -66.03536207791063,-17.408627171105707,0 -66.03507999847514,-17.40862297478601,0 -66.03507854142283,-17.408713244938706,0 -66.03479646192798,-17.408709048197974,0 -66.03479500472882,-17.40879931832663,0 -66.0345129251746,-17.40879512116486,0 -66.03451146782855,-17.408885391269468,0 -66.034229388215,-17.40888119368666,0 -66.03422793072207,-17.40897146376722,0 -66.03413390415568,-17.40897006447681,0 -66.03413244660793,-17.409060334548734,0 -66.03385036682319,-17.409056136389115,0 -66.03384890912857,-17.40914640643698,0 -66.03366085589043,-17.409143607427417,0 -66.03365939809495,-17.409233877458938,0 -66.03309523831443,-17.40922547932284,0 -66.03309378023395,-17.409315749307183,0 -66.03299975358847,-17.40931434945537,0 -66.03299829545318,-17.409404619431065,0 -66.03281024209642,-17.409401819579386,0 -66.03280878386028,-17.40949208953873,0 -66.03252670375268,-17.409487889406464,0 -66.03252524536965,-17.40957815934174,0 -66.03224316520276,-17.409573958788396,0 -66.03224170667283,-17.40966422869962,0 -66.03167754629933,-17.40965582635284,0 -66.03167608748437,-17.40974609621686,0 -66.03158206074008,-17.409744695663257,0 -66.0315806018703,-17.409834965518627,0 -66.03148657508873,-17.4098335649131,0 -66.03147782140987,-17.410375183979436,0 -66.03138379436076,-17.410373783283415,0 -66.03138233533758,-17.410464053116822,0 -66.03128830825119,-17.41046265236887,0 -66.03128684917318,-17.410552922193634,0 -66.0314749034468,-17.410555723660735,0 -66.03147344445212,-17.410645993499983,0 -66.03156747164813,-17.410647394174923,0 -66.03157038953661,-17.410466854480063,0 -66.03175844377071,-17.41046965566644,0 -66.03175698492294,-17.410559925529757,0 -66.03185101209918,-17.410561326064325,0 -66.03184663564144,-17.410832135671814,0 -66.03194066296459,-17.410833536185304,0 -66.03193920417387,-17.410923806060307,0 -66.03184517680468,-17.410922405539107,0 -66.03184371795913,-17.41101267540547,0 -66.03165566315495,-17.411009874214994,0 -66.0316498273168,-17.411370953609385,0 -66.0317438548987,-17.41137235425758,0 -66.03174239596332,-17.411462624111557,0 -66.03183642360005,-17.411464024723244,0 -66.03183350579508,-17.41164456444381,0 -66.03202156127901,-17.41164736556537,0 -66.0320186436232,-17.411827905313046,0 -66.03192461578475,-17.411826504758952,0 -66.03192315689765,-17.41191677462368,0 -66.0318291290219,-17.411915374017656,0 -66.03182767007999,-17.412005643873737,0 -66.03173364216696,-17.412004243215787,0 -66.03173510115491,-17.41191397336741,0 -66.03145301760654,-17.41190977115134,0 -66.03144864020189,-17.41218058062423,0 -66.0313546122318,-17.412179179773965,0 -66.0313560714215,-17.41208890995831,0 -66.03126204350623,-17.412087509071533,0 -66.03126350273321,-17.411997239262664,0 -66.03107544702107,-17.41199443737186,0 -66.0310769063314,-17.411904167577475,0 -66.03098287853453,-17.41190276657346,0 -66.03098433788215,-17.411812496785856,0 -66.03079628240678,-17.41180969466058,0 -66.03079774183773,-17.411719424887472,0 -66.03070371415926,-17.411718023766216,0 -66.0307051736275,-17.41162775399989,0 -66.03061114600385,-17.41162635284212,0 -66.03061260550938,-17.411536083082577,0 -66.03051857794053,-17.411534681888305,0 -66.03052295654267,-17.411263872627202,0 -66.03042892912073,-17.41126247141186,0 -66.03043184823709,-17.411081931915213,0 -66.03033782091602,-17.41108053067108,0 -66.03034219966297,-17.41080972144225,0 -66.03024817248881,-17.41080832017704,0 -66.0302510917017,-17.410627780701912,0 -66.03015706462841,-17.41062637940791,0 -66.03016144352013,-17.410355570211358,0 -66.03006741659375,-17.410354168896287,0 -66.03006887625283,-17.410263899169948,0 -66.02969276881917,-17.410258293498373,0 -66.0296913089759,-17.410348563193846,0 -66.02950325521958,-17.41034576007732,0 -66.02950179527545,-17.410436029756426,0 -66.02940776836441,-17.41043462812411,0 -66.02940484835773,-17.41061516746408,0 -66.02949887536087,-17.41061656911182,0 -66.02949595541122,-17.410797108463484,0 -66.02958998251525,-17.410798510082444,0 -66.0295885225733,-17.41088877976459,0 -66.02949449542325,-17.410887378137915,0 -66.02949157542098,-17.411067917483965,0 -66.02939754818759,-17.411066515797636,0 -66.02939608812726,-17.411156785461543,0 -66.0293020608566,-17.411155383723273,0 -66.02929914061751,-17.411335923032848,0 -66.02948719535182,-17.411338726496037,0 -66.02947843497671,-17.411880344494943,0 -66.02938440732888,-17.411878942739154,0 -66.02938294718962,-17.41196921239465,0 -66.0292889195045,-17.41196781058692,0 -66.02928599910757,-17.412148349879665,0 -66.02947405467079,-17.412151153481783,0 -66.02947259455127,-17.412241423142188,0 -66.02956662239208,-17.41224282488463,0 -66.02956516230985,-17.41233309455182,0 -66.02975321810989,-17.412335897919466,0 -66.02975467810002,-17.41224562823684,0 -66.0301307896211,-17.412251234410597,0 -66.03013224941824,-17.41216096469617,0 -66.03041433301297,-17.412165168839,0 -66.03041579266318,-17.412074899100492,0 -66.03050982049957,-17.41207630038527,0 -66.0305083608954,-17.4121665701315,0 -66.03069641668658,-17.412169372583826,0 -66.03069057855063,-17.41253045162109,0 -66.03059655046646,-17.412529050386176,0 -66.03059509086451,-17.41261932013544,0 -66.03040703463033,-17.412616517517517,0 -66.03040557492751,-17.412706787250418,0 -66.02993543426523,-17.412699779893114,0 -66.02993397432337,-17.412790049586498,0 -66.02983994617115,-17.412788647974647,0 -66.02983848617447,-17.412878917659384,0 -66.03350559240127,-17.412933548052017,0 -66.03350705060183,-17.412843278066514,0 -66.03378913610996,-17.412847477595115,0 -66.03379059416359,-17.412757207585557,0 -66.03407267961238,-17.41276140669302,0 -66.03407413751908,-17.412671136659405,0 -66.03416816597347,-17.412672536265738,0 -66.03416670811282,-17.41276280630706,0 -66.03426073662202,-17.412764205876876,0 -66.03425927879866,-17.412854475924963,0 -66.03604582301162,-17.412881059495042,0 -66.03604727995992,-17.4127907893006,0 -66.03614130864416,-17.412792187985914,0 -66.03614276553766,-17.41270191778283,0 -66.03604873689947,-17.41270051910521,0 -66.03605310766567,-17.412429708513464,0 -66.03614713616568,-17.41243110716798,0 -66.03615296354721,-17.412070026335098,0 -66.03624699187176,-17.412071424914583,0 -66.03624844864923,-17.41198115469632,0 -66.03709470354953,-17.411993739852363,0 -66.03709033443435,-17.41226455071221,0 -66.03718436293852,-17.412265948864864,0 -66.03718290659535,-17.412356219157306,0 -66.03746499229845,-17.412360413373,0 -66.0374635360847,-17.412450683687602,0 -66.03765159335595,-17.412453479625675,0 -66.03765013722557,-17.412543749954736,0 -66.03774416592036,-17.412545147865135,0 -66.03773979761489,-17.412815958869803,0 -66.03849202859334,-17.412827140745563,0 -66.03849348433548,-17.41273687035004,0 -66.03858751320107,-17.412738267877803,0 -66.03858896888839,-17.412647997473655,0 -66.03868299771668,-17.412649394949494,0 -66.03868154207541,-17.412739665361332,0 -66.03896362875088,-17.41274385754659,0 -66.03896508425397,-17.412653587111674,0 -66.03915314198923,-17.412656381665325,0 -66.03915459739147,-17.41256611121409,0 -66.03934265506958,-17.41256890557546,0 -66.03934556566362,-17.4123883646394,0 -66.03953362319248,-17.412391158793106,0 -66.03953944390727,-17.412030076848254,0 -66.0396334725006,-17.412031473827998,0 -66.03963783780677,-17.41176066233648,0 -66.04010798021362,-17.411767646456507,0 -66.04010652535058,-17.41185791699307,0 -66.04020055390421,-17.411859313692098,0 -66.04019909907848,-17.411949584235412,0 -66.04029312768691,-17.411950980897906,0 -66.0402902181013,-17.41213152199712,0 -66.0404782755286,-17.41213431522019,0 -66.04047973023367,-17.41204404465567,0 -66.0406677876038,-17.41204683768647,0 -66.040669242208,-17.411956567105637,0 -66.04076327086011,-17.411957963547014,0 -66.04076472540953,-17.411867692957568,0 -66.04095278264785,-17.411870485692273,0 -66.04095423709644,-17.411780215086505,0 -66.0411422942776,-17.41178300762894,0 -66.04114374862534,-17.411692737006863,0 -66.04133180574934,-17.411695529357033,0 -66.04133325999624,-17.41160525871865,0 -66.04152131706307,-17.411608050876552,0 -66.04152277120913,-17.411517780221864,0 -66.0417108282188,-17.411520572187502,0 -66.04171228226402,-17.41143030151651,0 -66.04190033921651,-17.411433093289887,0 -66.04190179316089,-17.411342822602585,0 -66.04199582160419,-17.411344218415255,0 -66.04199727549378,-17.411253947719334,0 -66.04218533231446,-17.41125673919664,0 -66.04218678610323,-17.411166468484424,0 -66.04237484286674,-17.41116925976947,0 -66.04237629655466,-17.41107898904094,0 -66.04256435326099,-17.41108178013373,0 -66.04256580684809,-17.410991509388904,0 -66.04275386349724,-17.410994300289442,0 -66.0427553169835,-17.410904029528314,0 -66.04294337357545,-17.4109068202366,0 -66.04294482696089,-17.410816549459174,0 -66.04313288349569,-17.410819339975212,0 -66.04313433678028,-17.410729069181485,0 -66.04322836501473,-17.410730464365486,0 -66.04322981824454,-17.410640193563147,0 -66.0434178746475,-17.41064298378313,0 -66.0434193277765,-17.410552712964495,0 -66.04360738412225,-17.410555502992235,0 -66.04360883715043,-17.410465232157296,0 -66.04379689343902,-17.41046802199279,0 -66.04379834636636,-17.410377751141567,0 -66.04398640259774,-17.41038054078482,0 -66.04398785542426,-17.4102902699173,0 -66.04417591159846,-17.410293059368314,0 -66.04417736432416,-17.4102027884845,0 -66.04436542044115,-17.410205577743277,0 -66.04436687306602,-17.41011530684317,0 -66.04446090109157,-17.41011670139855,0 -66.04446235366167,-17.410026430489825,0 -66.04465040964682,-17.41002921945258,0 -66.04465331457666,-17.409848677601616,0 -66.0443712308883,-17.409844494137236,0 -66.0443697782896,-17.409934765040152,0 -66.04399366664309,-17.409929186437864,0 -66.04399511942599,-17.409838915565675,0 -66.04390109158223,-17.40983752081224,0 -66.04390254440243,-17.409747249946786,0 -66.04399657220014,-17.40974864469255,0 -66.04400093047029,-17.409477832067576,0 -66.0439069028107,-17.40947643734486,0 -66.04391126114044,-17.409205624734522,0 -66.04409931619206,-17.409208414089655,0 -66.04409786351628,-17.409298684976058,0 -66.04419189110124,-17.409300079594985,0 -66.04418608049511,-17.409661163161996,0 -66.04437413605953,-17.409663952328618,0 -66.04437558863206,-17.409573681422913,0 -66.0444696163813,-17.40957507593222,0 -66.04447106889907,-17.409484805017897,0 -66.04475315206102,-17.40948898825748,0 -66.04475460443192,-17.40939871731919,0 -66.04494265982476,-17.409401505909138,0 -66.04494411209483,-17.40931123495455,0 -66.04522619511137,-17.40931541748481,0 -66.04522474297944,-17.409405688462424,0 -66.0453187707151,-17.409407082558417,0 -66.04531731862049,-17.409497353542772,0 -66.04522329083878,-17.409495959439102,0 -66.04522183868939,-17.40958623041485,0 -66.04531586651716,-17.409587624526193,0 -66.0453144144051,-17.409677895508683,0 -66.04540844228764,-17.409679289583487,0 -66.04540989435364,-17.409589018593326,0 -66.04559795005278,-17.40959180659493,0 -66.04559940201798,-17.409501535588483,0 -66.04569342983459,-17.40950292951528,0 -66.04569488174502,-17.409412658500223,0 -66.04588293731229,-17.40941544620582,0 -66.04588438912191,-17.40932517517447,0 -66.04607244463197,-17.409327962687854,0 -66.04607389634077,-17.409237691640225,0 -66.04626195179364,-17.40924047896139,0 -66.0462648550009,-17.409059936832634,0 -66.04645291030445,-17.409062723946228,0 -66.0464543618029,-17.408972452865108,0 -66.04636033419281,-17.408971059338093,0 -66.046364688774,-17.408700246112147,0 -66.04655274372664,-17.408703033075916,0 -66.0465498408654,-17.40888357525818,0 -66.04692595124365,-17.40888914871652,0 -66.04692740249443,-17.408798877595164,0 -66.04711545764377,-17.40880166404369,0 -66.04711690879377,-17.408711392906064,0 -66.04730496388588,-17.408714179162388,0 -66.04730641493506,-17.408623908008472,0 -66.04749446996995,-17.40862669407259,0 -66.04749592091834,-17.408536422902408,0 -66.04768397589599,-17.40853920877432,0 -66.04768542674357,-17.408448937587863,0 -66.047873481664,-17.408451723267568,0 -66.04787493241078,-17.408361452064835,0 -66.04796895983802,-17.408362844830698,0 -66.04797041053003,-17.408272573619367,0 -66.04815846531858,-17.40827535900311,0 -66.0481599159098,-17.408185087775497,0 -66.0483479706411,-17.408187872967044,0 -66.04834942113152,-17.40809760172316,0 -66.0485374758056,-17.40810038672251,0 -66.04853892619523,-17.408010115462368,0 -66.04872698081206,-17.408012900269522,0 -66.04872843110088,-17.407922628993102,0 -66.0489164856605,-17.40792541360807,0 -66.04891793584852,-17.40783514231538,0 -66.04901196309535,-17.407836534548874,0 -66.04901776357616,-17.407475449338136,0 -66.04911179064753,-17.407476841496752,0 -66.04911614077855,-17.4072060275559,0 -66.04921016772052,-17.407207419647303,0 -66.04921161770072,-17.40711714832415,0 -66.04911759080481,-17.407115756240415,0 -66.04911904082235,-17.407025484924002,0 -66.04902501398118,-17.407024092803724,0 -66.04903371417974,-17.406482464931642,0 -66.04893968762352,-17.406481072813154,0 -66.04894113767216,-17.406390801505538,0 -66.04884711117067,-17.40638940935051,0 -66.04884856125665,-17.406299138049633,0 -66.04894258771209,-17.406300530196994,0 -66.04894403774331,-17.406210258887516,0 -66.04903806416144,-17.406211650983007,0 -66.04904241406473,-17.40594083702597,0 -66.04913644035344,-17.405942229054247,0 -66.04913934015333,-17.40576168639623,0 -66.0490453139567,-17.405760294383285,0 -66.04904966372932,-17.40548948041226,0 -66.04923771585511,-17.405492264347938,0 -66.04923916566983,-17.40540199300706,0 -66.04933319169974,-17.405403384900925,0 -66.04934044041252,-17.40495202814423,0 -66.04924641461278,-17.404950636288703,0 -66.04925511305689,-17.40440900819588,0 -66.0490670620359,-17.404406224444195,0 -66.04906996163172,-17.40422568176979,0 -66.04897593622637,-17.404224289842976,0 -66.04897738605725,-17.404134018512043,0 -66.04907141141658,-17.404135410431195,0 -66.04907286119271,-17.404045139091657,0 -66.04897883587941,-17.404043747180175,0 -66.04898318529364,-17.403772933178974,0 -66.04888916012713,-17.403771541246293,0 -66.04889205978512,-17.40359099858949,0 -66.04879803471938,-17.40358960662794,0 -66.0488009344346,-17.40340906398275,0 -66.04870690946963,-17.403407671992326,0 -66.04871415883535,-17.402956315401358,0 -66.04862013410924,-17.40295492340508,0 -66.04862303388661,-17.4027743807775,0 -66.04852900926126,-17.40277298875235,0 -66.0485304591829,-17.40268271744483,0 -66.04843643461228,-17.402681325383146,0 -66.04843933452149,-17.402500782780642,0 -66.04834531005164,-17.402499390690096,0 -66.04834821001805,-17.4023188480992,0 -66.04825418564897,-17.402317455979794,0 -66.04825563566511,-17.402227184690616,0 -66.04816161135078,-17.40222579253468,0 -66.0481732115346,-17.401503622249006,0 -66.04807918759715,-17.40150223011022,0 -66.04808208764803,-17.401321687544815,0 -66.04798806381135,-17.40132029537718,0 -66.04799096391942,-17.401139752823376,0 -66.04789694018348,-17.40113836062688,0 -66.04789984034875,-17.40095781808468,0 -66.04780581671356,-17.40095642585933,0 -66.04781161712361,-17.40059534079444,0 -66.04771759368123,-17.40059394855557,0 -66.04772049392601,-17.40041340603286,0 -66.04762647058438,-17.40041201376514,0 -66.04762937088634,-17.400231471254042,0 -66.04753534764546,-17.40023007895747,0 -66.04754259847797,-17.399778722701754,0 -66.0474485754759,-17.399777330399342,0 -66.04745147583995,-17.399596787905868,0 -66.04735745293861,-17.399595395574604,0 -66.04736180355737,-17.39932458185041,0 -66.04726778080281,-17.39932318949797,0 -66.04727213148117,-17.399052375788393,0 -66.04717810887338,-17.399050983414774,0 -66.04718245961135,-17.39878016971982,0 -66.04708843715031,-17.398778777325024,0 -66.04709133769074,-17.398598234872406,0 -66.04699731533046,-17.398596842448764,0 -66.04700021592805,-17.398416300007753,0 -66.04690619366849,-17.398414907555267,0 -66.04690909432327,-17.398234365125873,0 -66.04681507216445,-17.398232972644543,0 -66.04682087355344,-17.39787188780524,0 -66.04672685158741,-17.397870495310418,0 -66.04673265302098,-17.397509410486876,0 -66.04598047907871,-17.39749826918311,0 -66.0459819297834,-17.397407998036293,0</coordinates></LinearRing></outerBoundaryIs></Polygon></Placemark><Placemark><name>Bosque - 0.05 ha</name><styleUrl>#style_0</styleUrl><Polygon><outerBoundaryIs><LinearRing><coordinates>-66.03416816597347,-17.412672536265738,0 -66.03407413751908,-17.412671136659405,0 -66.03407267961238,-17.41276140669302,0 -66.03388462263777,-17.412758607332268,0 -66.0338831646302,-17.412848877349532,0 -66.03425927879866,-17.412854475924963,0 -66.03426073662202,-17.412764205876876,0 -66.03416670811282,-17.41276280630706,0 -66.03416816597347,-17.412672536265738,0</coordinates></LinearRing></outerBoundaryIs></Polygon></Placemark><Placemark><name>T_Agricolas - 0.01 ha</name><styleUrl>#style_3</styleUrl><Polygon><outerBoundaryIs><LinearRing><coordinates>-66.03388462263777,-17.412758607332268,0 -66.0338831646302,-17.412848877349532,0 -66.03378913610996,-17.412847477595115,0 -66.03379059416359,-17.412757207585557,0 -66.03388462263777,-17.412758607332268,0</coordinates></LinearRing></outerBoundaryIs></Polygon></Placemark><Placemark><name>T_Agricolas - 0.04 ha</name><styleUrl>#style_3</styleUrl><Polygon><outerBoundaryIs><LinearRing><coordinates>-66.02946821414011,-17.412512232117805,0 -66.02937418616989,-17.412510830307987,0 -66.02936980554165,-17.412781639252042,0 -66.02955786176715,-17.412784442873754,0 -66.02955932189323,-17.412694173211243,0 -66.02946529382214,-17.412692771430212,0 -66.02946821414011,-17.412512232117805,0</coordinates></LinearRing></outerBoundaryIs></Polygon></Placemark></Document></kml>