<?xml version="1.0" encoding="utf-8" ?>
<kml xmlns="http://www.opengis.net/kml/2.2">
<Document id="root_doc">
<Schema name="prediction_20260428_174218" id="prediction_20260428_174218">
	<SimpleField name="class_index" type="string"></SimpleField>
	<SimpleField name="class_name" type="string"></SimpleField>
	<SimpleField name="area_ha" type="float"></SimpleField>
</Schema>
<Folder><name>prediction_20260428_174218</name>
  <Placemark id="prediction_20260428_174218.1">
	<name>2</name>
	<description>Pastizales</description>
	<Style><LineStyle><color>ff0000ff</color></LineStyle><PolyStyle><fill>0</fill></PolyStyle></Style>
	<ExtendedData><SchemaData schemaUrl="#prediction_20260428_174218">
		<SimpleData name="class_index">0</SimpleData>
	</SchemaData></ExtendedData>
      <Polygon><outerBoundaryIs><LinearRing><coordinates>-66.0485915308198,-17.39302229091 -66.0485871836868,-17.3932931051062 -66.0484931639101,-17.3932917137978 -66.0484946130092,-17.3932014424076 -66.0484005932872,-17.3932000510627 -66.0484034915511,-17.3930195082951 -66.0485915308198,-17.39302229091</coordinates></LinearRing></outerBoundaryIs></Polygon>
  </Placemark>
  <Placemark id="prediction_20260428_174218.2">
	<name>6</name>
	<description>Agua</description>
	<Style><LineStyle><color>ff0000ff</color></LineStyle><PolyStyle><fill>0</fill></PolyStyle></Style>
	<ExtendedData><SchemaData schemaUrl="#prediction_20260428_174218">
		<SimpleData name="class_index">0</SimpleData>
	</SchemaData></ExtendedData>
      <Polygon><outerBoundaryIs><LinearRing><coordinates>-66.0465202006777,-17.3931722148879 -66.0465187506127,-17.3932624861169 -66.0464247310277,-17.3932610938367 -66.0464261811387,-17.3931708226153 -66.0465202006777,-17.3931722148879</coordinates></LinearRing></outerBoundaryIs></Polygon>
  </Placemark>
  <Placemark id="prediction_20260428_174218.3">
	<name>6</name>
	<description>Agua</description>
	<Style><LineStyle><color>ff0000ff</color></LineStyle><PolyStyle><fill>0</fill></PolyStyle></Style>
	<ExtendedData><SchemaData schemaUrl="#prediction_20260428_174218">
		<SimpleData name="class_index">0</SimpleData>
	</SchemaData></ExtendedData>
      <Polygon><outerBoundaryIs><LinearRing><coordinates>-66.048873589788,-17.3930264645012 -66.0488677941453,-17.3933875501862 -66.0487737742965,-17.3933861590026 -66.0487752232662,-17.3932958875904 -66.0486812034722,-17.3932944963704 -66.0486855504671,-17.3930236821513 -66.048873589788,-17.3930264645012</coordinates></LinearRing></outerBoundaryIs></Polygon>
  </Placemark>
  <Placemark id="prediction_20260428_174218.4">
	<name>2</name>
	<description>Pastizales</description>
	<Style><LineStyle><color>ff0000ff</color></LineStyle><PolyStyle><fill>0</fill></PolyStyle></Style>
	<ExtendedData><SchemaData schemaUrl="#prediction_20260428_174218">
		<SimpleData name="class_index">0</SimpleData>
	</SchemaData></ExtendedData>
      <Polygon><outerBoundaryIs><LinearRing><coordinates>-66.0472738069915,-17.3930930801869 -66.0472709076062,-17.3932736227686 -66.0470828683056,-17.3932708388707 -66.0470799687015,-17.3934513814181 -66.0469859489722,-17.3934499893875 -66.0469917483296,-17.3930889043198 -66.0472738069915,-17.3930930801869</coordinates></LinearRing></outerBoundaryIs></Polygon>
  </Placemark>
  <Placemark id="prediction_20260428_174218.5">
	<name>2</name>
	<description>Pastizales</description>
	<Style><LineStyle><color>ff0000ff</color></LineStyle><PolyStyle><fill>0</fill></PolyStyle></Style>
	<ExtendedData><SchemaData schemaUrl="#prediction_20260428_174218">
		<SimpleData name="class_index">0</SimpleData>
	</SchemaData></ExtendedData>
      <Polygon><outerBoundaryIs><LinearRing><coordinates>-66.0485842855546,-17.3934736478989 -66.0485828364754,-17.3935639192939 -66.0484888165608,-17.3935625279625 -66.0484902656859,-17.3934722565752 -66.0485842855546,-17.3934736478989</coordinates></LinearRing></outerBoundaryIs></Polygon>
  </Placemark>
  <Placemark id="prediction_20260428_174218.6">
	<name>3</name>
	<description>T_Agricolas</description>
	<Style><LineStyle><color>ff0000ff</color></LineStyle><PolyStyle><fill>0</fill></PolyStyle></Style>
	<ExtendedData><SchemaData schemaUrl="#prediction_20260428_174218">
		<SimpleData name="class_index">0</SimpleData>
	</SchemaData></ExtendedData>
      <Polygon><outerBoundaryIs><LinearRing><coordinates>-66.0469844991111,-17.3935402606521 -66.0469815993627,-17.3937208031785 -66.0468875795041,-17.3937194110808 -66.0468904793445,-17.3935388685697 -66.0469844991111,-17.3935402606521</coordinates></LinearRing></outerBoundaryIs></Polygon>
  </Placemark>
  <Placemark id="prediction_20260428_174218.7">
	<name>6</name>
	<description>Agua</description>
	<Style><LineStyle><color>ff0000ff</color></LineStyle><PolyStyle><fill>0</fill></PolyStyle></Style>
	<ExtendedData><SchemaData schemaUrl="#prediction_20260428_174218">
		<SimpleData name="class_index">0</SimpleData>
	</SchemaData></ExtendedData>
      <Polygon><outerBoundaryIs><LinearRing><coordinates>-66.0489545694834,-17.3938402984491 -66.0489516716147,-17.394020841292 -66.0488576514352,-17.394019450099 -66.0488605493959,-17.3938389072714 -66.0489545694834,-17.3938402984491</coordinates></LinearRing></outerBoundaryIs></Polygon>
  </Placemark>
  <Placemark id="prediction_20260428_174218.8">
	<name>4</name>
	<description>Infraestructura</description>
	<Style><LineStyle><color>ff0000ff</color></LineStyle><PolyStyle><fill>0</fill></PolyStyle></Style>
	<ExtendedData><SchemaData schemaUrl="#prediction_20260428_174218">
		<SimpleData name="class_index">0</SimpleData>
	</SchemaData></ExtendedData>
      <Polygon><outerBoundaryIs><LinearRing><coordinates>-66.0474603965468,-17.393186135184 -66.0474574973281,-17.3933666777946 -66.0475515170549,-17.3933680695966 -66.0475471682995,-17.3936388835284 -66.0474531484346,-17.3936374917034 -66.0474516987861,-17.3937277630045 -66.047357678884,-17.3937263711277 -66.0473562291807,-17.3938166424201 -66.0471681893106,-17.3938138585186 -66.0471652896939,-17.39399440107 -66.0470712696799,-17.3939930090376 -66.0470698198125,-17.3940832803043 -66.0468817797187,-17.3940804960917 -66.0468875795041,-17.3937194110808 -66.0469815993627,-17.3937208031785 -66.0469859489722,-17.3934499893875 -66.0470799687015,-17.3934513814181 -66.0470828683056,-17.3932708388707 -66.0472709076062,-17.3932736227686 -66.0472723573032,-17.3931833514782 -66.0474603965468,-17.393186135184</coordinates></LinearRing></outerBoundaryIs></Polygon>
  </Placemark>
  <Placemark id="prediction_20260428_174218.9">
	<name>4</name>
	<description>Infraestructura</description>
	<Style><LineStyle><color>ff0000ff</color></LineStyle><PolyStyle><fill>0</fill></PolyStyle></Style>
	<ExtendedData><SchemaData schemaUrl="#prediction_20260428_174218">
		<SimpleData name="class_index">0</SimpleData>
	</SchemaData></ExtendedData>
      <Polygon><outerBoundaryIs><LinearRing><coordinates>-66.0465042494836,-17.3941651983559 -66.0465013491532,-17.3943457407925 -66.0465953692989,-17.3943471331207 -66.0465924690256,-17.3945276755689 -66.0464984487879,-17.3945262832254 -66.0464969985922,-17.3946165544405 -66.0464029783173,-17.3946151620451 -66.0464102294386,-17.394163805999 -66.0465042494836,-17.3941651983559</coordinates></LinearRing></outerBoundaryIs></Polygon>
  </Placemark>
  <Placemark id="prediction_20260428_174218.10">
	<name>3</name>
	<description>T_Agricolas</description>
	<Style><LineStyle><color>ff0000ff</color></LineStyle><PolyStyle><fill>0</fill></PolyStyle></Style>
	<ExtendedData><SchemaData schemaUrl="#prediction_20260428_174218">
		<SimpleData name="class_index">0</SimpleData>
	</SchemaData></ExtendedData>
      <Polygon><outerBoundaryIs><LinearRing><coordinates>-66.0473489805336,-17.3942679988685 -66.047347530778,-17.3943582701554 -66.0476295914765,-17.3943624458145 -66.0476266922153,-17.3945429884315 -66.0477207125575,-17.3945443802449 -66.0477178133534,-17.3947249228735 -66.0476237929192,-17.3947235310448 -66.0476252425716,-17.3946332597386 -66.0474372018212,-17.394630475964 -66.0474386515569,-17.3945402046723 -66.0473446312408,-17.3945388127264 -66.0473460810138,-17.3944485414414 -66.0472520607524,-17.394447149459 -66.0472549603642,-17.3942666069015 -66.0473489805336,-17.3942679988685</coordinates></LinearRing></outerBoundaryIs></Polygon>
  </Placemark>
  <Placemark id="prediction_20260428_174218.11">
	<name>2</name>
	<description>Pastizales</description>
	<Style><LineStyle><color>ff0000ff</color></LineStyle><PolyStyle><fill>0</fill></PolyStyle></Style>
	<ExtendedData><SchemaData schemaUrl="#prediction_20260428_174218">
		<SimpleData name="class_index">0</SimpleData>
	</SchemaData></ExtendedData>
      <Polygon><outerBoundaryIs><LinearRing><coordinates>-66.047633940303,-17.394091631882 -66.0476324907029,-17.3941819031938 -66.0477265108612,-17.3941832949765 -66.0477250612983,-17.394273566295 -66.0478190815113,-17.3942749580412 -66.0478176319857,-17.3943652293664 -66.0482877334112,-17.3943721874729 -66.048284834794,-17.3945527301973 -66.0483788551972,-17.3945541217014 -66.048374507344,-17.3948249358039 -66.0480924457464,-17.3948207610901 -66.0480938951776,-17.3947304897465 -66.0479998747085,-17.3947290980945 -66.0480013241769,-17.3946388267577 -66.0479073037625,-17.3946374350692 -66.0479044047249,-17.3948179777266 -66.0478103842273,-17.3948165859786 -66.0478118337964,-17.394726314658 -66.0477178133534,-17.3947249228735 -66.0477207125575,-17.3945443802449 -66.0476266922153,-17.3945429884315 -66.0476295914765,-17.3943624458145 -66.047347530778,-17.3943582701554 -66.0473489805336,-17.3942679988685 -66.0471609402035,-17.3942652148903 -66.0471623900424,-17.3941749436178 -66.0475384705534,-17.394180511367 -66.0475399201995,-17.3940902400629 -66.047633940303,-17.394091631882</coordinates></LinearRing></outerBoundaryIs></Polygon>
  </Placemark>
  <Placemark id="prediction_20260428_174218.12">
	<name>3</name>
	<description>T_Agricolas</description>
	<Style><LineStyle><color>ff0000ff</color></LineStyle><PolyStyle><fill>0</fill></PolyStyle></Style>
	<ExtendedData><SchemaData schemaUrl="#prediction_20260428_174218">
		<SimpleData name="class_index">0</SimpleData>
	</SchemaData></ExtendedData>
      <Polygon><outerBoundaryIs><LinearRing><coordinates>-66.0478118337964,-17.394726314658 -66.0478103842273,-17.3948165859786 -66.0477163637383,-17.3948151941864 -66.0477178133534,-17.3947249228735 -66.0478118337964,-17.394726314658</coordinates></LinearRing></outerBoundaryIs></Polygon>
  </Placemark>
  <Placemark id="prediction_20260428_174218.13">
	<name>3</name>
	<description>T_Agricolas</description>
	<Style><LineStyle><color>ff0000ff</color></LineStyle><PolyStyle><fill>0</fill></PolyStyle></Style>
	<ExtendedData><SchemaData schemaUrl="#prediction_20260428_174218">
		<SimpleData name="class_index">0</SimpleData>
	</SchemaData></ExtendedData>
      <Polygon><outerBoundaryIs><LinearRing><coordinates>-66.0482804868028,-17.3948235442768 -66.048279037455,-17.3949138156348 -66.0480909963066,-17.3949110324327 -66.0480924457464,-17.3948207610901 -66.0482804868028,-17.3948235442768</coordinates></LinearRing></outerBoundaryIs></Polygon>
  </Placemark>
  <Placemark id="prediction_20260428_174218.14">
	<name>4</name>
	<description>Infraestructura</description>
	<Style><LineStyle><color>ff0000ff</color></LineStyle><PolyStyle><fill>0</fill></PolyStyle></Style>
	<ExtendedData><SchemaData schemaUrl="#prediction_20260428_174218">
		<SimpleData name="class_index">0</SimpleData>
	</SchemaData></ExtendedData>
      <Polygon><outerBoundaryIs><LinearRing><coordinates>-66.0466821389347,-17.3947998815566 -66.0466806888049,-17.3948901527842 -66.0465866683745,-17.3948887604542 -66.0465881185503,-17.3947984892343 -66.0466821389347,-17.3947998815566</coordinates></LinearRing></outerBoundaryIs></Polygon>
  </Placemark>
  <Placemark id="prediction_20260428_174218.15">
	<name>6</name>
	<description>Agua</description>
	<Style><LineStyle><color>ff0000ff</color></LineStyle><PolyStyle><fill>0</fill></PolyStyle></Style>
	<ExtendedData><SchemaData schemaUrl="#prediction_20260428_174218">
		<SimpleData name="class_index">0</SimpleData>
	</SchemaData></ExtendedData>
      <Polygon><outerBoundaryIs><LinearRing><coordinates>-66.0460196450452,-17.3950609478914 -66.0460181945672,-17.3951512190625 -66.0459241740598,-17.3951498264002 -66.0459256245838,-17.3950595552368 -66.0460196450452,-17.3950609478914</coordinates></LinearRing></outerBoundaryIs></Polygon>
  </Placemark>
  <Placemark id="prediction_20260428_174218.16">
	<name>0</name>
	<description>Bosque</description>
	<Style><LineStyle><color>ff0000ff</color></LineStyle><PolyStyle><fill>0</fill></PolyStyle></Style>
	<ExtendedData><SchemaData schemaUrl="#prediction_20260428_174218">
		<SimpleData name="class_index">0</SimpleData>
	</SchemaData></ExtendedData>
      <Polygon><outerBoundaryIs><LinearRing><coordinates>-66.0463957269779,-17.395066518068 -66.0463928263812,-17.3952470604706 -66.0464868469782,-17.3952484529196 -66.0464839464386,-17.3954289953339 -66.0460138430808,-17.3954220325701 -66.0460167440805,-17.3952414902326 -66.0461107646426,-17.3952428828584 -66.0461122150833,-17.3951526116806 -66.0460181945672,-17.3951512190625 -66.0460196450452,-17.3950609478914 -66.0463957269779,-17.395066518068</coordinates></LinearRing></outerBoundaryIs></Polygon>
  </Placemark>
  <Placemark id="prediction_20260428_174218.17">
	<name>3</name>
	<description>T_Agricolas</description>
	<Style><LineStyle><color>ff0000ff</color></LineStyle><PolyStyle><fill>0</fill></PolyStyle></Style>
	<ExtendedData><SchemaData schemaUrl="#prediction_20260428_174218">
		<SimpleData name="class_index">0</SimpleData>
	</SchemaData></ExtendedData>
      <Polygon><outerBoundaryIs><LinearRing><coordinates>-66.0448884980152,-17.3952247752775 -66.0448826937729,-17.3955858595803 -66.0443185701071,-17.3955774995328 -66.0443214727977,-17.3953969574754 -66.0441334318296,-17.3953941704701 -66.0441348832538,-17.3953038994554 -66.044510965041,-17.3953094732584 -66.0445124162725,-17.395219202212 -66.0448884980152,-17.3952247752775</coordinates></LinearRing></outerBoundaryIs></Polygon>
  </Placemark>
  <Placemark id="prediction_20260428_174218.18">
	<name>2</name>
	<description>Pastizales</description>
	<Style><LineStyle><color>ff0000ff</color></LineStyle><PolyStyle><fill>0</fill></PolyStyle></Style>
	<ExtendedData><SchemaData schemaUrl="#prediction_20260428_174218">
		<SimpleData name="class_index">0</SimpleData>
	</SchemaData></ExtendedData>
      <Polygon><outerBoundaryIs><LinearRing><coordinates>-66.0454540716536,-17.3951428624262 -66.0454526208909,-17.3952331335503 -66.0455466414007,-17.3952345264411 -66.0455451906752,-17.3953247975719 -66.0454511701194,-17.3953234046734 -66.0454482685503,-17.3955039469169 -66.0453542479112,-17.3955025539589 -66.0453513462152,-17.3956830961834 -66.0451633047792,-17.395680310104 -66.0451618538261,-17.3957705811995 -66.0450678330751,-17.3957691880859 -66.0450692840742,-17.3956789169981 -66.0448812426905,-17.3956761306537 -66.0448797915994,-17.3957664017261 -66.0444096880627,-17.3957594350535 -66.0444125906962,-17.3955788929845 -66.0448826937729,-17.3955858595803 -66.044889949054,-17.3951345041994 -66.0454540716536,-17.3951428624262</coordinates></LinearRing></outerBoundaryIs></Polygon>
  </Placemark>
  <Placemark id="prediction_20260428_174218.19">
	<name>3</name>
	<description>T_Agricolas</description>
	<Style><LineStyle><color>ff0000ff</color></LineStyle><PolyStyle><fill>0</fill></PolyStyle></Style>
	<ExtendedData><SchemaData schemaUrl="#prediction_20260428_174218">
		<SimpleData name="class_index">0</SimpleData>
	</SchemaData></ExtendedData>
      <Polygon><outerBoundaryIs><LinearRing><coordinates>-66.0472317624936,-17.395710947257 -66.0472303125526,-17.3958012185213 -66.0473243335041,-17.3958026106188 -66.0473199837668,-17.3960734244291 -66.0470379205246,-17.3960692479351 -66.0470393705837,-17.395978976689 -66.0469453495664,-17.3959775844436 -66.0469496998296,-17.3957067707226 -66.0472317624936,-17.395710947257</coordinates></LinearRing></outerBoundaryIs></Polygon>
  </Placemark>
  <Placemark id="prediction_20260428_174218.20">
	<name>2</name>
	<description>Pastizales</description>
	<Style><LineStyle><color>ff0000ff</color></LineStyle><PolyStyle><fill>0</fill></PolyStyle></Style>
	<ExtendedData><SchemaData schemaUrl="#prediction_20260428_174218">
		<SimpleData name="class_index">0</SimpleData>
	</SchemaData></ExtendedData>
      <Polygon><outerBoundaryIs><LinearRing><coordinates>-66.0470393705837,-17.395978976689 -66.0470379205246,-17.3960692479351 -66.0469438994613,-17.3960678556821 -66.0469453495664,-17.3959775844436 -66.0470393705837,-17.395978976689</coordinates></LinearRing></outerBoundaryIs></Polygon>
  </Placemark>
  <Placemark id="prediction_20260428_174218.21">
	<name>3</name>
	<description>T_Agricolas</description>
	<Style><LineStyle><color>ff0000ff</color></LineStyle><PolyStyle><fill>0</fill></PolyStyle></Style>
	<ExtendedData><SchemaData schemaUrl="#prediction_20260428_174218">
		<SimpleData name="class_index">0</SimpleData>
	</SchemaData></ExtendedData>
      <Polygon><outerBoundaryIs><LinearRing><coordinates>-66.0440307023539,-17.3959344029241 -66.0440292508226,-17.3960246739246 -66.0439352300383,-17.3960232802578 -66.0439366816156,-17.3959330092649 -66.0440307023539,-17.3959344029241</coordinates></LinearRing></outerBoundaryIs></Polygon>
  </Placemark>
  <Placemark id="prediction_20260428_174218.22">
	<name>2</name>
	<description>Pastizales</description>
	<Style><LineStyle><color>ff0000ff</color></LineStyle><PolyStyle><fill>0</fill></PolyStyle></Style>
	<ExtendedData><SchemaData schemaUrl="#prediction_20260428_174218">
		<SimpleData name="class_index">0</SimpleData>
	</SchemaData></ExtendedData>
      <Polygon><outerBoundaryIs><LinearRing><coordinates>-66.0478855601316,-17.3959915049089 -66.0478841104865,-17.3960817762241 -66.0477900893448,-17.3960803843687 -66.047788639645,-17.3961706556753 -66.0474125549812,-17.3961650877813 -66.047414004865,-17.3960748165054 -66.0473199837668,-17.3960734244291 -66.047321433688,-17.3959831531599 -66.0476034968706,-17.3959873292332 -66.0476020470875,-17.3960776005254 -66.0476960682118,-17.3960789924691 -66.0476975179489,-17.3959887211693 -66.0478855601316,-17.3959915049089</coordinates></LinearRing></outerBoundaryIs></Polygon>
  </Placemark>
  <Placemark id="prediction_20260428_174218.23">
	<name>5</name>
	<description>Suelo_Desnudo</description>
	<Style><LineStyle><color>ff0000ff</color></LineStyle><PolyStyle><fill>0</fill></PolyStyle></Style>
	<ExtendedData><SchemaData schemaUrl="#prediction_20260428_174218">
		<SimpleData name="class_index">0</SimpleData>
	</SchemaData></ExtendedData>
      <Polygon><outerBoundaryIs><LinearRing><coordinates>-66.0489183436206,-17.3960970837173 -66.0489168944729,-17.3961873551159 -66.0488228731893,-17.3961859637388 -66.0488243223831,-17.3960956923479 -66.0489183436206,-17.3960970837173</coordinates></LinearRing></outerBoundaryIs></Polygon>
  </Placemark>
  <Placemark id="prediction_20260428_174218.24">
	<name>3</name>
	<description>T_Agricolas</description>
	<Style><LineStyle><color>ff0000ff</color></LineStyle><PolyStyle><fill>0</fill></PolyStyle></Style>
	<ExtendedData><SchemaData schemaUrl="#prediction_20260428_174218">
		<SimpleData name="class_index">0</SimpleData>
	</SchemaData></ExtendedData>
      <Polygon><outerBoundaryIs><LinearRing><coordinates>-66.0487303011542,-17.3960943009343 -66.048727402666,-17.3962748436999 -66.0484453387557,-17.3962706691481 -66.0484482375199,-17.3960901264285 -66.0487303011542,-17.3960943009343</coordinates></LinearRing></outerBoundaryIs></Polygon>
  </Placemark>
  <Placemark id="prediction_20260428_174218.25">
	<name>3</name>
	<description>T_Agricolas</description>
	<Style><LineStyle><color>ff0000ff</color></LineStyle><PolyStyle><fill>0</fill></PolyStyle></Style>
	<ExtendedData><SchemaData schemaUrl="#prediction_20260428_174218">
		<SimpleData name="class_index">0</SimpleData>
	</SchemaData></ExtendedData>
      <Polygon><outerBoundaryIs><LinearRing><coordinates>-66.0439337784523,-17.3961135512497 -66.0439323268575,-17.3962038222407 -66.04383830599,-17.3962024285143 -66.0438397576307,-17.396112157531 -66.0439337784523,-17.3961135512497</coordinates></LinearRing></outerBoundaryIs></Polygon>
  </Placemark>
  <Placemark id="prediction_20260428_174218.26">
	<name>6</name>
	<description>Agua</description>
	<Style><LineStyle><color>ff0000ff</color></LineStyle><PolyStyle><fill>0</fill></PolyStyle></Style>
	<ExtendedData><SchemaData schemaUrl="#prediction_20260428_174218">
		<SimpleData name="class_index">0</SimpleData>
	</SchemaData></ExtendedData>
      <Polygon><outerBoundaryIs><LinearRing><coordinates>-66.0490225083351,-17.3954665751724 -66.0490080175356,-17.3963692892585 -66.0488199747757,-17.3963665065179 -66.0488228731893,-17.3961859637388 -66.0489168944729,-17.3961873551159 -66.0489226910115,-17.3958262695158 -66.048828669912,-17.3958248781695 -66.0488315682211,-17.3956443353792 -66.0489255892286,-17.3956457267102 -66.0489284874109,-17.3954651839009 -66.0490225083351,-17.3954665751724</coordinates></LinearRing></outerBoundaryIs></Polygon>
  </Placemark>
  <Placemark id="prediction_20260428_174218.27">
	<name>4</name>
	<description>Infraestructura</description>
	<Style><LineStyle><color>ff0000ff</color></LineStyle><PolyStyle><fill>0</fill></PolyStyle></Style>
	<ExtendedData><SchemaData schemaUrl="#prediction_20260428_174218">
		<SimpleData name="class_index">0</SimpleData>
	</SchemaData></ExtendedData>
      <Polygon><outerBoundaryIs><LinearRing><coordinates>-66.0441261745775,-17.3958455255299 -66.0441232716156,-17.3960260675472 -66.0442172924174,-17.3960274611257 -66.0442129380471,-17.3962982741678 -66.0440248961764,-17.3962954869206 -66.0440234446101,-17.3963857579174 -66.0439294236418,-17.3963843642199 -66.0439352300383,-17.3960232802578 -66.0440292508226,-17.3960246739246 -66.0440321538765,-17.3958441319226 -66.0441261745775,-17.3958455255299</coordinates></LinearRing></outerBoundaryIs></Polygon>
  </Placemark>
  <Placemark id="prediction_20260428_174218.28">
	<name>4</name>
	<description>Infraestructura</description>
	<Style><LineStyle><color>ff0000ff</color></LineStyle><PolyStyle><fill>0</fill></PolyStyle></Style>
	<ExtendedData><SchemaData schemaUrl="#prediction_20260428_174218">
		<SimpleData name="class_index">0</SimpleData>
	</SchemaData></ExtendedData>
      <Polygon><outerBoundaryIs><LinearRing><coordinates>-66.0459067670915,-17.3962330802883 -66.0459038658081,-17.3964136225899 -66.0457158235313,-17.3964108369179 -66.0457172742694,-17.3963205657829 -66.0458112953574,-17.3963219586333 -66.0458127460408,-17.3962316874897 -66.0459067670915,-17.3962330802883</coordinates></LinearRing></outerBoundaryIs></Polygon>
  </Placemark>
  <Placemark id="prediction_20260428_174218.29">
	<name>3</name>
	<description>T_Agricolas</description>
	<Style><LineStyle><color>ff0000ff</color></LineStyle><PolyStyle><fill>0</fill></PolyStyle></Style>
	<ExtendedData><SchemaData schemaUrl="#prediction_20260428_174218">
		<SimpleData name="class_index">0</SimpleData>
	</SchemaData></ExtendedData>
      <Polygon><outerBoundaryIs><LinearRing><coordinates>-66.0483498680285,-17.3963595488932 -66.0483484185786,-17.3964498202431 -66.0482543972092,-17.3964484285779 -66.0482558467052,-17.3963581572358 -66.0483498680285,-17.3963595488932</coordinates></LinearRing></outerBoundaryIs></Polygon>
  </Placemark>
  <Placemark id="prediction_20260428_174218.30">
	<name>2</name>
	<description>Pastizales</description>
	<Style><LineStyle><color>ff0000ff</color></LineStyle><PolyStyle><fill>0</fill></PolyStyle></Style>
	<ExtendedData><SchemaData schemaUrl="#prediction_20260428_174218">
		<SimpleData name="class_index">0</SimpleData>
	</SchemaData></ExtendedData>
      <Polygon><outerBoundaryIs><LinearRing><coordinates>-66.0488228731893,-17.3961859637388 -66.0488170763273,-17.3965470492932 -66.0487230548684,-17.3965456578413 -66.048724504143,-17.3964553864618 -66.0486304827388,-17.3964539949734 -66.0486290334182,-17.3965442663453 -66.0485350119768,-17.396542874805 -66.0485364613433,-17.3964526034408 -66.0484424399566,-17.396451211864 -66.0484453387557,-17.3962706691481 -66.048727402666,-17.3962748436999 -66.0487288519145,-17.3961845723176 -66.0488228731893,-17.3961859637388</coordinates></LinearRing></outerBoundaryIs></Polygon>
  </Placemark>
  <Placemark id="prediction_20260428_174218.31">
	<name>4</name>
	<description>Infraestructura</description>
	<Style><LineStyle><color>ff0000ff</color></LineStyle><PolyStyle><fill>0</fill></PolyStyle></Style>
	<ExtendedData><SchemaData schemaUrl="#prediction_20260428_174218">
		<SimpleData name="class_index">0</SimpleData>
	</SchemaData></ExtendedData>
      <Polygon><outerBoundaryIs><LinearRing><coordinates>-66.0439294236418,-17.3963843642199 -66.0439279720209,-17.3964746352081 -66.0438339510153,-17.3964732414587 -66.0438354026822,-17.3963829704782 -66.0439294236418,-17.3963843642199</coordinates></LinearRing></outerBoundaryIs></Polygon>
  </Placemark>
  <Placemark id="prediction_20260428_174218.32">
	<name>2</name>
	<description>Pastizales</description>
	<Style><LineStyle><color>ff0000ff</color></LineStyle><PolyStyle><fill>0</fill></PolyStyle></Style>
	<ExtendedData><SchemaData schemaUrl="#prediction_20260428_174218">
		<SimpleData name="class_index">1</SimpleData>
	</SchemaData></ExtendedData>
      <Polygon><outerBoundaryIs><LinearRing><coordinates>-66.0465924690256,-17.3945276755689 -66.0465881185503,-17.3947984892343 -66.0464940981747,-17.3947970968678 -66.0464911977222,-17.3949776392913 -66.0465852181899,-17.3949790316732 -66.0465823177946,-17.3951595741083 -66.0467703589401,-17.3951623587702 -66.0467602079261,-17.3957942573713 -66.046854228834,-17.3957956496897 -66.0468527787003,-17.3958859209223 -66.0469467996629,-17.3958873132042 -66.0469453495664,-17.3959775844436 -66.046757307558,-17.3959747998204 -66.0467471559949,-17.3966066983628 -66.0465591133772,-17.3966039134554 -66.0465605637186,-17.3965136422532 -66.0463725212278,-17.3965108571844 -66.0463739716526,-17.3964205859966 -66.0461859292886,-17.3964178007665 -66.0461873797967,-17.3963275295931 -66.0460933586738,-17.3963261369195 -66.0460962597558,-17.3961455945853 -66.0460022387336,-17.3961442018828 -66.0460051398727,-17.3959636595602 -66.0460991608029,-17.3959650522474 -66.0461035123081,-17.3956942387335 -66.046009491516,-17.3956928460694 -66.0460123925679,-17.3955123037375 -66.0459183718765,-17.3955109110445 -66.0459241740598,-17.3951498264002 -66.0461122150833,-17.3951526116806 -66.0461107646426,-17.3952428828584 -66.0460167440805,-17.3952414902326 -66.0460138430808,-17.3954220325701 -66.0464839464386,-17.3954289953339 -66.0464868469782,-17.3952484529196 -66.0463928263812,-17.3952470604706 -66.0464029783173,-17.3946151620451 -66.0464969985922,-17.3946165544405 -66.0464984487879,-17.3945262832254 -66.0465924690256,-17.3945276755689</coordinates></LinearRing></outerBoundaryIs></Polygon>
  </Placemark>
  <Placemark id="prediction_20260428_174218.33">
	<name>0</name>
	<description>Bosque</description>
	<Style><LineStyle><color>ff0000ff</color></LineStyle><PolyStyle><fill>0</fill></PolyStyle></Style>
	<ExtendedData><SchemaData schemaUrl="#prediction_20260428_174218">
		<SimpleData name="class_index">0</SimpleData>
	</SchemaData></ExtendedData>
      <Polygon><outerBoundaryIs><LinearRing><coordinates>-66.0490080175356,-17.3963692892585 -66.0490036701259,-17.3966401034661 -66.0489096486036,-17.3966387120949 -66.0489110977949,-17.396548440701 -66.0488170763273,-17.3965470492932 -66.0488199747757,-17.3963665065179 -66.0490080175356,-17.3963692892585</coordinates></LinearRing></outerBoundaryIs></Polygon>
  </Placemark>
  <Placemark id="prediction_20260428_174218.34">
	<name>5</name>
	<description>Suelo_Desnudo</description>
	<Style><LineStyle><color>ff0000ff</color></LineStyle><PolyStyle><fill>0</fill></PolyStyle></Style>
	<ExtendedData><SchemaData schemaUrl="#prediction_20260428_174218">
		<SimpleData name="class_index">0</SimpleData>
	</SchemaData></ExtendedData>
      <Polygon><outerBoundaryIs><LinearRing><coordinates>-66.0484438893605,-17.3963609405065 -66.0484424399566,-17.396451211864 -66.0485364613433,-17.3964526034408 -66.0485350119768,-17.396542874805 -66.0486290334182,-17.3965442663453 -66.0486304827388,-17.3964539949734 -66.048724504143,-17.3964553864618 -66.0487216055851,-17.39663592922 -66.0486275840889,-17.3966345377162 -66.0486261347509,-17.3967248090862 -66.0482500486693,-17.3967192425987 -66.0482514981913,-17.3966289712594 -66.0481574767387,-17.3966275795347 -66.0481603758486,-17.3964470368686 -66.0483484185786,-17.3964498202431 -66.0483498680285,-17.3963595488932 -66.0484438893605,-17.3963609405065</coordinates></LinearRing></outerBoundaryIs></Polygon>
  </Placemark>
  <Placemark id="prediction_20260428_174218.35">
	<name>3</name>
	<description>T_Agricolas</description>
	<Style><LineStyle><color>ff0000ff</color></LineStyle><PolyStyle><fill>0</fill></PolyStyle></Style>
	<ExtendedData><SchemaData schemaUrl="#prediction_20260428_174218">
		<SimpleData name="class_index">0</SimpleData>
	</SchemaData></ExtendedData>
      <Polygon><outerBoundaryIs><LinearRing><coordinates>-66.0481603758486,-17.3964470368686 -66.0481574767387,-17.3966275795347 -66.0480634552948,-17.3966261877659 -66.0480620056807,-17.3967164590899 -66.0479679841995,-17.3967150672692 -66.0479708835109,-17.3965345246356 -66.0480649049001,-17.3965359164409 -66.0480663544968,-17.3964456451151 -66.0481603758486,-17.3964470368686</coordinates></LinearRing></outerBoundaryIs></Polygon>
  </Placemark>
  <Placemark id="prediction_20260428_174218.36">
	<name>0</name>
	<description>Bosque</description>
	<Style><LineStyle><color>ff0000ff</color></LineStyle><PolyStyle><fill>0</fill></PolyStyle></Style>
	<ExtendedData><SchemaData schemaUrl="#prediction_20260428_174218">
		<SimpleData name="class_index">0</SimpleData>
	</SchemaData></ExtendedData>
      <Polygon><outerBoundaryIs><LinearRing><coordinates>-66.0490976916569,-17.3966414947931 -66.0490933443069,-17.3969123090153 -66.0489993226378,-17.3969109176653 -66.0490036701259,-17.3966401034661 -66.0490976916569,-17.3966414947931</coordinates></LinearRing></outerBoundaryIs></Polygon>
  </Placemark>
  <Placemark id="prediction_20260428_174218.37">
	<name>6</name>
	<description>Agua</description>
	<Style><LineStyle><color>ff0000ff</color></LineStyle><PolyStyle><fill>0</fill></PolyStyle></Style>
	<ExtendedData><SchemaData schemaUrl="#prediction_20260428_174218">
		<SimpleData name="class_index">0</SimpleData>
	</SchemaData></ExtendedData>
      <Polygon><outerBoundaryIs><LinearRing><coordinates>-66.0490933443069,-17.3969123090153 -66.0490918951728,-17.3970025804209 -66.0489038517514,-17.3969997976613 -66.0489053009775,-17.3969095262711 -66.0490933443069,-17.3969123090153</coordinates></LinearRing></outerBoundaryIs></Polygon>
  </Placemark>
  <Placemark id="prediction_20260428_174218.38">
	<name>2</name>
	<description>Pastizales</description>
	<Style><LineStyle><color>ff0000ff</color></LineStyle><PolyStyle><fill>0</fill></PolyStyle></Style>
	<ExtendedData><SchemaData schemaUrl="#prediction_20260428_174218">
		<SimpleData name="class_index">0</SimpleData>
	</SchemaData></ExtendedData>
      <Polygon><outerBoundaryIs><LinearRing><coordinates>-66.0484351928065,-17.3969025686374 -66.0484337433503,-17.3969928399893 -66.0483397216962,-17.3969914483223 -66.0483411711984,-17.3969011769781 -66.0484351928065,-17.3969025686374</coordinates></LinearRing></outerBoundaryIs></Polygon>
  </Placemark>
  <Placemark id="prediction_20260428_174218.39">
	<name>2</name>
	<description>Pastizales</description>
	<Style><LineStyle><color>ff0000ff</color></LineStyle><PolyStyle><fill>0</fill></PolyStyle></Style>
	<ExtendedData><SchemaData schemaUrl="#prediction_20260428_174218">
		<SimpleData name="class_index">1</SimpleData>
	</SchemaData></ExtendedData>
      <Polygon><outerBoundaryIs><LinearRing><coordinates>-66.0437588016062,-17.3952983249455 -66.0437297677835,-17.3971037444488 -66.0435417251718,-17.3971009566216 -66.0435431770379,-17.3970106856706 -66.0434491557911,-17.3970092916984 -66.0434535114749,-17.396738478863 -66.0433594903749,-17.3967370848697 -66.0433623942125,-17.3965565429901 -66.0432683732132,-17.3965551489679 -66.0432727290422,-17.3962843361646 -66.0431787081896,-17.3962829421213 -66.0431830640781,-17.3960121293327 -66.0430890433723,-17.3960107352682 -66.0430919473463,-17.3958301934199 -66.0429979267413,-17.3958287993266 -66.0430022827748,-17.39555798657 -66.0429082623165,-17.3955565924556 -66.0429126184095,-17.3952857797137 -66.0437588016062,-17.3952983249455</coordinates></LinearRing></outerBoundaryIs></Polygon>
  </Placemark>
  <Placemark id="prediction_20260428_174218.40">
	<name>5</name>
	<description>Suelo_Desnudo</description>
	<Style><LineStyle><color>ff0000ff</color></LineStyle><PolyStyle><fill>0</fill></PolyStyle></Style>
	<ExtendedData><SchemaData schemaUrl="#prediction_20260428_174218">
		<SimpleData name="class_index">0</SimpleData>
	</SchemaData></ExtendedData>
      <Polygon><outerBoundaryIs><LinearRing><coordinates>-66.0477741421678,-17.3970733686899 -66.0477726923721,-17.3971636399862 -66.047678670687,-17.3971622479946 -66.0476801205287,-17.3970719767059 -66.0477741421678,-17.3970733686899</coordinates></LinearRing></outerBoundaryIs></Polygon>
  </Placemark>
  <Placemark id="prediction_20260428_174218.41">
	<name>2</name>
	<description>Pastizales</description>
	<Style><LineStyle><color>ff0000ff</color></LineStyle><PolyStyle><fill>0</fill></PolyStyle></Style>
	<ExtendedData><SchemaData schemaUrl="#prediction_20260428_174218">
		<SimpleData name="class_index">0</SimpleData>
	</SchemaData></ExtendedData>
      <Polygon><outerBoundaryIs><LinearRing><coordinates>-66.0441058531116,-17.3971093195731 -66.0441044015129,-17.3971995905691 -66.0440103801218,-17.3971981968467 -66.0440118317665,-17.3971079258583 -66.0441058531116,-17.3971093195731</coordinates></LinearRing></outerBoundaryIs></Polygon>
  </Placemark>
  <Placemark id="prediction_20260428_174218.42">
	<name>4</name>
	<description>Infraestructura</description>
	<Style><LineStyle><color>ff0000ff</color></LineStyle><PolyStyle><fill>0</fill></PolyStyle></Style>
	<ExtendedData><SchemaData schemaUrl="#prediction_20260428_174218">
		<SimpleData name="class_index">0</SimpleData>
	</SchemaData></ExtendedData>
      <Polygon><outerBoundaryIs><LinearRing><coordinates>-66.0489110977949,-17.396548440701 -66.0489096486036,-17.3966387120949 -66.0490036701259,-17.3966401034661 -66.0489993226378,-17.3969109176653 -66.0489053009775,-17.3969095262711 -66.0489038517514,-17.3969997976613 -66.0490918951728,-17.3970025804209 -66.0490875477182,-17.3972733946319 -66.0481473295794,-17.3972594788368 -66.0481458799504,-17.397349750162 -66.0472996839562,-17.3973372220995 -66.0473025840337,-17.3971566795863 -66.0477726923721,-17.3971636399862 -66.0477741421678,-17.3970733686899 -66.0479621854721,-17.3970761525252 -66.047963635167,-17.3969858812126 -66.0480576567863,-17.3969872730563 -66.0480634552948,-17.3966261877659 -66.0482514981913,-17.3966289712594 -66.0482500486693,-17.3967192425987 -66.0486261347509,-17.3967248090862 -66.0486275840889,-17.3966345377162 -66.0487216055851,-17.39663592922 -66.0487230548684,-17.3965456578413 -66.0489110977949,-17.396548440701</coordinates></LinearRing></outerBoundaryIs><innerBoundaryIs><LinearRing><coordinates>-66.0484351928065,-17.3969025686374 -66.0483411711984,-17.3969011769781 -66.0483397216962,-17.3969914483223 -66.0484337433503,-17.3969928399893 -66.0484351928065,-17.3969025686374</coordinates></LinearRing></innerBoundaryIs></Polygon>
  </Placemark>
  <Placemark id="prediction_20260428_174218.43">
	<name>4</name>
	<description>Infraestructura</description>
	<Style><LineStyle><color>ff0000ff</color></LineStyle><PolyStyle><fill>0</fill></PolyStyle></Style>
	<ExtendedData><SchemaData schemaUrl="#prediction_20260428_174218">
		<SimpleData name="class_index">0</SimpleData>
	</SchemaData></ExtendedData>
      <Polygon><outerBoundaryIs><LinearRing><coordinates>-66.0438324993396,-17.3965635124382 -66.0438295959621,-17.3967440543946 -66.0439236171057,-17.396745448167 -66.0439192621121,-17.3970162611176 -66.0440132834025,-17.3970176548689 -66.0440103801218,-17.3971981968467 -66.0441044015129,-17.3971995905691 -66.0441029499054,-17.3972898615643 -66.0437268642093,-17.3972842863786 -66.0437384782968,-17.396562118637 -66.0438324993396,-17.3965635124382</coordinates></LinearRing></outerBoundaryIs></Polygon>
  </Placemark>
  <Placemark id="prediction_20260428_174218.44">
	<name>2</name>
	<description>Pastizales</description>
	<Style><LineStyle><color>ff0000ff</color></LineStyle><PolyStyle><fill>0</fill></PolyStyle></Style>
	<ExtendedData><SchemaData schemaUrl="#prediction_20260428_174218">
		<SimpleData name="class_index">0</SimpleData>
	</SchemaData></ExtendedData>
      <Polygon><outerBoundaryIs><LinearRing><coordinates>-66.0444848413824,-17.396934351934 -66.0444833899852,-17.3970246229626 -66.0445774113279,-17.3970260164488 -66.0445759599679,-17.3971162874843 -66.0446699813654,-17.3971176809339 -66.0446685300427,-17.3972079519761 -66.0447625514949,-17.3972093453893 -66.0447596489154,-17.3973898874862 -66.0446656273712,-17.3973884940576 -66.0446670787113,-17.3972982230173 -66.0444790357411,-17.3972954360431 -66.0444819385792,-17.3971148939904 -66.0443879171992,-17.3971135004523 -66.0443893686512,-17.3970232294323 -66.0442953473259,-17.3970218358577 -66.0442967988152,-17.3969315648444 -66.0444848413824,-17.396934351934</coordinates></LinearRing></outerBoundaryIs></Polygon>
  </Placemark>
  <Placemark id="prediction_20260428_174218.45">
	<name>2</name>
	<description>Pastizales</description>
	<Style><LineStyle><color>ff0000ff</color></LineStyle><PolyStyle><fill>0</fill></PolyStyle></Style>
	<ExtendedData><SchemaData schemaUrl="#prediction_20260428_174218">
		<SimpleData name="class_index">0</SimpleData>
	</SchemaData></ExtendedData>
      <Polygon><outerBoundaryIs><LinearRing><coordinates>-66.0446656273712,-17.3973884940576 -66.0446641760224,-17.397478765097 -66.0444761328682,-17.397475978092 -66.044477584309,-17.397385707068 -66.0446656273712,-17.3973884940576</coordinates></LinearRing></outerBoundaryIs></Polygon>
  </Placemark>
  <Placemark id="prediction_20260428_174218.46">
	<name>4</name>
	<description>Infraestructura</description>
	<Style><LineStyle><color>ff0000ff</color></LineStyle><PolyStyle><fill>0</fill></PolyStyle></Style>
	<ExtendedData><SchemaData schemaUrl="#prediction_20260428_174218">
		<SimpleData name="class_index">0</SimpleData>
	</SchemaData></ExtendedData>
      <Polygon><outerBoundaryIs><LinearRing><coordinates>-66.0441955197811,-17.3973815262522 -66.0441940682023,-17.3974717972531 -66.0441000466644,-17.3974704035518 -66.0441014982893,-17.3973801325585 -66.0441955197811,-17.3973815262522</coordinates></LinearRing></outerBoundaryIs></Polygon>
  </Placemark>
  <Placemark id="prediction_20260428_174218.47">
	<name>3</name>
	<description>T_Agricolas</description>
	<Style><LineStyle><color>ff0000ff</color></LineStyle><PolyStyle><fill>0</fill></PolyStyle></Style>
	<ExtendedData><SchemaData schemaUrl="#prediction_20260428_174218">
		<SimpleData name="class_index">0</SimpleData>
	</SchemaData></ExtendedData>
      <Polygon><outerBoundaryIs><LinearRing><coordinates>-66.0437297677835,-17.3971037444488 -66.0437268642093,-17.3972842863786 -66.0438208856202,-17.3972856802413 -66.0438194338661,-17.3973759512125 -66.0440074768061,-17.3973787388207 -66.0440060251353,-17.3974690098063 -66.043629939106,-17.3974634343824 -66.0436342946446,-17.397192621515 -66.0435402732971,-17.3971912275716 -66.0435417251718,-17.3971009566216 -66.0437297677835,-17.3971037444488</coordinates></LinearRing></outerBoundaryIs></Polygon>
  </Placemark>
  <Placemark id="prediction_20260428_174218.48">
	<name>2</name>
	<description>Pastizales</description>
	<Style><LineStyle><color>ff0000ff</color></LineStyle><PolyStyle><fill>0</fill></PolyStyle></Style>
	<ExtendedData><SchemaData schemaUrl="#prediction_20260428_174218">
		<SimpleData name="class_index">0</SimpleData>
	</SchemaData></ExtendedData>
      <Polygon><outerBoundaryIs><LinearRing><coordinates>-66.0441029499054,-17.3972898615643 -66.0440985950308,-17.3975606745442 -66.0440045734556,-17.397559280791 -66.0440074768061,-17.3973787388207 -66.0438194338661,-17.3973759512125 -66.0438208856202,-17.3972856802413 -66.0441029499054,-17.3972898615643</coordinates></LinearRing></outerBoundaryIs></Polygon>
  </Placemark>
  <Placemark id="prediction_20260428_174218.49">
	<name>3</name>
	<description>T_Agricolas</description>
	<Style><LineStyle><color>ff0000ff</color></LineStyle><PolyStyle><fill>0</fill></PolyStyle></Style>
	<ExtendedData><SchemaData schemaUrl="#prediction_20260428_174218">
		<SimpleData name="class_index">0</SimpleData>
	</SchemaData></ExtendedData>
      <Polygon><outerBoundaryIs><LinearRing><coordinates>-66.0442967988152,-17.3969315648444 -66.0442953473259,-17.3970218358577 -66.0443893686512,-17.3970232294323 -66.0443879171992,-17.3971135004523 -66.0444819385792,-17.3971148939904 -66.0444790357411,-17.3972954360431 -66.0446670787113,-17.3972982230173 -66.0446656273712,-17.3973884940576 -66.044477584309,-17.397385707068 -66.0444732299603,-17.3976565201372 -66.0443792083043,-17.3976551265531 -66.0443806598086,-17.3975648555386 -66.0440985950308,-17.3975606745442 -66.0441000466644,-17.3974704035518 -66.0441940682023,-17.3974717972531 -66.0441955197811,-17.3973815262522 -66.0441014982893,-17.3973801325585 -66.0441058531116,-17.3971093195731 -66.0440118317665,-17.3971079258583 -66.0440132834025,-17.3970176548689 -66.0439192621121,-17.3970162611176 -66.0439207137854,-17.396925990135 -66.0442967988152,-17.3969315648444</coordinates></LinearRing></outerBoundaryIs></Polygon>
  </Placemark>
  <Placemark id="prediction_20260428_174218.50">
	<name>0</name>
	<description>Bosque</description>
	<Style><LineStyle><color>ff0000ff</color></LineStyle><PolyStyle><fill>0</fill></PolyStyle></Style>
	<ExtendedData><SchemaData schemaUrl="#prediction_20260428_174218">
		<SimpleData name="class_index">14</SimpleData>
	</SchemaData></ExtendedData>
      <Polygon><outerBoundaryIs><LinearRing><coordinates>-66.0486855504671,-17.3930236821513 -66.0486812034722,-17.3932944963704 -66.0487752232662,-17.3932958875904 -66.0487737742965,-17.3933861590026 -66.0488677941453,-17.3933875501862 -66.0488576514352,-17.394019450099 -66.0489516716147,-17.394020841292 -66.0489313855583,-17.3952846410879 -66.0490254063905,-17.395286032344 -66.0490225083351,-17.3954665751724 -66.0489284874109,-17.3954651839009 -66.0489255892286,-17.3956457267102 -66.0488315682211,-17.3956443353792 -66.048828669912,-17.3958248781695 -66.0489226910115,-17.3958262695158 -66.0489183436206,-17.3960970837173 -66.0488243223831,-17.3960956923479 -66.0488228731893,-17.3961859637388 -66.0487288519145,-17.3961845723176 -66.0487303011542,-17.3960943009343 -66.0484482375199,-17.3960901264285 -66.0484438893605,-17.3963609405065 -66.0482558467052,-17.3963581572358 -66.0482543972092,-17.3964484285779 -66.0480663544968,-17.3964456451151 -66.0480649049001,-17.3965359164409 -66.0479708835109,-17.3965345246356 -66.0479679841995,-17.3967150672692 -66.0480620056807,-17.3967164590899 -66.0480576567863,-17.3969872730563 -66.047963635167,-17.3969858812126 -66.0479621854721,-17.3970761525252 -66.0476801205287,-17.3970719767059 -66.047678670687,-17.3971622479946 -66.0473025840337,-17.3971566795863 -66.0472996839562,-17.3973372220995 -66.0470176187816,-17.3973330452833 -66.0470161685917,-17.3974233165155 -66.0466400816303,-17.397417746778 -66.0466386312477,-17.3975080179786 -66.0459804790787,-17.3974982691831 -66.0459819297834,-17.3974079980363 -66.0456998648369,-17.3974038193413 -66.0456984139942,-17.3974940904651 -66.0456043923168,-17.3974926974708 -66.0456029414193,-17.397582968586 -66.0456969631427,-17.397584361588 -66.0456955122826,-17.39767463271 -66.0456014905132,-17.3976732397002 -66.0456000395983,-17.3977635108136 -66.0455060177916,-17.397762117752 -66.0455074687525,-17.3976718466463 -66.0449433383714,-17.3976634873951 -66.0449462408191,-17.3974829452731 -66.0446641760224,-17.397478765097 -66.0446656273712,-17.3973884940576 -66.0447596489154,-17.3973898874862 -66.0447625514949,-17.3972093453893 -66.0446685300427,-17.3972079519761 -66.0446699813654,-17.3971176809339 -66.0445759599679,-17.3971162874843 -66.0445774113279,-17.3970260164488 -66.0444833899852,-17.3970246229626 -66.0444848413824,-17.396934351934 -66.0439207137854,-17.396925990135 -66.0439236171057,-17.396745448167 -66.0438295959621,-17.3967440543946 -66.0438324993396,-17.3965635124382 -66.0437384782968,-17.396562118637 -66.0437588016062,-17.3952983249455 -66.043852822005,-17.3952997186392 -66.0438542735586,-17.3952094476466 -66.0445124162725,-17.395219202212 -66.044510965041,-17.3953094732584 -66.0441348832538,-17.3953038994554 -66.0441334318296,-17.3953941704701 -66.0443214727977,-17.3953969574754 -66.0443185701071,-17.3955774995328 -66.0444125906962,-17.3955788929845 -66.0444096880627,-17.3957594350535 -66.0448797915994,-17.3957664017261 -66.0448812426905,-17.3956761306537 -66.0450692840742,-17.3956789169981 -66.0450678330751,-17.3957691880859 -66.0451618538261,-17.3957705811995 -66.0451633047792,-17.395680310104 -66.0453513462152,-17.3956830961834 -66.0453542479112,-17.3955025539589 -66.0454482685503,-17.3955039469169 -66.0454511701194,-17.3953234046734 -66.0455451906752,-17.3953247975719 -66.0455466414007,-17.3952345264411 -66.0454526208909,-17.3952331335503 -66.0454540716536,-17.3951428624262 -66.0459241740598,-17.3951498264002 -66.0459183718765,-17.3955109110445 -66.0460123925679,-17.3955123037375 -66.046009491516,-17.3956928460694 -66.0461035123081,-17.3956942387335 -66.0460991608029,-17.3959650522474 -66.0460051398727,-17.3959636595602 -66.0460022387336,-17.3961442018828 -66.0460962597558,-17.3961455945853 -66.0460933586738,-17.3963261369195 -66.0461873797967,-17.3963275295931 -66.0461859292886,-17.3964178007665 -66.0463739716526,-17.3964205859966 -66.0463725212278,-17.3965108571844 -66.0465605637186,-17.3965136422532 -66.0465591133772,-17.3966039134554 -66.0467471559949,-17.3966066983628 -66.046757307558,-17.3959747998204 -66.0469453495664,-17.3959775844436 -66.0469438994613,-17.3960678556821 -66.047414004865,-17.3960748165054 -66.0474125549812,-17.3961650877813 -66.047788639645,-17.3961706556753 -66.0477900893448,-17.3960803843687 -66.0478841104865,-17.3960817762241 -66.0478855601316,-17.3959915049089 -66.0476975179489,-17.3959887211693 -66.0476960682118,-17.3960789924691 -66.0476020470875,-17.3960776005254 -66.0476034968706,-17.3959873292332 -66.047321433688,-17.3959831531599 -66.0473243335041,-17.3958026106188 -66.0472303125526,-17.3958012185213 -66.0472317624936,-17.395710947257 -66.0469496998296,-17.3957067707226 -66.0469467996629,-17.3958873132042 -66.0468527787003,-17.3958859209223 -66.046854228834,-17.3957956496897 -66.0467602079261,-17.3957942573713 -66.0467703589401,-17.3951623587702 -66.0465823177946,-17.3951595741083 -66.0465852181899,-17.3949790316732 -66.0464911977222,-17.3949776392913 -66.0464940981747,-17.3947970968678 -66.0465881185503,-17.3947984892343 -66.0465953692989,-17.3943471331207 -66.0465013491532,-17.3943457407925 -66.0465042494836,-17.3941651983559 -66.0464102294386,-17.394163805999 -66.0464247310277,-17.3932610938367 -66.0465187506127,-17.3932624861169 -66.0465202006777,-17.3931722148879 -66.0464261811387,-17.3931708226153 -66.0464276312409,-17.3930805513931 -66.0469917483296,-17.3930889043198 -66.0469844991111,-17.3935402606521 -66.0468904793445,-17.3935388685697 -66.0468817797187,-17.3940804960917 -66.0470698198125,-17.3940832803043 -66.0470712696799,-17.3939930090376 -66.0471652896939,-17.39399440107 -66.0471681893106,-17.3938138585186 -66.0473562291807,-17.3938166424201 -66.047357678884,-17.3937263711277 -66.0474516987861,-17.3937277630045 -66.0474531484346,-17.3936374917034 -66.0475471682995,-17.3936388835284 -66.0475515170549,-17.3933680695966 -66.0474574973281,-17.3933666777946 -66.0474603965468,-17.393186135184 -66.0472723573032,-17.3931833514782 -66.0472738069915,-17.3930930801869 -66.0474618461431,-17.3930958638773 -66.0474632957306,-17.3930055925697 -66.0484034915511,-17.3930195082951 -66.0484005932872,-17.3932000510627 -66.0484946130092,-17.3932014424076 -66.0484931639101,-17.3932917137978 -66.0485871836868,-17.3932931051062 -66.0485915308198,-17.39302229091 -66.0486855504671,-17.3930236821513</coordinates></LinearRing></outerBoundaryIs><innerBoundaryIs><LinearRing><coordinates>-66.0485842855546,-17.3934736478989 -66.0484902656859,-17.3934722565752 -66.0484888165608,-17.3935625279625 -66.0485828364754,-17.3935639192939 -66.0485842855546,-17.3934736478989</coordinates></LinearRing></innerBoundaryIs><innerBoundaryIs><LinearRing><coordinates>-66.047633940303,-17.394091631882 -66.0475399201995,-17.3940902400629 -66.0475384705534,-17.394180511367 -66.0471623900424,-17.3941749436178 -66.0471609402035,-17.3942652148903 -66.0472549603642,-17.3942666069015 -66.0472520607524,-17.394447149459 -66.0473460810138,-17.3944485414414 -66.0473446312408,-17.3945388127264 -66.0474386515569,-17.3945402046723 -66.0474372018212,-17.394630475964 -66.0476252425716,-17.3946332597386 -66.0476237929192,-17.3947235310448 -66.0477178133534,-17.3947249228735 -66.0477163637383,-17.3948151941864 -66.0479044047249,-17.3948179777266 -66.0479073037625,-17.3946374350692 -66.0480013241769,-17.3946388267577 -66.0479998747085,-17.3947290980945 -66.0480938951776,-17.3947304897465 -66.0480909963066,-17.3949110324327 -66.048279037455,-17.3949138156348 -66.0482804868028,-17.3948235442768 -66.048374507344,-17.3948249358039 -66.0483788551972,-17.3945541217014 -66.048284834794,-17.3945527301973 -66.0482877334112,-17.3943721874729 -66.0478176319857,-17.3943652293664 -66.0478190815113,-17.3942749580412 -66.0477250612983,-17.394273566295 -66.0477265108612,-17.3941832949765 -66.0476324907029,-17.3941819031938 -66.047633940303,-17.394091631882</coordinates></LinearRing></innerBoundaryIs><innerBoundaryIs><LinearRing><coordinates>-66.0466821389347,-17.3947998815566 -66.0465881185503,-17.3947984892343 -66.0465866683745,-17.3948887604542 -66.0466806888049,-17.3948901527842 -66.0466821389347,-17.3947998815566</coordinates></LinearRing></innerBoundaryIs><innerBoundaryIs><LinearRing><coordinates>-66.0441261745775,-17.3958455255299 -66.0440321538765,-17.3958441319226 -66.0440307023539,-17.3959344029241 -66.0439366816156,-17.3959330092649 -66.0439337784523,-17.3961135512497 -66.0438397576307,-17.396112157531 -66.04383830599,-17.3962024285143 -66.0439323268575,-17.3962038222407 -66.0439294236418,-17.3963843642199 -66.0440234446101,-17.3963857579174 -66.0440248961764,-17.3962954869206 -66.0442129380471,-17.3962982741678 -66.0442172924174,-17.3960274611257 -66.0441232716156,-17.3960260675472 -66.0441261745775,-17.3958455255299</coordinates></LinearRing></innerBoundaryIs><innerBoundaryIs><LinearRing><coordinates>-66.0459067670915,-17.3962330802883 -66.0458127460408,-17.3962316874897 -66.0458112953574,-17.3963219586333 -66.0457172742694,-17.3963205657829 -66.0457158235313,-17.3964108369179 -66.0459038658081,-17.3964136225899 -66.0459067670915,-17.3962330802883</coordinates></LinearRing></innerBoundaryIs><innerBoundaryIs><LinearRing><coordinates>-66.0439294236418,-17.3963843642199 -66.0438354026822,-17.3963829704782 -66.0438339510153,-17.3964732414587 -66.0439279720209,-17.3964746352081 -66.0439294236418,-17.3963843642199</coordinates></LinearRing></innerBoundaryIs></Polygon>
  </Placemark>
  <Placemark id="prediction_20260428_174218.51">
	<name>3</name>
	<description>T_Agricolas</description>
	<Style><LineStyle><color>ff0000ff</color></LineStyle><PolyStyle><fill>0</fill></PolyStyle></Style>
	<ExtendedData><SchemaData schemaUrl="#prediction_20260428_174218">
		<SimpleData name="class_index">0</SimpleData>
	</SchemaData></ExtendedData>
      <Polygon><outerBoundaryIs><LinearRing><coordinates>-66.0438150785512,-17.3976467641204 -66.0438136267621,-17.3977370350879 -66.0437196051211,-17.3977356411868 -66.0437210569562,-17.397645370227 -66.0438150785512,-17.3976467641204</coordinates></LinearRing></outerBoundaryIs></Polygon>
  </Placemark>
  <Placemark id="prediction_20260428_174218.52">
	<name>0</name>
	<description>Bosque</description>
	<Style><LineStyle><color>ff0000ff</color></LineStyle><PolyStyle><fill>0</fill></PolyStyle></Style>
	<ExtendedData><SchemaData schemaUrl="#prediction_20260428_174218">
		<SimpleData name="class_index">0</SimpleData>
	</SchemaData></ExtendedData>
      <Polygon><outerBoundaryIs><LinearRing><coordinates>-66.0468237741957,-17.39769134538 -66.0468208735534,-17.3978718878052 -66.0467268515874,-17.3978704953104 -66.0467297523216,-17.3976899529005 -66.0468237741957,-17.39769134538</coordinates></LinearRing></outerBoundaryIs></Polygon>
  </Placemark>
  <Placemark id="prediction_20260428_174218.53">
	<name>3</name>
	<description>T_Agricolas</description>
	<Style><LineStyle><color>ff0000ff</color></LineStyle><PolyStyle><fill>0</fill></PolyStyle></Style>
	<ExtendedData><SchemaData schemaUrl="#prediction_20260428_174218">
		<SimpleData name="class_index">0</SimpleData>
	</SchemaData></ExtendedData>
      <Polygon><outerBoundaryIs><LinearRing><coordinates>-66.0446598219236,-17.3977495782095 -66.0446569191474,-17.3979301202798 -66.0445628973359,-17.397928726761 -66.0445658002041,-17.397748184706 -66.0446598219236,-17.3977495782095</coordinates></LinearRing></outerBoundaryIs></Polygon>
  </Placemark>
  <Placemark id="prediction_20260428_174218.54">
	<name>1</name>
	<description>Matorrales</description>
	<Style><LineStyle><color>ff0000ff</color></LineStyle><PolyStyle><fill>0</fill></PolyStyle></Style>
	<ExtendedData><SchemaData schemaUrl="#prediction_20260428_174218">
		<SimpleData name="class_index">0</SimpleData>
	</SchemaData></ExtendedData>
      <Polygon><outerBoundaryIs><LinearRing><coordinates>-66.0440060251353,-17.3974690098063 -66.0440045734556,-17.397559280791 -66.0443806598086,-17.3975648555386 -66.0443792083043,-17.3976551265531 -66.0444732299603,-17.3976565201372 -66.0444717784933,-17.3977467911584 -66.0445658002041,-17.397748184706 -66.0445643487744,-17.397838455734 -66.0444703270176,-17.3978370621787 -66.0444688755331,-17.397927333198 -66.0441868101771,-17.397923152244 -66.0441882617995,-17.3978328812477 -66.0440002183645,-17.3978300937394 -66.0440016700702,-17.3977398227575 -66.0438136267621,-17.3977370350879 -66.0438150785512,-17.3976467641204 -66.0437210569562,-17.397645370227 -66.0437239606002,-17.3974648283047 -66.0440060251353,-17.3974690098063</coordinates></LinearRing></outerBoundaryIs></Polygon>
  </Placemark>
  <Placemark id="prediction_20260428_174218.55">
	<name>0</name>
	<description>Bosque</description>
	<Style><LineStyle><color>ff0000ff</color></LineStyle><PolyStyle><fill>0</fill></PolyStyle></Style>
	<ExtendedData><SchemaData schemaUrl="#prediction_20260428_174218">
		<SimpleData name="class_index">0</SimpleData>
	</SchemaData></ExtendedData>
      <Polygon><outerBoundaryIs><LinearRing><coordinates>-66.0469134452401,-17.3979635514748 -66.0469090943233,-17.3982343651259 -66.0468150721644,-17.3982329726445 -66.0468194232193,-17.3979621590165 -66.0469134452401,-17.3979635514748</coordinates></LinearRing></outerBoundaryIs></Polygon>
  </Placemark>
  <Placemark id="prediction_20260428_174218.56">
	<name>0</name>
	<description>Bosque</description>
	<Style><LineStyle><color>ff0000ff</color></LineStyle><PolyStyle><fill>0</fill></PolyStyle></Style>
	<ExtendedData><SchemaData schemaUrl="#prediction_20260428_174218">
		<SimpleData name="class_index">0</SimpleData>
	</SchemaData></ExtendedData>
      <Polygon><outerBoundaryIs><LinearRing><coordinates>-66.0440016700702,-17.3977398227575 -66.0440002183645,-17.3978300937394 -66.0441882617995,-17.3978328812477 -66.0441868101771,-17.397923152244 -66.0444688755331,-17.397927333198 -66.0444703270176,-17.3978370621787 -66.0445643487744,-17.397838455734 -66.0445628973359,-17.397928726761 -66.0446569191474,-17.3979301202798 -66.0446583705399,-17.3978398492451 -66.0447523923141,-17.397841242712 -66.0447494896126,-17.3980217847958 -66.0446554677463,-17.3980203913136 -66.0446540163364,-17.3981106623464 -66.0445599944329,-17.3981092688123 -66.0445585429683,-17.3981995398365 -66.0443704990953,-17.3981967526203 -66.0443690475299,-17.3982870236282 -66.0441810035999,-17.3982842362199 -66.0441824552572,-17.3981939652273 -66.0440884333513,-17.3981925714646 -66.044089885046,-17.3981023004787 -66.0439018413523,-17.398099512836 -66.0439047448995,-17.3979189708923 -66.0438107231577,-17.39791757702 -66.0438136267621,-17.3977370350879 -66.0440016700702,-17.3977398227575</coordinates></LinearRing></outerBoundaryIs></Polygon>
  </Placemark>
  <Placemark id="prediction_20260428_174218.57">
	<name>0</name>
	<description>Bosque</description>
	<Style><LineStyle><color>ff0000ff</color></LineStyle><PolyStyle><fill>0</fill></PolyStyle></Style>
	<ExtendedData><SchemaData schemaUrl="#prediction_20260428_174218">
		<SimpleData name="class_index">0</SimpleData>
	</SchemaData></ExtendedData>
      <Polygon><outerBoundaryIs><LinearRing><coordinates>-66.0470031164908,-17.398235757563 -66.0470002159281,-17.3984163000078 -66.0469061936685,-17.3984149075553 -66.0469090943233,-17.3982343651259 -66.0470031164908,-17.398235757563</coordinates></LinearRing></outerBoundaryIs></Polygon>
  </Placemark>
  <Placemark id="prediction_20260428_174218.58">
	<name>3</name>
	<description>T_Agricolas</description>
	<Style><LineStyle><color>ff0000ff</color></LineStyle><PolyStyle><fill>0</fill></PolyStyle></Style>
	<ExtendedData><SchemaData schemaUrl="#prediction_20260428_174218">
		<SimpleData name="class_index">0</SimpleData>
	</SchemaData></ExtendedData>
      <Polygon><outerBoundaryIs><LinearRing><coordinates>-66.044089885046,-17.3981023004787 -66.0440884333513,-17.3981925714646 -66.0441824552572,-17.3981939652273 -66.0441810035999,-17.3982842362199 -66.0443690475299,-17.3982870236282 -66.0443704990953,-17.3981967526203 -66.0445585429683,-17.3981995398365 -66.0445570914949,-17.3982898108598 -66.0444630695081,-17.3982884172661 -66.04446161798,-17.3983786882808 -66.0443675959559,-17.3983772946352 -66.0443661443731,-17.3984675656413 -66.0441781002589,-17.3984647782022 -66.0441795519338,-17.3983745072115 -66.0440855299358,-17.3983731134334 -66.044084078215,-17.3984633844164 -66.0439900561797,-17.3984619905865 -66.0439944114541,-17.3981911776576 -66.0439003895656,-17.3981897838065 -66.0439018413523,-17.398099512836 -66.044089885046,-17.3981023004787</coordinates></LinearRing></outerBoundaryIs></Polygon>
  </Placemark>
  <Placemark id="prediction_20260428_174218.59">
	<name>0</name>
	<description>Bosque</description>
	<Style><LineStyle><color>ff0000ff</color></LineStyle><PolyStyle><fill>0</fill></PolyStyle></Style>
	<ExtendedData><SchemaData schemaUrl="#prediction_20260428_174218">
		<SimpleData name="class_index">0</SimpleData>
	</SchemaData></ExtendedData>
      <Polygon><outerBoundaryIs><LinearRing><coordinates>-66.0441795519338,-17.3983745072115 -66.0441781002589,-17.3984647782022 -66.044084078215,-17.3984633844164 -66.0440855299358,-17.3983731134334 -66.0441795519338,-17.3983745072115</coordinates></LinearRing></outerBoundaryIs></Polygon>
  </Placemark>
  <Placemark id="prediction_20260428_174218.60">
	<name>0</name>
	<description>Bosque</description>
	<Style><LineStyle><color>ff0000ff</color></LineStyle><PolyStyle><fill>0</fill></PolyStyle></Style>
	<ExtendedData><SchemaData schemaUrl="#prediction_20260428_174218">
		<SimpleData name="class_index">0</SimpleData>
	</SchemaData></ExtendedData>
      <Polygon><outerBoundaryIs><LinearRing><coordinates>-66.0470927879479,-17.3985079636447 -66.0470913376907,-17.3985982348724 -66.0469973153305,-17.3985968424488 -66.0469987656336,-17.3985065712287 -66.0470927879479,-17.3985079636447</coordinates></LinearRing></outerBoundaryIs></Polygon>
  </Placemark>
  <Placemark id="prediction_20260428_174218.61">
	<name>3</name>
	<description>T_Agricolas</description>
	<Style><LineStyle><color>ff0000ff</color></LineStyle><PolyStyle><fill>0</fill></PolyStyle></Style>
	<ExtendedData><SchemaData schemaUrl="#prediction_20260428_174218">
		<SimpleData name="class_index">0</SimpleData>
	</SchemaData></ExtendedData>
      <Polygon><outerBoundaryIs><LinearRing><coordinates>-66.0441781002589,-17.3984647782022 -66.0441751968831,-17.3986453201809 -66.0440811747471,-17.3986439263797 -66.044084078215,-17.3984633844164 -66.0441781002589,-17.3984647782022</coordinates></LinearRing></outerBoundaryIs></Polygon>
  </Placemark>
  <Placemark id="prediction_20260428_174218.62">
	<name>0</name>
	<description>Bosque</description>
	<Style><LineStyle><color>ff0000ff</color></LineStyle><PolyStyle><fill>0</fill></PolyStyle></Style>
	<ExtendedData><SchemaData schemaUrl="#prediction_20260428_174218">
		<SimpleData name="class_index">0</SimpleData>
	</SchemaData></ExtendedData>
      <Polygon><outerBoundaryIs><LinearRing><coordinates>-66.0471839098399,-17.3986898984863 -66.0471824596113,-17.3987801697198 -66.0470884371503,-17.398778777325 -66.0470898874249,-17.3986885060992 -66.0471839098399,-17.3986898984863</coordinates></LinearRing></outerBoundaryIs></Polygon>
  </Placemark>
  <Placemark id="prediction_20260428_174218.63">
	<name>0</name>
	<description>Bosque</description>
	<Style><LineStyle><color>ff0000ff</color></LineStyle><PolyStyle><fill>0</fill></PolyStyle></Style>
	<ExtendedData><SchemaData schemaUrl="#prediction_20260428_174218">
		<SimpleData name="class_index">0</SimpleData>
	</SchemaData></ExtendedData>
      <Polygon><outerBoundaryIs><LinearRing><coordinates>-66.0472735816899,-17.39896210455 -66.0472721314812,-17.3990523757884 -66.0471781088734,-17.3990509834148 -66.0471795591281,-17.3989607121841 -66.0472735816899,-17.39896210455</coordinates></LinearRing></outerBoundaryIs></Polygon>
  </Placemark>
  <Placemark id="prediction_20260428_174218.64">
	<name>3</name>
	<description>T_Agricolas</description>
	<Style><LineStyle><color>ff0000ff</color></LineStyle><PolyStyle><fill>0</fill></PolyStyle></Style>
	<ExtendedData><SchemaData schemaUrl="#prediction_20260428_174218">
		<SimpleData name="class_index">0</SimpleData>
	</SchemaData></ExtendedData>
      <Polygon><outerBoundaryIs><LinearRing><coordinates>-66.0444558117805,-17.3987397723301 -66.0444500054414,-17.3991008563646 -66.0442619606657,-17.3990980689064 -66.0442648640367,-17.3989175269218 -66.0441708417539,-17.3989161331418 -66.0441737451821,-17.3987355911688 -66.0444558117805,-17.3987397723301</coordinates></LinearRing></outerBoundaryIs></Polygon>
  </Placemark>
  <Placemark id="prediction_20260428_174218.65">
	<name>3</name>
	<description>T_Agricolas</description>
	<Style><LineStyle><color>ff0000ff</color></LineStyle><PolyStyle><fill>0</fill></PolyStyle></Style>
	<ExtendedData><SchemaData schemaUrl="#prediction_20260428_174218">
		<SimpleData name="class_index">0</SimpleData>
	</SchemaData></ExtendedData>
      <Polygon><outerBoundaryIs><LinearRing><coordinates>-66.0446424047434,-17.3988328305755 -66.044640953255,-17.3989231015999 -66.0447349755814,-17.398924495159 -66.0447335241303,-17.3990147661902 -66.0446395017579,-17.3990133726234 -66.0446380502521,-17.399103643646 -66.0445440278424,-17.3991022500274 -66.0445483824717,-17.3988314369799 -66.0446424047434,-17.3988328305755</coordinates></LinearRing></outerBoundaryIs></Polygon>
  </Placemark>
  <Placemark id="prediction_20260428_174218.66">
	<name>0</name>
	<description>Bosque</description>
	<Style><LineStyle><color>ff0000ff</color></LineStyle><PolyStyle><fill>0</fill></PolyStyle></Style>
	<ExtendedData><SchemaData schemaUrl="#prediction_20260428_174218">
		<SimpleData name="class_index">0</SimpleData>
	</SchemaData></ExtendedData>
      <Polygon><outerBoundaryIs><LinearRing><coordinates>-66.0473632537462,-17.3992343106071 -66.0473618035574,-17.3993245818504 -66.0472677808028,-17.399323189498 -66.0472692310376,-17.3992329182624 -66.0473632537462,-17.3992343106071</coordinates></LinearRing></outerBoundaryIs></Polygon>
  </Placemark>
  <Placemark id="prediction_20260428_174218.67">
	<name>3</name>
	<description>T_Agricolas</description>
	<Style><LineStyle><color>ff0000ff</color></LineStyle><PolyStyle><fill>0</fill></PolyStyle></Style>
	<ExtendedData><SchemaData schemaUrl="#prediction_20260428_174218">
		<SimpleData name="class_index">0</SimpleData>
	</SchemaData></ExtendedData>
      <Polygon><outerBoundaryIs><LinearRing><coordinates>-66.0444471022196,-17.3992813983762 -66.0444456505955,-17.3993716693806 -66.0443516280652,-17.3993702756506 -66.0443530797353,-17.3992800046539 -66.0444471022196,-17.3992813983762</coordinates></LinearRing></outerBoundaryIs></Polygon>
  </Placemark>
  <Placemark id="prediction_20260428_174218.68">
	<name>0</name>
	<description>Bosque</description>
	<Style><LineStyle><color>ff0000ff</color></LineStyle><PolyStyle><fill>0</fill></PolyStyle></Style>
	<ExtendedData><SchemaData schemaUrl="#prediction_20260428_174218">
		<SimpleData name="class_index">0</SimpleData>
	</SchemaData></ExtendedData>
      <Polygon><outerBoundaryIs><LinearRing><coordinates>-66.0474529260089,-17.3995065166577 -66.0474514758399,-17.3995967879059 -66.0473574529386,-17.3995953955746 -66.0473589031536,-17.3995051243341 -66.0474529260089,-17.3995065166577</coordinates></LinearRing></outerBoundaryIs></Polygon>
  </Placemark>
  <Placemark id="prediction_20260428_174218.69">
	<name>0</name>
	<description>Bosque</description>
	<Style><LineStyle><color>ff0000ff</color></LineStyle><PolyStyle><fill>0</fill></PolyStyle></Style>
	<ExtendedData><SchemaData schemaUrl="#prediction_20260428_174218">
		<SimpleData name="class_index">0</SimpleData>
	</SchemaData></ExtendedData>
      <Polygon><outerBoundaryIs><LinearRing><coordinates>-66.0475440486183,-17.3996884514478 -66.047542598478,-17.3997787227018 -66.0474485754759,-17.3997773303993 -66.0474500256623,-17.3996870591531 -66.0475440486183,-17.3996884514478</coordinates></LinearRing></outerBoundaryIs></Polygon>
  </Placemark>
  <Placemark id="prediction_20260428_174218.70">
	<name>0</name>
	<description>Bosque</description>
	<Style><LineStyle><color>ff0000ff</color></LineStyle><PolyStyle><fill>0</fill></PolyStyle></Style>
	<ExtendedData><SchemaData schemaUrl="#prediction_20260428_174218">
		<SimpleData name="class_index">0</SimpleData>
	</SchemaData></ExtendedData>
      <Polygon><outerBoundaryIs><LinearRing><coordinates>-66.0476337212739,-17.3999606574804 -66.0476293708863,-17.400231471254 -66.0475353476455,-17.4002300789575 -66.0475396981711,-17.3999592652068 -66.0476337212739,-17.3999606574804</coordinates></LinearRing></outerBoundaryIs></Polygon>
  </Placemark>
  <Placemark id="prediction_20260428_174218.71">
	<name>0</name>
	<description>Bosque</description>
	<Style><LineStyle><color>ff0000ff</color></LineStyle><PolyStyle><fill>0</fill></PolyStyle></Style>
	<ExtendedData><SchemaData schemaUrl="#prediction_20260428_174218">
		<SimpleData name="class_index">0</SimpleData>
	</SchemaData></ExtendedData>
      <Polygon><outerBoundaryIs><LinearRing><coordinates>-66.0477233941359,-17.4002328635064 -66.047720493926,-17.4004134060329 -66.0476264705844,-17.4004120137651 -66.0476293708863,-17.400231471254 -66.0477233941359,-17.4002328635064</coordinates></LinearRing></outerBoundaryIs></Polygon>
  </Placemark>
  <Placemark id="prediction_20260428_174218.72">
	<name>3</name>
	<description>T_Agricolas</description>
	<Style><LineStyle><color>ff0000ff</color></LineStyle><PolyStyle><fill>0</fill></PolyStyle></Style>
	<ExtendedData><SchemaData schemaUrl="#prediction_20260428_174218">
		<SimpleData name="class_index">0</SimpleData>
	</SchemaData></ExtendedData>
      <Polygon><outerBoundaryIs><LinearRing><coordinates>-66.0448086774518,-17.400189683133 -66.0448072259246,-17.4002799541588 -66.0449952720015,-17.4002827412862 -66.0449923691051,-17.4004632833658 -66.0448983459702,-17.4004618898087 -66.0448997974688,-17.4003716187771 -66.0447117513174,-17.4003688315459 -66.0447146544725,-17.4001882895106 -66.0448086774518,-17.400189683133</coordinates></LinearRing></outerBoundaryIs></Polygon>
  </Placemark>
  <Placemark id="prediction_20260428_174218.73">
	<name>0</name>
	<description>Bosque</description>
	<Style><LineStyle><color>ff0000ff</color></LineStyle><PolyStyle><fill>0</fill></PolyStyle></Style>
	<ExtendedData><SchemaData schemaUrl="#prediction_20260428_174218">
		<SimpleData name="class_index">0</SimpleData>
	</SchemaData></ExtendedData>
      <Polygon><outerBoundaryIs><LinearRing><coordinates>-66.0455579592737,-17.4003813726944 -66.0455565080972,-17.4004716437797 -66.04546248491,-17.4004702504879 -66.0454639361325,-17.4003799794102 -66.0455579592737,-17.4003813726944</coordinates></LinearRing></outerBoundaryIs></Polygon>
  </Placemark>
  <Placemark id="prediction_20260428_174218.74">
	<name>0</name>
	<description>Bosque</description>
	<Style><LineStyle><color>ff0000ff</color></LineStyle><PolyStyle><fill>0</fill></PolyStyle></Style>
	<ExtendedData><SchemaData schemaUrl="#prediction_20260428_174218">
		<SimpleData name="class_index">0</SimpleData>
	</SchemaData></ExtendedData>
      <Polygon><outerBoundaryIs><LinearRing><coordinates>-66.0448997974688,-17.4003716187771 -66.0448983459702,-17.4004618898087 -66.0448043228441,-17.4004604962076 -66.0448057743887,-17.4003702251836 -66.0448997974688,-17.4003716187771</coordinates></LinearRing></outerBoundaryIs></Polygon>
  </Placemark>
  <Placemark id="prediction_20260428_174218.75">
	<name>0</name>
	<description>Bosque</description>
	<Style><LineStyle><color>ff0000ff</color></LineStyle><PolyStyle><fill>0</fill></PolyStyle></Style>
	<ExtendedData><SchemaData schemaUrl="#prediction_20260428_174218">
		<SimpleData name="class_index">0</SimpleData>
	</SchemaData></ExtendedData>
      <Polygon><outerBoundaryIs><LinearRing><coordinates>-66.0478130672043,-17.4005050695259 -66.0478116171236,-17.4005953407944 -66.0477175936812,-17.4005939485556 -66.047719043808,-17.4005036772947 -66.0478130672043,-17.4005050695259</coordinates></LinearRing></outerBoundaryIs></Polygon>
  </Placemark>
  <Placemark id="prediction_20260428_174218.76">
	<name>0</name>
	<description>Bosque</description>
	<Style><LineStyle><color>ff0000ff</color></LineStyle><PolyStyle><fill>0</fill></PolyStyle></Style>
	<ExtendedData><SchemaData schemaUrl="#prediction_20260428_174218">
		<SimpleData name="class_index">0</SimpleData>
	</SchemaData></ExtendedData>
      <Polygon><outerBoundaryIs><LinearRing><coordinates>-66.0449923691051,-17.4004632833658 -66.0449909176437,-17.4005535544041 -66.0448968944629,-17.4005521608394 -66.0448983459702,-17.4004618898087 -66.0449923691051,-17.4004632833658</coordinates></LinearRing></outerBoundaryIs></Polygon>
  </Placemark>
  <Placemark id="prediction_20260428_174218.77">
	<name>3</name>
	<description>T_Agricolas</description>
	<Style><LineStyle><color>ff0000ff</color></LineStyle><PolyStyle><fill>0</fill></PolyStyle></Style>
	<ExtendedData><SchemaData schemaUrl="#prediction_20260428_174218">
		<SimpleData name="class_index">0</SimpleData>
	</SchemaData></ExtendedData>
      <Polygon><outerBoundaryIs><LinearRing><coordinates>-66.0448983459702,-17.4004618898087 -66.0448968944629,-17.4005521608394 -66.0448028712908,-17.4005507672306 -66.0448043228441,-17.4004604962076 -66.0448983459702,-17.4004618898087</coordinates></LinearRing></outerBoundaryIs></Polygon>
  </Placemark>
  <Placemark id="prediction_20260428_174218.78">
	<name>3</name>
	<description>T_Agricolas</description>
	<Style><LineStyle><color>ff0000ff</color></LineStyle><PolyStyle><fill>0</fill></PolyStyle></Style>
	<ExtendedData><SchemaData schemaUrl="#prediction_20260428_174218">
		<SimpleData name="class_index">0</SimpleData>
	</SchemaData></ExtendedData>
      <Polygon><outerBoundaryIs><LinearRing><coordinates>-66.0449909176437,-17.4005535544041 -66.0449865632075,-17.4008243675136 -66.0448925398886,-17.4008229739259 -66.0448968944629,-17.4005521608394 -66.0449909176437,-17.4005535544041</coordinates></LinearRing></outerBoundaryIs></Polygon>
  </Placemark>
  <Placemark id="prediction_20260428_174218.79">
	<name>0</name>
	<description>Bosque</description>
	<Style><LineStyle><color>ff0000ff</color></LineStyle><PolyStyle><fill>0</fill></PolyStyle></Style>
	<ExtendedData><SchemaData schemaUrl="#prediction_20260428_174218">
		<SimpleData name="class_index">0</SimpleData>
	</SchemaData></ExtendedData>
      <Polygon><outerBoundaryIs><LinearRing><coordinates>-66.0479041905313,-17.4006870042644 -66.0478998403487,-17.4009578180847 -66.0478058167136,-17.4009564258593 -66.0478101670342,-17.4006856120621 -66.0479041905313,-17.4006870042644</coordinates></LinearRing></outerBoundaryIs></Polygon>
  </Placemark>
  <Placemark id="prediction_20260428_174218.80">
	<name>3</name>
	<description>T_Agricolas</description>
	<Style><LineStyle><color>ff0000ff</color></LineStyle><PolyStyle><fill>0</fill></PolyStyle></Style>
	<ExtendedData><SchemaData schemaUrl="#prediction_20260428_174218">
		<SimpleData name="class_index">0</SimpleData>
	</SchemaData></ExtendedData>
      <Polygon><outerBoundaryIs><LinearRing><coordinates>-66.0450805865351,-17.4008257610571 -66.0450776836261,-17.4010063031408 -66.0449836602064,-17.4010049095819 -66.0449865632075,-17.4008243675136 -66.0450805865351,-17.4008257610571</coordinates></LinearRing></outerBoundaryIs></Polygon>
  </Placemark>
  <Placemark id="prediction_20260428_174218.81">
	<name>0</name>
	<description>Bosque</description>
	<Style><LineStyle><color>ff0000ff</color></LineStyle><PolyStyle><fill>0</fill></PolyStyle></Style>
	<ExtendedData><SchemaData schemaUrl="#prediction_20260428_174218">
		<SimpleData name="class_index">0</SimpleData>
	</SchemaData></ExtendedData>
      <Polygon><outerBoundaryIs><LinearRing><coordinates>-66.0479938639926,-17.4009592102658 -66.0479909639194,-17.4011397528234 -66.0478969401835,-17.4011383606269 -66.0478998403487,-17.4009578180847 -66.0479938639926,-17.4009592102658</coordinates></LinearRing></outerBoundaryIs></Polygon>
  </Placemark>
  <Placemark id="prediction_20260428_174218.82">
	<name>0</name>
	<description>Bosque</description>
	<Style><LineStyle><color>ff0000ff</color></LineStyle><PolyStyle><fill>0</fill></PolyStyle></Style>
	<ExtendedData><SchemaData schemaUrl="#prediction_20260428_174218">
		<SimpleData name="class_index">0</SimpleData>
	</SchemaData></ExtendedData>
      <Polygon><outerBoundaryIs><LinearRing><coordinates>-66.0480835376604,-17.4012314162607 -66.048082087648,-17.4013216875448 -66.0479880638113,-17.4013202953772 -66.0479895138697,-17.4012300241007 -66.0480835376604,-17.4012314162607</coordinates></LinearRing></outerBoundaryIs></Polygon>
  </Placemark>
  <Placemark id="prediction_20260428_174218.83">
	<name>3</name>
	<description>T_Agricolas</description>
	<Style><LineStyle><color>ff0000ff</color></LineStyle><PolyStyle><fill>0</fill></PolyStyle></Style>
	<ExtendedData><SchemaData schemaUrl="#prediction_20260428_174218">
		<SimpleData name="class_index">0</SimpleData>
	</SchemaData></ExtendedData>
      <Polygon><outerBoundaryIs><LinearRing><coordinates>-66.0451688042025,-17.4011882387507 -66.0451673527635,-17.401278509797 -66.0450733291971,-17.4012771162592 -66.0450747806821,-17.4011868452207 -66.0451688042025,-17.4011882387507</coordinates></LinearRing></outerBoundaryIs></Polygon>
  </Placemark>
  <Placemark id="prediction_20260428_174218.84">
	<name>0</name>
	<description>Bosque</description>
	<Style><LineStyle><color>ff0000ff</color></LineStyle><PolyStyle><fill>0</fill></PolyStyle></Style>
	<ExtendedData><SchemaData schemaUrl="#prediction_20260428_174218">
		<SimpleData name="class_index">0</SimpleData>
	</SchemaData></ExtendedData>
      <Polygon><outerBoundaryIs><LinearRing><coordinates>-66.0481746615184,-17.4014133509591 -66.0481732115346,-17.401503622249 -66.0480791875972,-17.4015022301102 -66.048080637627,-17.401411958828 -66.0481746615184,-17.4014133509591</coordinates></LinearRing></outerBoundaryIs></Polygon>
  </Placemark>
  <Placemark id="prediction_20260428_174218.85">
	<name>3</name>
	<description>T_Agricolas</description>
	<Style><LineStyle><color>ff0000ff</color></LineStyle><PolyStyle><fill>0</fill></PolyStyle></Style>
	<ExtendedData><SchemaData schemaUrl="#prediction_20260428_174218">
		<SimpleData name="class_index">0</SimpleData>
	</SchemaData></ExtendedData>
      <Polygon><outerBoundaryIs><LinearRing><coordinates>-66.0453495944474,-17.4016423809768 -66.0453481430568,-17.4017326520338 -66.0452541192428,-17.4017312585461 -66.0452555706794,-17.4016409874968 -66.0453495944474,-17.4016423809768</coordinates></LinearRing></outerBoundaryIs></Polygon>
  </Placemark>
  <Placemark id="prediction_20260428_174218.86">
	<name>0</name>
	<description>Bosque</description>
	<Style><LineStyle><color>ff0000ff</color></LineStyle><PolyStyle><fill>0</fill></PolyStyle></Style>
	<ExtendedData><SchemaData schemaUrl="#prediction_20260428_174218">
		<SimpleData name="class_index">0</SimpleData>
	</SchemaData></ExtendedData>
      <Polygon><outerBoundaryIs><LinearRing><coordinates>-66.0482643355791,-17.4016855569359 -66.0482599856613,-17.4019563708175 -66.0483540098463,-17.4019577629062 -66.0483496599882,-17.4022285768024 -66.0481616113508,-17.4022257925347 -66.0481703115409,-17.401684164826 -66.0482643355791,-17.4016855569359</coordinates></LinearRing></outerBoundaryIs></Polygon>
  </Placemark>
  <Placemark id="prediction_20260428_174218.87">
	<name>2</name>
	<description>Pastizales</description>
	<Style><LineStyle><color>ff0000ff</color></LineStyle><PolyStyle><fill>0</fill></PolyStyle></Style>
	<ExtendedData><SchemaData schemaUrl="#prediction_20260428_174218">
		<SimpleData name="class_index">0</SimpleData>
	</SchemaData></ExtendedData>
      <Polygon><outerBoundaryIs><LinearRing><coordinates>-66.0483496599882,-17.4022285768024 -66.048348210018,-17.4023188480992 -66.048254185649,-17.4023174559798 -66.0482556356651,-17.4022271846906 -66.0483496599882,-17.4022285768024</coordinates></LinearRing></outerBoundaryIs></Polygon>
  </Placemark>
  <Placemark id="prediction_20260428_174218.88">
	<name>0</name>
	<description>Bosque</description>
	<Style><LineStyle><color>ff0000ff</color></LineStyle><PolyStyle><fill>0</fill></PolyStyle></Style>
	<ExtendedData><SchemaData schemaUrl="#prediction_20260428_174218">
		<SimpleData name="class_index">0</SimpleData>
	</SchemaData></ExtendedData>
      <Polygon><outerBoundaryIs><LinearRing><coordinates>-66.0484436843199,-17.4022299688699 -66.048440784463,-17.402410511478 -66.0483467600392,-17.4024091193951 -66.0483496599882,-17.4022285768024 -66.0484436843199,-17.4022299688699</coordinates></LinearRing></outerBoundaryIs></Polygon>
  </Placemark>
  <Placemark id="prediction_20260428_174218.89">
	<name>2</name>
	<description>Pastizales</description>
	<Style><LineStyle><color>ff0000ff</color></LineStyle><PolyStyle><fill>0</fill></PolyStyle></Style>
	<ExtendedData><SchemaData schemaUrl="#prediction_20260428_174218">
		<SimpleData name="class_index">0</SimpleData>
	</SchemaData></ExtendedData>
      <Polygon><outerBoundaryIs><LinearRing><coordinates>-66.048440784463,-17.402410511478 -66.0484393345215,-17.4025007827806 -66.0483453100516,-17.4024993906901 -66.0483467600392,-17.4024091193951 -66.048440784463,-17.402410511478</coordinates></LinearRing></outerBoundaryIs></Polygon>
  </Placemark>
  <Placemark id="prediction_20260428_174218.90">
	<name>0</name>
	<description>Bosque</description>
	<Style><LineStyle><color>ff0000ff</color></LineStyle><PolyStyle><fill>0</fill></PolyStyle></Style>
	<ExtendedData><SchemaData schemaUrl="#prediction_20260428_174218">
		<SimpleData name="class_index">0</SimpleData>
	</SchemaData></ExtendedData>
      <Polygon><outerBoundaryIs><LinearRing><coordinates>-66.0479764630306,-17.4020424655551 -66.0479750128937,-17.4021327368231 -66.0480690371446,-17.4021341290598 -66.0480632366944,-17.4024952141533 -66.0479692122594,-17.4024938218859 -66.047967762079,-17.4025840931493 -66.0476856886882,-17.4025799160591 -66.0476871390067,-17.4024896448187 -66.0475931146065,-17.4024882523746 -66.0475974656477,-17.4022174386709 -66.0476914899098,-17.402218831092 -66.0476943904682,-17.4020382886029 -66.0479764630306,-17.4020424655551</coordinates></LinearRing></outerBoundaryIs></Polygon>
  </Placemark>
  <Placemark id="prediction_20260428_174218.91">
	<name>0</name>
	<description>Bosque</description>
	<Style><LineStyle><color>ff0000ff</color></LineStyle><PolyStyle><fill>0</fill></PolyStyle></Style>
	<ExtendedData><SchemaData schemaUrl="#prediction_20260428_174218">
		<SimpleData name="class_index">0</SimpleData>
	</SchemaData></ExtendedData>
      <Polygon><outerBoundaryIs><LinearRing><coordinates>-66.0485348088956,-17.4024119035167 -66.0485304591829,-17.4026827174448 -66.0484364346123,-17.4026813253831 -66.048440784463,-17.402410511478 -66.0485348088956,-17.4024119035167</coordinates></LinearRing></outerBoundaryIs></Polygon>
  </Placemark>
  <Placemark id="prediction_20260428_174218.92">
	<name>0</name>
	<description>Bosque</description>
	<Style><LineStyle><color>ff0000ff</color></LineStyle><PolyStyle><fill>0</fill></PolyStyle></Style>
	<ExtendedData><SchemaData schemaUrl="#prediction_20260428_174218">
		<SimpleData name="class_index">0</SimpleData>
	</SchemaData></ExtendedData>
      <Polygon><outerBoundaryIs><LinearRing><coordinates>-66.0486244837622,-17.4026841094623 -66.0486230338866,-17.4027743807775 -66.0485290092613,-17.4027729887523 -66.0485304591829,-17.4026827174448 -66.0486244837622,-17.4026841094623</coordinates></LinearRing></outerBoundaryIs></Polygon>
  </Placemark>
  <Placemark id="prediction_20260428_174218.93">
	<name>0</name>
	<description>Bosque</description>
	<Style><LineStyle><color>ff0000ff</color></LineStyle><PolyStyle><fill>0</fill></PolyStyle></Style>
	<ExtendedData><SchemaData schemaUrl="#prediction_20260428_174218">
		<SimpleData name="class_index">0</SimpleData>
	</SchemaData></ExtendedData>
      <Polygon><outerBoundaryIs><LinearRing><coordinates>-66.048803834115,-17.4032285213338 -66.0488009344346,-17.4034090639827 -66.0487069094696,-17.4034076719923 -66.0487098092421,-17.4032271293587 -66.048803834115,-17.4032285213338</coordinates></LinearRing></outerBoundaryIs></Polygon>
  </Placemark>
  <Placemark id="prediction_20260428_174218.94">
	<name>0</name>
	<description>Bosque</description>
	<Style><LineStyle><color>ff0000ff</color></LineStyle><PolyStyle><fill>0</fill></PolyStyle></Style>
	<ExtendedData><SchemaData schemaUrl="#prediction_20260428_174218">
		<SimpleData name="class_index">0</SimpleData>
	</SchemaData></ExtendedData>
      <Polygon><outerBoundaryIs><LinearRing><coordinates>-66.0480588862652,-17.4027660279636 -66.0480574361047,-17.4028562992319 -66.0482454853691,-17.4028590836953 -66.0482440352919,-17.4029493549779 -66.0483380599832,-17.402950747151 -66.0483337098375,-17.4032215610164 -66.0484277346756,-17.4032229531683 -66.0484233845897,-17.4034937670482 -66.0482353346461,-17.4034909826543 -66.0482367847755,-17.4034007113772 -66.0481427598628,-17.4033993191216 -66.0481456601876,-17.40321877658 -66.0480516353756,-17.4032173842955 -66.0480559859355,-17.4029465704992 -66.0479619612704,-17.4029451781935 -66.0479648616921,-17.4027646356733 -66.0480588862652,-17.4027660279636</coordinates></LinearRing></outerBoundaryIs></Polygon>
  </Placemark>
  <Placemark id="prediction_20260428_174218.95">
	<name>0</name>
	<description>Bosque</description>
	<Style><LineStyle><color>ff0000ff</color></LineStyle><PolyStyle><fill>0</fill></PolyStyle></Style>
	<ExtendedData><SchemaData schemaUrl="#prediction_20260428_174218">
		<SimpleData name="class_index">0</SimpleData>
	</SchemaData></ExtendedData>
      <Polygon><outerBoundaryIs><LinearRing><coordinates>-66.0488949594083,-17.403410455929 -66.0488920597851,-17.4035909985895 -66.0487980347194,-17.4035896066279 -66.0488009344346,-17.4034090639827 -66.0488949594083,-17.403410455929</coordinates></LinearRing></outerBoundaryIs></Polygon>
  </Placemark>
  <Placemark id="prediction_20260428_174218.96">
	<name>0</name>
	<description>Bosque</description>
	<Style><LineStyle><color>ff0000ff</color></LineStyle><PolyStyle><fill>0</fill></PolyStyle></Style>
	<ExtendedData><SchemaData schemaUrl="#prediction_20260428_174218">
		<SimpleData name="class_index">0</SimpleData>
	</SchemaData></ExtendedData>
      <Polygon><outerBoundaryIs><LinearRing><coordinates>-66.048984635081,-17.4036826618434 -66.0489831852936,-17.403772933179 -66.0488891601271,-17.4037715412463 -66.0488906099605,-17.4036812699184 -66.048984635081,-17.4036826618434</coordinates></LinearRing></outerBoundaryIs></Polygon>
  </Placemark>
  <Placemark id="prediction_20260428_174218.97">
	<name>0</name>
	<description>Bosque</description>
	<Style><LineStyle><color>ff0000ff</color></LineStyle><PolyStyle><fill>0</fill></PolyStyle></Style>
	<ExtendedData><SchemaData schemaUrl="#prediction_20260428_174218">
		<SimpleData name="class_index">0</SimpleData>
	</SchemaData></ExtendedData>
      <Polygon><outerBoundaryIs><LinearRing><coordinates>-66.0490743109601,-17.4039548677512 -66.0490728611927,-17.4040451390917 -66.0489788358794,-17.4040437471802 -66.0489802856928,-17.4039534758474 -66.0490743109601,-17.4039548677512</coordinates></LinearRing></outerBoundaryIs></Polygon>
  </Placemark>
  <Placemark id="prediction_20260428_174218.98">
	<name>0</name>
	<description>Bosque</description>
	<Style><LineStyle><color>ff0000ff</color></LineStyle><PolyStyle><fill>0</fill></PolyStyle></Style>
	<ExtendedData><SchemaData schemaUrl="#prediction_20260428_174218">
		<SimpleData name="class_index">0</SimpleData>
	</SchemaData></ExtendedData>
      <Polygon><outerBoundaryIs><LinearRing><coordinates>-66.0490714114166,-17.4041354104312 -66.0490699616317,-17.4042256817698 -66.0489759362264,-17.404224289843 -66.0489773860572,-17.404134018512 -66.0490714114166,-17.4041354104312</coordinates></LinearRing></outerBoundaryIs></Polygon>
  </Placemark>
  <Placemark id="prediction_20260428_174218.99">
	<name>0</name>
	<description>Bosque</description>
	<Style><LineStyle><color>ff0000ff</color></LineStyle><PolyStyle><fill>0</fill></PolyStyle></Style>
	<ExtendedData><SchemaData schemaUrl="#prediction_20260428_174218">
		<SimpleData name="class_index">0</SimpleData>
	</SchemaData></ExtendedData>
      <Polygon><outerBoundaryIs><LinearRing><coordinates>-66.0491639870458,-17.4042270736524 -66.049161087542,-17.4044076163421 -66.0490670620359,-17.4044062244442 -66.0490699616317,-17.4042256817698 -66.0491639870458,-17.4042270736524</coordinates></LinearRing></outerBoundaryIs></Polygon>
  </Placemark>
  <Placemark id="prediction_20260428_174218.100">
	<name>3</name>
	<description>T_Agricolas</description>
	<Style><LineStyle><color>ff0000ff</color></LineStyle><PolyStyle><fill>0</fill></PolyStyle></Style>
	<ExtendedData><SchemaData schemaUrl="#prediction_20260428_174218">
		<SimpleData name="class_index">0</SimpleData>
	</SchemaData></ExtendedData>
      <Polygon><outerBoundaryIs><LinearRing><coordinates>-66.0464358024926,-17.4042769622328 -66.0464299980757,-17.4046380467151 -66.0463359726842,-17.4046366535122 -66.046340326148,-17.4043658401749 -66.0462463009033,-17.4043644469508 -66.0462477520865,-17.4042741758442 -66.0464358024926,-17.4042769622328</coordinates></LinearRing></outerBoundaryIs></Polygon>
  </Placemark>
  <Placemark id="prediction_20260428_174218.101">
	<name>3</name>
	<description>T_Agricolas</description>
	<Style><LineStyle><color>ff0000ff</color></LineStyle><PolyStyle><fill>0</fill></PolyStyle></Style>
	<ExtendedData><SchemaData schemaUrl="#prediction_20260428_174218">
		<SimpleData name="class_index">0</SimpleData>
	</SchemaData></ExtendedData>
      <Polygon><outerBoundaryIs><LinearRing><coordinates>-66.046522572396,-17.4047297109997 -66.0465211213073,-17.4048199821247 -66.046427095815,-17.4048185889507 -66.0464285469497,-17.4047283178333 -66.046522572396,-17.4047297109997</coordinates></LinearRing></outerBoundaryIs></Polygon>
  </Placemark>
  <Placemark id="prediction_20260428_174218.102">
	<name>0</name>
	<description>Bosque</description>
	<Style><LineStyle><color>ff0000ff</color></LineStyle><PolyStyle><fill>0</fill></PolyStyle></Style>
	<ExtendedData><SchemaData schemaUrl="#prediction_20260428_174218">
		<SimpleData name="class_index">0</SimpleData>
	</SchemaData></ExtendedData>
      <Polygon><outerBoundaryIs><LinearRing><coordinates>-66.0493447895357,-17.404681214079 -66.0493404404125,-17.4049520281442 -66.0492464146128,-17.4049506362887 -66.049250763874,-17.4046798222465 -66.0493447895357,-17.404681214079</coordinates></LinearRing></outerBoundaryIs></Polygon>
  </Placemark>
  <Placemark id="prediction_20260428_174218.103">
	<name>3</name>
	<description>T_Agricolas</description>
	<Style><LineStyle><color>ff0000ff</color></LineStyle><PolyStyle><fill>0</fill></PolyStyle></Style>
	<ExtendedData><SchemaData schemaUrl="#prediction_20260428_174218">
		<SimpleData name="class_index">0</SimpleData>
	</SchemaData></ExtendedData>
      <Polygon><outerBoundaryIs><LinearRing><coordinates>-66.0466122446968,-17.405001917517 -66.046610793628,-17.4050921886469 -66.0465167679889,-17.405090795494 -66.0465182191037,-17.4050005243718 -66.0466122446968,-17.405001917517</coordinates></LinearRing></outerBoundaryIs></Polygon>
  </Placemark>
  <Placemark id="prediction_20260428_174218.104">
	<name>0</name>
	<description>Bosque</description>
	<Style><LineStyle><color>ff0000ff</color></LineStyle><PolyStyle><fill>0</fill></PolyStyle></Style>
	<ExtendedData><SchemaData schemaUrl="#prediction_20260428_174218">
		<SimpleData name="class_index">0</SimpleData>
	</SchemaData></ExtendedData>
      <Polygon><outerBoundaryIs><LinearRing><coordinates>-66.049434466221,-17.4049534199556 -66.0494301171576,-17.4052242340354 -66.049336091211,-17.405222842201 -66.0493404404125,-17.4049520281442 -66.049434466221,-17.4049534199556</coordinates></LinearRing></outerBoundaryIs></Polygon>
  </Placemark>
  <Placemark id="prediction_20260428_174218.105">
	<name>2</name>
	<description>Pastizales</description>
	<Style><LineStyle><color>ff0000ff</color></LineStyle><PolyStyle><fill>0</fill></PolyStyle></Style>
	<ExtendedData><SchemaData schemaUrl="#prediction_20260428_174218">
		<SimpleData name="class_index">0</SimpleData>
	</SchemaData></ExtendedData>
      <Polygon><outerBoundaryIs><LinearRing><coordinates>-66.0494301171576,-17.4052242340354 -66.0494286674523,-17.4053145053934 -66.0493346414597,-17.4053131135515 -66.049336091211,-17.405222842201 -66.0494301171576,-17.4052242340354</coordinates></LinearRing></outerBoundaryIs></Polygon>
  </Placemark>
  <Placemark id="prediction_20260428_174218.106">
	<name>3</name>
	<description>T_Agricolas</description>
	<Style><LineStyle><color>ff0000ff</color></LineStyle><PolyStyle><fill>0</fill></PolyStyle></Style>
	<ExtendedData><SchemaData schemaUrl="#prediction_20260428_174218">
		<SimpleData name="class_index">0</SimpleData>
	</SchemaData></ExtendedData>
      <Polygon><outerBoundaryIs><LinearRing><coordinates>-66.0466093425505,-17.4051824597758 -66.0466078914642,-17.4052727309038 -66.046513865733,-17.4052713377356 -66.0465153168653,-17.4051810666153 -66.0466093425505,-17.4051824597758</coordinates></LinearRing></outerBoundaryIs></Polygon>
  </Placemark>
  <Placemark id="prediction_20260428_174218.107">
	<name>0</name>
	<description>Bosque</description>
	<Style><LineStyle><color>ff0000ff</color></LineStyle><PolyStyle><fill>0</fill></PolyStyle></Style>
	<ExtendedData><SchemaData schemaUrl="#prediction_20260428_174218">
		<SimpleData name="class_index">0</SimpleData>
	</SchemaData></ExtendedData>
      <Polygon><outerBoundaryIs><LinearRing><coordinates>-66.0464198400106,-17.4052699445232 -66.0464183888235,-17.4053602156349 -66.0462303373127,-17.4053574290621 -66.0462317885918,-17.4052671579658 -66.0464198400106,-17.4052699445232</coordinates></LinearRing></outerBoundaryIs></Polygon>
  </Placemark>
  <Placemark id="prediction_20260428_174218.108">
	<name>0</name>
	<description>Bosque</description>
	<Style><LineStyle><color>ff0000ff</color></LineStyle><PolyStyle><fill>0</fill></PolyStyle></Style>
	<ExtendedData><SchemaData schemaUrl="#prediction_20260428_174218">
		<SimpleData name="class_index">0</SimpleData>
	</SchemaData></ExtendedData>
      <Polygon><outerBoundaryIs><LinearRing><coordinates>-66.0457587571701,-17.4054407329137 -66.0457573056434,-17.4055310039698 -66.0456632798526,-17.4055296103807 -66.0456647314254,-17.4054393393323 -66.0457587571701,-17.4054407329137</coordinates></LinearRing></outerBoundaryIs></Polygon>
  </Placemark>
  <Placemark id="prediction_20260428_174218.109">
	<name>3</name>
	<description>T_Agricolas</description>
	<Style><LineStyle><color>ff0000ff</color></LineStyle><PolyStyle><fill>0</fill></PolyStyle></Style>
	<ExtendedData><SchemaData schemaUrl="#prediction_20260428_174218">
		<SimpleData name="class_index">0</SimpleData>
	</SchemaData></ExtendedData>
      <Polygon><outerBoundaryIs><LinearRing><coordinates>-66.048954187718,-17.405578359695 -66.0489527377477,-17.4056686310111 -66.0488587116145,-17.4056672389174 -66.0488601616308,-17.405576967609 -66.048954187718,-17.405578359695</coordinates></LinearRing></outerBoundaryIs></Polygon>
  </Placemark>
  <Placemark id="prediction_20260428_174218.110">
	<name>4</name>
	<description>Infraestructura</description>
	<Style><LineStyle><color>ff0000ff</color></LineStyle><PolyStyle><fill>0</fill></PolyStyle></Style>
	<ExtendedData><SchemaData schemaUrl="#prediction_20260428_174218">
		<SimpleData name="class_index">0</SimpleData>
	</SchemaData></ExtendedData>
      <Polygon><outerBoundaryIs><LinearRing><coordinates>-66.045567802443,-17.4056184877873 -66.0455663508068,-17.4057087588262 -66.0454723249413,-17.4057073651333 -66.0454737766236,-17.4056170941021 -66.045567802443,-17.4056184877873</coordinates></LinearRing></outerBoundaryIs></Polygon>
  </Placemark>
  <Placemark id="prediction_20260428_174218.111">
	<name>0</name>
	<description>Bosque</description>
	<Style><LineStyle><color>ff0000ff</color></LineStyle><PolyStyle><fill>0</fill></PolyStyle></Style>
	<ExtendedData><SchemaData schemaUrl="#prediction_20260428_174218">
		<SimpleData name="class_index">0</SimpleData>
	</SchemaData></ExtendedData>
      <Polygon><outerBoundaryIs><LinearRing><coordinates>-66.0451916992177,-17.4056129127814 -66.0451902473973,-17.4057031837896 -66.0450962215668,-17.4057017899199 -66.0450976734332,-17.4056115189194 -66.0451916992177,-17.4056129127814</coordinates></LinearRing></outerBoundaryIs></Polygon>
  </Placemark>
  <Placemark id="prediction_20260428_174218.112">
	<name>3</name>
	<description>T_Agricolas</description>
	<Style><LineStyle><color>ff0000ff</color></LineStyle><PolyStyle><fill>0</fill></PolyStyle></Style>
	<ExtendedData><SchemaData schemaUrl="#prediction_20260428_174218">
		<SimpleData name="class_index">0</SimpleData>
	</SchemaData></ExtendedData>
      <Polygon><outerBoundaryIs><LinearRing><coordinates>-66.0466064403693,-17.4053630020308 -66.0466049892656,-17.405453273157 -66.0467930409382,-17.4054560593914 -66.0467915899179,-17.405546330532 -66.0468856158133,-17.4055477235905 -66.0468841648303,-17.4056379947378 -66.0467901388888,-17.4056366016715 -66.0467886878511,-17.4057268728102 -66.0466006359022,-17.4057240865297 -66.0465991847636,-17.4058143576521 -66.0465051587562,-17.4058129644379 -66.0465080611167,-17.4056324222075 -66.0462259834231,-17.4056282423456 -66.0462288860248,-17.4054477001576 -66.0460408344568,-17.4054449133926 -66.0460393830682,-17.4055351844718 -66.0457573056434,-17.4055310039698 -66.0457587571701,-17.4054407329137 -66.0459468086859,-17.4054435199438 -66.0459482601118,-17.4053532488714 -66.0464183888235,-17.4053602156349 -66.0464169376278,-17.4054504867457 -66.0465109634423,-17.4054518799734 -66.046512414592,-17.405361608855 -66.0466064403693,-17.4053630020308</coordinates></LinearRing></outerBoundaryIs></Polygon>
  </Placemark>
  <Placemark id="prediction_20260428_174218.113">
	<name>3</name>
	<description>T_Agricolas</description>
	<Style><LineStyle><color>ff0000ff</color></LineStyle><PolyStyle><fill>0</fill></PolyStyle></Style>
	<ExtendedData><SchemaData schemaUrl="#prediction_20260428_174218">
		<SimpleData name="class_index">0</SimpleData>
	</SchemaData></ExtendedData>
      <Polygon><outerBoundaryIs><LinearRing><coordinates>-66.0456632798526,-17.4055296103807 -66.0456618282711,-17.4056198814282 -66.0454737766236,-17.4056170941021 -66.0454723249413,-17.4057073651333 -66.0453782990846,-17.4057059713963 -66.0453768473476,-17.4057962424189 -66.0452828214535,-17.40579484863 -66.0452842732366,-17.405704577615 -66.0451902473973,-17.4057031837896 -66.0451916992177,-17.4056129127814 -66.0453797508129,-17.4056157003727 -66.0453812025325,-17.4055254293483 -66.0456632798526,-17.4055296103807</coordinates></LinearRing></outerBoundaryIs></Polygon>
  </Placemark>
  <Placemark id="prediction_20260428_174218.114">
	<name>0</name>
	<description>Bosque</description>
	<Style><LineStyle><color>ff0000ff</color></LineStyle><PolyStyle><fill>0</fill></PolyStyle></Style>
	<ExtendedData><SchemaData schemaUrl="#prediction_20260428_174218">
		<SimpleData name="class_index">0</SimpleData>
	</SchemaData></ExtendedData>
      <Polygon><outerBoundaryIs><LinearRing><coordinates>-66.0449081699318,-17.4056990020479 -66.0449067179646,-17.4057892730322 -66.0448126921142,-17.4057878790222 -66.0448141441274,-17.4056976080456 -66.0449081699318,-17.4056990020479</coordinates></LinearRing></outerBoundaryIs></Polygon>
  </Placemark>
  <Placemark id="prediction_20260428_174218.115">
	<name>2</name>
	<description>Pastizales</description>
	<Style><LineStyle><color>ff0000ff</color></LineStyle><PolyStyle><fill>0</fill></PolyStyle></Style>
	<ExtendedData><SchemaData schemaUrl="#prediction_20260428_174218">
		<SimpleData name="class_index">0</SimpleData>
	</SchemaData></ExtendedData>
      <Polygon><outerBoundaryIs><LinearRing><coordinates>-66.0493259427692,-17.4058547416343 -66.049324492957,-17.4059450129782 -66.0492304666509,-17.4059436210383 -66.0492319165091,-17.4058533497021 -66.0493259427692,-17.4058547416343</coordinates></LinearRing></outerBoundaryIs></Polygon>
  </Placemark>
  <Placemark id="prediction_20260428_174218.116">
	<name>0</name>
	<description>Bosque</description>
	<Style><LineStyle><color>ff0000ff</color></LineStyle><PolyStyle><fill>0</fill></PolyStyle></Style>
	<ExtendedData><SchemaData schemaUrl="#prediction_20260428_174218">
		<SimpleData name="class_index">0</SimpleData>
	</SchemaData></ExtendedData>
      <Polygon><outerBoundaryIs><LinearRing><coordinates>-66.0446246404395,-17.4057850908696 -66.0446231883255,-17.4058753618299 -66.0445291624552,-17.4058739676796 -66.0445306146152,-17.405783696727 -66.0446246404395,-17.4057850908696</coordinates></LinearRing></outerBoundaryIs></Polygon>
  </Placemark>
  <Placemark id="prediction_20260428_174218.117">
	<name>2</name>
	<description>Pastizales</description>
	<Style><LineStyle><color>ff0000ff</color></LineStyle><PolyStyle><fill>0</fill></PolyStyle></Style>
	<ExtendedData><SchemaData schemaUrl="#prediction_20260428_174218">
		<SimpleData name="class_index">0</SimpleData>
	</SchemaData></ExtendedData>
      <Polygon><outerBoundaryIs><LinearRing><coordinates>-66.0491364403534,-17.4059422290542 -66.0491349904404,-17.4060325003819 -66.0490409641057,-17.4060311083459 -66.0490424140647,-17.405940837026 -66.0491364403534,-17.4059422290542</coordinates></LinearRing></outerBoundaryIs></Polygon>
  </Placemark>
  <Placemark id="prediction_20260428_174218.118">
	<name>0</name>
	<description>Bosque</description>
	<Style><LineStyle><color>ff0000ff</color></LineStyle><PolyStyle><fill>0</fill></PolyStyle></Style>
	<ExtendedData><SchemaData schemaUrl="#prediction_20260428_174218">
		<SimpleData name="class_index">0</SimpleData>
	</SchemaData></ExtendedData>
      <Polygon><outerBoundaryIs><LinearRing><coordinates>-66.045755854108,-17.405621275025 -66.0457485963,-17.4060726302869 -66.045654570233,-17.4060712366518 -66.0456560218581,-17.405980965609 -66.0455619958458,-17.4059795719373 -66.0455634475082,-17.4058893009012 -66.0454694215506,-17.405887907193 -66.0454723249413,-17.4057073651333 -66.0455663508068,-17.4057087588262 -66.045567802443,-17.4056184877873 -66.045755854108,-17.405621275025</coordinates></LinearRing></outerBoundaryIs></Polygon>
  </Placemark>
  <Placemark id="prediction_20260428_174218.119">
	<name>2</name>
	<description>Pastizales</description>
	<Style><LineStyle><color>ff0000ff</color></LineStyle><PolyStyle><fill>0</fill></PolyStyle></Style>
	<ExtendedData><SchemaData schemaUrl="#prediction_20260428_174218">
		<SimpleData name="class_index">0</SimpleData>
	</SchemaData></ExtendedData>
      <Polygon><outerBoundaryIs><LinearRing><coordinates>-66.0473528439069,-17.4057352305907 -66.0473470407735,-17.4060963153202 -66.0472530145583,-17.4060949224366 -66.0472588178758,-17.4057338377378 -66.0473528439069,-17.4057352305907</coordinates></LinearRing></outerBoundaryIs></Polygon>
  </Placemark>
  <Placemark id="prediction_20260428_174218.120">
	<name>3</name>
	<description>T_Agricolas</description>
	<Style><LineStyle><color>ff0000ff</color></LineStyle><PolyStyle><fill>0</fill></PolyStyle></Style>
	<ExtendedData><SchemaData schemaUrl="#prediction_20260428_174218">
		<SimpleData name="class_index">0</SimpleData>
	</SchemaData></ExtendedData>
      <Polygon><outerBoundaryIs><LinearRing><coordinates>-66.0474483206622,-17.405646352207 -66.0474454192225,-17.4058268945908 -66.047539445317,-17.405828287363 -66.0475350932301,-17.4060991009547 -66.0473470407735,-17.4060963153202 -66.0473542946685,-17.405644959406 -66.0474483206622,-17.405646352207</coordinates></LinearRing></outerBoundaryIs></Polygon>
  </Placemark>
  <Placemark id="prediction_20260428_174218.121">
	<name>3</name>
	<description>T_Agricolas</description>
	<Style><LineStyle><color>ff0000ff</color></LineStyle><PolyStyle><fill>0</fill></PolyStyle></Style>
	<ExtendedData><SchemaData schemaUrl="#prediction_20260428_174218">
		<SimpleData name="class_index">0</SimpleData>
	</SchemaData></ExtendedData>
      <Polygon><outerBoundaryIs><LinearRing><coordinates>-66.0491349904404,-17.4060325003819 -66.0491335405187,-17.4061227717085 -66.0490395141379,-17.4061213796649 -66.0490409641057,-17.4060311083459 -66.0491349904404,-17.4060325003819</coordinates></LinearRing></outerBoundaryIs></Polygon>
  </Placemark>
  <Placemark id="prediction_20260428_174218.122">
	<name>0</name>
	<description>Bosque</description>
	<Style><LineStyle><color>ff0000ff</color></LineStyle><PolyStyle><fill>0</fill></PolyStyle></Style>
	<ExtendedData><SchemaData schemaUrl="#prediction_20260428_174218">
		<SimpleData name="class_index">0</SimpleData>
	</SchemaData></ExtendedData>
      <Polygon><outerBoundaryIs><LinearRing><coordinates>-66.0493331916997,-17.4054033849009 -66.0493259427692,-17.4058547416343 -66.0492319165091,-17.4058533497021 -66.0492246671307,-17.4063047063738 -66.0490366141762,-17.4063019223002 -66.0490395141379,-17.4061213796649 -66.0491335405187,-17.4061227717085 -66.0491393401533,-17.4057616863962 -66.0490453139567,-17.4057602943833 -66.0490496637293,-17.4054894804123 -66.0492377158551,-17.4054922643479 -66.0492391656698,-17.4054019930071 -66.0493331916997,-17.4054033849009</coordinates></LinearRing></outerBoundaryIs></Polygon>
  </Placemark>
  <Placemark id="prediction_20260428_174218.123">
	<name>0</name>
	<description>Bosque</description>
	<Style><LineStyle><color>ff0000ff</color></LineStyle><PolyStyle><fill>0</fill></PolyStyle></Style>
	<ExtendedData><SchemaData schemaUrl="#prediction_20260428_174218">
		<SimpleData name="class_index">0</SimpleData>
	</SchemaData></ExtendedData>
      <Polygon><outerBoundaryIs><LinearRing><coordinates>-66.0472631702724,-17.4054630242039 -66.0472617194823,-17.4055532953828 -66.0473557454213,-17.4055546882204 -66.0473528439069,-17.4057352305907 -66.0472588178758,-17.4057338377378 -66.0472530145583,-17.4060949224366 -66.0473470407735,-17.4060963153202 -66.0473455899684,-17.4061865865002 -66.0470635112107,-17.4061824076938 -66.0470620602587,-17.4062726788499 -66.0466859551864,-17.4062671064585 -66.0466845040415,-17.4063573775829 -66.0464964514656,-17.4063545911066 -66.0464993539307,-17.4061740488874 -66.0464053277479,-17.4061726555983 -66.0464067790134,-17.406082384495 -66.0463127528853,-17.4060809911693 -66.0463142041881,-17.4059907200727 -66.0462201781148,-17.4059893267105 -66.0462259834231,-17.4056282423456 -66.0465080611167,-17.4056324222075 -66.0465051587562,-17.4058129644379 -66.0465991847636,-17.4058143576521 -66.0466006359022,-17.4057240865297 -66.0467886878511,-17.4057268728102 -66.0467901388888,-17.4056366016715 -66.0468841648303,-17.4056379947378 -66.0468870667876,-17.4054574524423 -66.0472631702724,-17.4054630242039</coordinates></LinearRing></outerBoundaryIs></Polygon>
  </Placemark>
  <Placemark id="prediction_20260428_174218.124">
	<name>3</name>
	<description>T_Agricolas</description>
	<Style><LineStyle><color>ff0000ff</color></LineStyle><PolyStyle><fill>0</fill></PolyStyle></Style>
	<ExtendedData><SchemaData schemaUrl="#prediction_20260428_174218">
		<SimpleData name="class_index">0</SimpleData>
	</SchemaData></ExtendedData>
      <Polygon><outerBoundaryIs><LinearRing><coordinates>-66.0490380641614,-17.406211650983 -66.0490337141797,-17.4064824649316 -66.0489396876235,-17.4064810728132 -66.0489411376722,-17.4063908015055 -66.0488471111707,-17.4063894093505 -66.0488485612566,-17.4062991380496 -66.0489425877121,-17.406300530197 -66.0489440377433,-17.4062102588875 -66.0490380641614,-17.406211650983</coordinates></LinearRing></outerBoundaryIs></Polygon>
  </Placemark>
  <Placemark id="prediction_20260428_174218.125">
	<name>3</name>
	<description>T_Agricolas</description>
	<Style><LineStyle><color>ff0000ff</color></LineStyle><PolyStyle><fill>0</fill></PolyStyle></Style>
	<ExtendedData><SchemaData schemaUrl="#prediction_20260428_174218">
		<SimpleData name="class_index">0</SimpleData>
	</SchemaData></ExtendedData>
      <Polygon><outerBoundaryIs><LinearRing><coordinates>-66.0485693823646,-17.4061144187837 -66.0485621312442,-17.4065657751731 -66.0482800515942,-17.4065615979989 -66.0482844027069,-17.406290784237 -66.0480023235497,-17.4062866067339 -66.0480037740413,-17.4061963355011 -66.0480978003723,-17.4061977280387 -66.0480992508092,-17.4061074567973 -66.0485693823646,-17.4061144187837</coordinates></LinearRing></outerBoundaryIs></Polygon>
  </Placemark>
  <Placemark id="prediction_20260428_174218.126">
	<name>0</name>
	<description>Bosque</description>
	<Style><LineStyle><color>ff0000ff</color></LineStyle><PolyStyle><fill>0</fill></PolyStyle></Style>
	<ExtendedData><SchemaData schemaUrl="#prediction_20260428_174218">
		<SimpleData name="class_index">0</SimpleData>
	</SchemaData></ExtendedData>
      <Polygon><outerBoundaryIs><LinearRing><coordinates>-66.0482844027069,-17.406290784237 -66.0482800515942,-17.4065615979989 -66.0481860250617,-17.406560205519 -66.0481874754873,-17.4064699342737 -66.0480934490095,-17.4064685417573 -66.0480948994725,-17.4063782705187 -66.0480008730494,-17.4063768779658 -66.0480023235497,-17.4062866067339 -66.0482844027069,-17.406290784237</coordinates></LinearRing></outerBoundaryIs></Polygon>
  </Placemark>
  <Placemark id="prediction_20260428_174218.127">
	<name>2</name>
	<description>Pastizales</description>
	<Style><LineStyle><color>ff0000ff</color></LineStyle><PolyStyle><fill>0</fill></PolyStyle></Style>
	<ExtendedData><SchemaData schemaUrl="#prediction_20260428_174218">
		<SimpleData name="class_index">0</SimpleData>
	</SchemaData></ExtendedData>
      <Polygon><outerBoundaryIs><LinearRing><coordinates>-66.0486561578116,-17.4065671674761 -66.0486547076075,-17.4066574387588 -66.048560680994,-17.4066560464482 -66.0485621312442,-17.4065657751731 -66.0486561578116,-17.4065671674761</coordinates></LinearRing></outerBoundaryIs></Polygon>
  </Placemark>
  <Placemark id="prediction_20260428_174218.128">
	<name>3</name>
	<description>T_Agricolas</description>
	<Style><LineStyle><color>ff0000ff</color></LineStyle><PolyStyle><fill>0</fill></PolyStyle></Style>
	<ExtendedData><SchemaData schemaUrl="#prediction_20260428_174218">
		<SimpleData name="class_index">0</SimpleData>
	</SchemaData></ExtendedData>
      <Polygon><outerBoundaryIs><LinearRing><coordinates>-66.0446231883255,-17.4058753618299 -66.0446217362027,-17.4059656327892 -66.0445277102864,-17.4059642386313 -66.0445262581089,-17.406054509582 -66.0447143100423,-17.4060572978691 -66.0447128579482,-17.4061475688342 -66.0446188319311,-17.4061461747051 -66.0446173797822,-17.4062364456616 -66.044429327682,-17.4062336572555 -66.0444336843788,-17.4059628444291 -66.0443396584799,-17.4059614501828 -66.0443309447316,-17.406503075781 -66.0442369185652,-17.4065016814443 -66.0442354661972,-17.4065919523664 -66.0440474137986,-17.4065891635451 -66.0440459613298,-17.4066794344509 -66.0435758302557,-17.4066724615856 -66.0435772829547,-17.4065821907182 -66.0434832568121,-17.4065807960202 -66.0434847095483,-17.4064905251596 -66.0433906834605,-17.4064891304251 -66.043392136234,-17.4063988595712 -66.0434861622759,-17.406400254298 -66.0434876149947,-17.4063099834355 -66.043111511064,-17.4063044042936 -66.0431129639582,-17.4062141334609 -66.043395041755,-17.4062183178606 -66.0433964945024,-17.4061280470039 -66.0436785722397,-17.4061322309827 -66.0436800248402,-17.406041960102 -66.0439621025179,-17.4060461436599 -66.0439635549716,-17.4059558727552 -66.0442456325897,-17.4059600558922 -66.0442470848966,-17.4058697849636 -66.0446231883255,-17.4058753618299</coordinates></LinearRing></outerBoundaryIs></Polygon>
  </Placemark>
  <Placemark id="prediction_20260428_174218.129">
	<name>2</name>
	<description>Pastizales</description>
	<Style><LineStyle><color>ff0000ff</color></LineStyle><PolyStyle><fill>0</fill></PolyStyle></Style>
	<ExtendedData><SchemaData schemaUrl="#prediction_20260428_174218">
		<SimpleData name="class_index">0</SimpleData>
	</SchemaData></ExtendedData>
      <Polygon><outerBoundaryIs><LinearRing><coordinates>-66.0492246671307,-17.4063047063738 -66.0492174175345,-17.4067560630222 -66.0491233908227,-17.4067546709692 -66.0491248408054,-17.406664399649 -66.0490308141484,-17.4066630075594 -66.0490366141762,-17.4063019223002 -66.0492246671307,-17.4063047063738</coordinates></LinearRing></outerBoundaryIs></Polygon>
  </Placemark>
  <Placemark id="prediction_20260428_174218.130">
	<name>0</name>
	<description>Bosque</description>
	<Style><LineStyle><color>ff0000ff</color></LineStyle><PolyStyle><fill>0</fill></PolyStyle></Style>
	<ExtendedData><SchemaData schemaUrl="#prediction_20260428_174218">
		<SimpleData name="class_index">0</SimpleData>
	</SchemaData></ExtendedData>
      <Polygon><outerBoundaryIs><LinearRing><coordinates>-66.0485621312442,-17.4065657751731 -66.048560680994,-17.4066560464482 -66.0486547076075,-17.4066574387588 -66.0486532573946,-17.4067477100407 -66.0484652040843,-17.4067449253598 -66.0484666543892,-17.4066546540933 -66.0482786012059,-17.4066518692509 -66.0482800515942,-17.4065615979989 -66.0485621312442,-17.4065657751731</coordinates></LinearRing></outerBoundaryIs></Polygon>
  </Placemark>
  <Placemark id="prediction_20260428_174218.131">
	<name>2</name>
	<description>Pastizales</description>
	<Style><LineStyle><color>ff0000ff</color></LineStyle><PolyStyle><fill>0</fill></PolyStyle></Style>
	<ExtendedData><SchemaData schemaUrl="#prediction_20260428_174218">
		<SimpleData name="class_index">0</SimpleData>
	</SchemaData></ExtendedData>
      <Polygon><outerBoundaryIs><LinearRing><coordinates>-66.0476262181287,-17.4062810361108 -66.0476247674443,-17.406371307312 -66.0477187938325,-17.4063727000418 -66.0477158925295,-17.4065532424567 -66.0476218660492,-17.4065518497116 -66.0476204153386,-17.40664212091 -66.047526388821,-17.406640728113 -66.0475249380557,-17.4067309993028 -66.0471488318882,-17.4067254276421 -66.04714738093,-17.4068156988002 -66.0469593278065,-17.4068129126893 -66.0469607788568,-17.4067226415465 -66.0468667523542,-17.4067212484323 -66.0468682034418,-17.4066309772963 -66.0467741769939,-17.4066295841456 -66.0467756281189,-17.4065393130162 -66.0468696545207,-17.4065407061592 -66.0468711055909,-17.4064504350213 -66.0471531847106,-17.406454614162 -66.047154635634,-17.4063643430001 -66.047436714694,-17.4063685217199 -66.0474381654705,-17.406278250534 -66.0476262181287,-17.4062810361108</coordinates></LinearRing></outerBoundaryIs></Polygon>
  </Placemark>
  <Placemark id="prediction_20260428_174218.132">
	<name>6</name>
	<description>Agua</description>
	<Style><LineStyle><color>ff0000ff</color></LineStyle><PolyStyle><fill>0</fill></PolyStyle></Style>
	<ExtendedData><SchemaData schemaUrl="#prediction_20260428_174218">
		<SimpleData name="class_index">0</SimpleData>
	</SchemaData></ExtendedData>
      <Polygon><outerBoundaryIs><LinearRing><coordinates>-66.0494286674523,-17.4053145053934 -66.0494156197133,-17.4061269475741 -66.0493215933064,-17.4061255556631 -66.0493085444476,-17.4069379976992 -66.049214517635,-17.4069366056751 -66.0492304666509,-17.4059436210383 -66.049324492957,-17.4059450129782 -66.0493346414597,-17.4053131135515 -66.0494286674523,-17.4053145053934</coordinates></LinearRing></outerBoundaryIs></Polygon>
  </Placemark>
  <Placemark id="prediction_20260428_174218.133">
	<name>0</name>
	<description>Bosque</description>
	<Style><LineStyle><color>ff0000ff</color></LineStyle><PolyStyle><fill>0</fill></PolyStyle></Style>
	<ExtendedData><SchemaData schemaUrl="#prediction_20260428_174218">
		<SimpleData name="class_index">0</SimpleData>
	</SchemaData></ExtendedData>
      <Polygon><outerBoundaryIs><LinearRing><coordinates>-66.0491248408054,-17.406664399649 -66.0491233908227,-17.4067546709692 -66.0492174175345,-17.4067560630222 -66.049214517635,-17.4069366056751 -66.0493085444476,-17.4069379976992 -66.0493041946712,-17.4072088116945 -66.0492101677205,-17.4072074196473 -66.0492116177007,-17.4071171483242 -66.0491175908048,-17.4071157562404 -66.0491190408223,-17.407025484924 -66.0490250139812,-17.4070240928037 -66.0490308141484,-17.4066630075594 -66.0491248408054,-17.406664399649</coordinates></LinearRing></outerBoundaryIs></Polygon>
  </Placemark>
  <Placemark id="prediction_20260428_174218.134">
	<name>0</name>
	<description>Bosque</description>
	<Style><LineStyle><color>ff0000ff</color></LineStyle><PolyStyle><fill>0</fill></PolyStyle></Style>
	<ExtendedData><SchemaData schemaUrl="#prediction_20260428_174218">
		<SimpleData name="class_index">0</SimpleData>
	</SchemaData></ExtendedData>
      <Polygon><outerBoundaryIs><LinearRing><coordinates>-66.0407492319862,-17.406991683722 -66.0407477778625,-17.4070819543542 -66.0405597255574,-17.4070791621692 -66.0405611797732,-17.4069888915523 -66.0407492319862,-17.406991683722</coordinates></LinearRing></outerBoundaryIs></Polygon>
  </Placemark>
  <Placemark id="prediction_20260428_174218.135">
	<name>2</name>
	<description>Pastizales</description>
	<Style><LineStyle><color>ff0000ff</color></LineStyle><PolyStyle><fill>0</fill></PolyStyle></Style>
	<ExtendedData><SchemaData schemaUrl="#prediction_20260428_174218">
		<SimpleData name="class_index">0</SimpleData>
	</SchemaData></ExtendedData>
      <Polygon><outerBoundaryIs><LinearRing><coordinates>-66.0405611797732,-17.4069888915523 -66.0405597255574,-17.4070791621692 -66.0406537517056,-17.4070805582838 -66.040652297527,-17.4071708289073 -66.0402761928027,-17.4071652441528 -66.0402776471653,-17.40707497356 -66.040465699418,-17.4070777660103 -66.0404671536798,-17.4069874954012 -66.0405611797732,-17.4069888915523</coordinates></LinearRing></outerBoundaryIs></Polygon>
  </Placemark>
  <Placemark id="prediction_20260428_174218.136">
	<name>2</name>
	<description>Pastizales</description>
	<Style><LineStyle><color>ff0000ff</color></LineStyle><PolyStyle><fill>0</fill></PolyStyle></Style>
	<ExtendedData><SchemaData schemaUrl="#prediction_20260428_174218">
		<SimpleData name="class_index">0</SimpleData>
	</SchemaData></ExtendedData>
      <Polygon><outerBoundaryIs><LinearRing><coordinates>-66.0397105813305,-17.4072471362405 -66.0397091266742,-17.4073374067853 -66.0396151004753,-17.4073360102055 -66.0396165551777,-17.4072457396684 -66.0397105813305,-17.4072471362405</coordinates></LinearRing></outerBoundaryIs></Polygon>
  </Placemark>
  <Placemark id="prediction_20260428_174218.137">
	<name>0</name>
	<description>Bosque</description>
	<Style><LineStyle><color>ff0000ff</color></LineStyle><PolyStyle><fill>0</fill></PolyStyle></Style>
	<ExtendedData><SchemaData schemaUrl="#prediction_20260428_174218">
		<SimpleData name="class_index">0</SimpleData>
	</SchemaData></ExtendedData>
      <Polygon><outerBoundaryIs><LinearRing><coordinates>-66.0492101677205,-17.4072074196473 -66.0492043677126,-17.4075685049306 -66.049016313469,-17.4075657206422 -66.0490177635762,-17.4074754493381 -66.0491117906475,-17.4074768414968 -66.0491161407786,-17.4072060275559 -66.0492101677205,-17.4072074196473</coordinates></LinearRing></outerBoundaryIs></Polygon>
  </Placemark>
  <Placemark id="prediction_20260428_174218.138">
	<name>3</name>
	<description>T_Agricolas</description>
	<Style><LineStyle><color>ff0000ff</color></LineStyle><PolyStyle><fill>0</fill></PolyStyle></Style>
	<ExtendedData><SchemaData schemaUrl="#prediction_20260428_174218">
		<SimpleData name="class_index">0</SimpleData>
	</SchemaData></ExtendedData>
      <Polygon><outerBoundaryIs><LinearRing><coordinates>-66.0396151004753,-17.4073360102055 -66.0396136457641,-17.4074262807417 -66.0393315670817,-17.4074220907139 -66.039333021931,-17.4073318202008 -66.0396151004753,-17.4073360102055</coordinates></LinearRing></outerBoundaryIs></Polygon>
  </Placemark>
  <Placemark id="prediction_20260428_174218.139">
	<name>3</name>
	<description>T_Agricolas</description>
	<Style><LineStyle><color>ff0000ff</color></LineStyle><PolyStyle><fill>0</fill></PolyStyle></Style>
	<ExtendedData><SchemaData schemaUrl="#prediction_20260428_174218">
		<SimpleData name="class_index">0</SimpleData>
	</SchemaData></ExtendedData>
      <Polygon><outerBoundaryIs><LinearRing><coordinates>-66.0454447413213,-17.4074225145494 -66.0454418375992,-17.4076030565736 -66.0452537839609,-17.4076002687329 -66.0452552359184,-17.4075099977366 -66.0451612091584,-17.4075086037576 -66.0451626611532,-17.407418332768 -66.0454447413213,-17.4074225145494</coordinates></LinearRing></outerBoundaryIs></Polygon>
  </Placemark>
  <Placemark id="prediction_20260428_174218.140">
	<name>2</name>
	<description>Pastizales</description>
	<Style><LineStyle><color>ff0000ff</color></LineStyle><PolyStyle><fill>0</fill></PolyStyle></Style>
	<ExtendedData><SchemaData schemaUrl="#prediction_20260428_174218">
		<SimpleData name="class_index">0</SimpleData>
	</SchemaData></ExtendedData>
      <Polygon><outerBoundaryIs><LinearRing><coordinates>-66.0491103405864,-17.4075671128085 -66.0491088905166,-17.4076573841193 -66.0490148633532,-17.4076559919454 -66.049016313469,-17.4075657206422 -66.0491103405864,-17.4075671128085</coordinates></LinearRing></outerBoundaryIs></Polygon>
  </Placemark>
  <Placemark id="prediction_20260428_174218.141">
	<name>3</name>
	<description>T_Agricolas</description>
	<Style><LineStyle><color>ff0000ff</color></LineStyle><PolyStyle><fill>0</fill></PolyStyle></Style>
	<ExtendedData><SchemaData schemaUrl="#prediction_20260428_174218">
		<SimpleData name="class_index">0</SimpleData>
	</SchemaData></ExtendedData>
      <Polygon><outerBoundaryIs><LinearRing><coordinates>-66.0392375408717,-17.4074206939496 -66.0392360859676,-17.4075109644541 -66.0391420597203,-17.4075095676378 -66.0391435146704,-17.407419297141 -66.0392375408717,-17.4074206939496</coordinates></LinearRing></outerBoundaryIs></Polygon>
  </Placemark>
  <Placemark id="prediction_20260428_174218.142">
	<name>0</name>
	<description>Bosque</description>
	<Style><LineStyle><color>ff0000ff</color></LineStyle><PolyStyle><fill>0</fill></PolyStyle></Style>
	<ExtendedData><SchemaData schemaUrl="#prediction_20260428_174218">
		<SimpleData name="class_index">0</SimpleData>
	</SchemaData></ExtendedData>
      <Polygon><outerBoundaryIs><LinearRing><coordinates>-66.0391435146704,-17.407419297141 -66.0391420597203,-17.4075095676378 -66.0390480334818,-17.4075081707774 -66.0390494884779,-17.4074179002883 -66.0391435146704,-17.407419297141</coordinates></LinearRing></outerBoundaryIs></Polygon>
  </Placemark>
  <Placemark id="prediction_20260428_174218.143">
	<name>6</name>
	<description>Agua</description>
	<Style><LineStyle><color>ff0000ff</color></LineStyle><PolyStyle><fill>0</fill></PolyStyle></Style>
	<ExtendedData><SchemaData schemaUrl="#prediction_20260428_174218">
		<SimpleData name="class_index">0</SimpleData>
	</SchemaData></ExtendedData>
      <Polygon><outerBoundaryIs><LinearRing><coordinates>-66.0492043677126,-17.4075685049306 -66.0492014676563,-17.4077490475666 -66.0490134132286,-17.4077462632476 -66.0490148633532,-17.4076559919454 -66.0491088905166,-17.4076573841193 -66.0491103405864,-17.4075671128085 -66.0492043677126,-17.4075685049306</coordinates></LinearRing></outerBoundaryIs></Polygon>
  </Placemark>
  <Placemark id="prediction_20260428_174218.144">
	<name>0</name>
	<description>Bosque</description>
	<Style><LineStyle><color>ff0000ff</color></LineStyle><PolyStyle><fill>0</fill></PolyStyle></Style>
	<ExtendedData><SchemaData schemaUrl="#prediction_20260428_174218">
		<SimpleData name="class_index">0</SimpleData>
	</SchemaData></ExtendedData>
      <Polygon><outerBoundaryIs><LinearRing><coordinates>-66.0491074404381,-17.4077476554292 -66.0491059903509,-17.4078379267382 -66.0490119630954,-17.4078365345489 -66.0490134132286,-17.4077462632476 -66.0491074404381,-17.4077476554292</coordinates></LinearRing></outerBoundaryIs></Polygon>
  </Placemark>
  <Placemark id="prediction_20260428_174218.145">
	<name>3</name>
	<description>T_Agricolas</description>
	<Style><LineStyle><color>ff0000ff</color></LineStyle><PolyStyle><fill>0</fill></PolyStyle></Style>
	<ExtendedData><SchemaData schemaUrl="#prediction_20260428_174218">
		<SimpleData name="class_index">0</SimpleData>
	</SchemaData></ExtendedData>
      <Polygon><outerBoundaryIs><LinearRing><coordinates>-66.0384809656631,-17.4076803295693 -66.0384795103645,-17.4077706000094 -66.038385484049,-17.4077692028164 -66.0383869393936,-17.407678932384 -66.0384809656631,-17.4076803295693</coordinates></LinearRing></outerBoundaryIs></Polygon>
  </Placemark>
  <Placemark id="prediction_20260428_174218.146">
	<name>0</name>
	<description>Bosque</description>
	<Style><LineStyle><color>ff0000ff</color></LineStyle><PolyStyle><fill>0</fill></PolyStyle></Style>
	<ExtendedData><SchemaData schemaUrl="#prediction_20260428_174218">
		<SimpleData name="class_index">0</SimpleData>
	</SchemaData></ExtendedData>
      <Polygon><outerBoundaryIs><LinearRing><coordinates>-66.0411151587565,-17.4076291621517 -66.0411137047557,-17.4077194328081 -66.0412077312786,-17.4077208287113 -66.041204823343,-17.4079013700367 -66.0411107967281,-17.4078999741181 -66.0411093427011,-17.4079902447717 -66.0410153160489,-17.4079888488013 -66.0410182241861,-17.4078083075085 -66.0409241976347,-17.4078069115092 -66.040927105829,-17.4076263702281 -66.0411151587565,-17.4076291621517</coordinates></LinearRing></outerBoundaryIs></Polygon>
  </Placemark>
  <Placemark id="prediction_20260428_174218.147">
	<name>3</name>
	<description>T_Agricolas</description>
	<Style><LineStyle><color>ff0000ff</color></LineStyle><PolyStyle><fill>0</fill></PolyStyle></Style>
	<ExtendedData><SchemaData schemaUrl="#prediction_20260428_174218">
		<SimpleData name="class_index">0</SimpleData>
	</SchemaData></ExtendedData>
      <Polygon><outerBoundaryIs><LinearRing><coordinates>-66.0473180230147,-17.4079017387436 -66.0473151210471,-17.4080822810654 -66.047221093819,-17.4080808880131 -66.0472239958787,-17.4079003457066 -66.0473180230147,-17.4079017387436</coordinates></LinearRing></outerBoundaryIs></Polygon>
  </Placemark>
  <Placemark id="prediction_20260428_174218.148">
	<name>2</name>
	<description>Pastizales</description>
	<Style><LineStyle><color>ff0000ff</color></LineStyle><PolyStyle><fill>0</fill></PolyStyle></Style>
	<ExtendedData><SchemaData schemaUrl="#prediction_20260428_174218">
		<SimpleData name="class_index">0</SimpleData>
	</SchemaData></ExtendedData>
      <Polygon><outerBoundaryIs><LinearRing><coordinates>-66.0383869393936,-17.407678932384 -66.038385484049,-17.4077692028164 -66.0384795103645,-17.4077706000094 -66.0384780550572,-17.4078608704486 -66.0381959759988,-17.4078566787139 -66.0381945205446,-17.407946949129 -66.0381004941633,-17.407945551788 -66.0381019496635,-17.4078552813805 -66.0379138970192,-17.4078524865812 -66.0379153526027,-17.4077622161882 -66.0381974314443,-17.4077664082977 -66.038198886881,-17.4076761378807 -66.0383869393936,-17.407678932384</coordinates></LinearRing></outerBoundaryIs></Polygon>
  </Placemark>
  <Placemark id="prediction_20260428_174218.149">
	<name>3</name>
	<description>T_Agricolas</description>
	<Style><LineStyle><color>ff0000ff</color></LineStyle><PolyStyle><fill>0</fill></PolyStyle></Style>
	<ExtendedData><SchemaData schemaUrl="#prediction_20260428_174218">
		<SimpleData name="class_index">0</SimpleData>
	</SchemaData></ExtendedData>
      <Polygon><outerBoundaryIs><LinearRing><coordinates>-66.043837572106,-17.4079404378055 -66.0438361194143,-17.4080307086819 -66.0437420925089,-17.4080293139937 -66.0437435452467,-17.4079390431249 -66.043837572106,-17.4079404378055</coordinates></LinearRing></outerBoundaryIs></Polygon>
  </Placemark>
  <Placemark id="prediction_20260428_174218.150">
	<name>3</name>
	<description>T_Agricolas</description>
	<Style><LineStyle><color>ff0000ff</color></LineStyle><PolyStyle><fill>0</fill></PolyStyle></Style>
	<ExtendedData><SchemaData schemaUrl="#prediction_20260428_174218">
		<SimpleData name="class_index">0</SimpleData>
	</SchemaData></ExtendedData>
      <Polygon><outerBoundaryIs><LinearRing><coordinates>-66.0384780550572,-17.4078608704486 -66.0384765997411,-17.4079511408869 -66.0383825733335,-17.4079497436785 -66.0383811179626,-17.4080400141081 -66.0381930650817,-17.4080372195433 -66.0381959759988,-17.4078566787139 -66.0384780550572,-17.4078608704486</coordinates></LinearRing></outerBoundaryIs></Polygon>
  </Placemark>
  <Placemark id="prediction_20260428_174218.151">
	<name>0</name>
	<description>Bosque</description>
	<Style><LineStyle><color>ff0000ff</color></LineStyle><PolyStyle><fill>0</fill></PolyStyle></Style>
	<ExtendedData><SchemaData schemaUrl="#prediction_20260428_174218">
		<SimpleData name="class_index">0</SimpleData>
	</SchemaData></ExtendedData>
      <Polygon><outerBoundaryIs><LinearRing><coordinates>-66.0437435452467,-17.4079390431249 -66.0437420925089,-17.4080293139937 -66.0438361194143,-17.4080307086819 -66.0438346667139,-17.4081209795574 -66.0436466128197,-17.4081181901213 -66.043649518396,-17.4079376484001 -66.0437435452467,-17.4079390431249</coordinates></LinearRing></outerBoundaryIs></Polygon>
  </Placemark>
  <Placemark id="prediction_20260428_174218.152">
	<name>3</name>
	<description>T_Agricolas</description>
	<Style><LineStyle><color>ff0000ff</color></LineStyle><PolyStyle><fill>0</fill></PolyStyle></Style>
	<ExtendedData><SchemaData schemaUrl="#prediction_20260428_174218">
		<SimpleData name="class_index">0</SimpleData>
	</SchemaData></ExtendedData>
      <Polygon><outerBoundaryIs><LinearRing><coordinates>-66.0375363360589,-17.4079371668133 -66.0375348802737,-17.4080274371737 -66.0373468275501,-17.408024641813 -66.0373482834274,-17.407934371468 -66.0375363360589,-17.4079371668133</coordinates></LinearRing></outerBoundaryIs></Polygon>
  </Placemark>
  <Placemark id="prediction_20260428_174218.153">
	<name>0</name>
	<description>Bosque</description>
	<Style><LineStyle><color>ff0000ff</color></LineStyle><PolyStyle><fill>0</fill></PolyStyle></Style>
	<ExtendedData><SchemaData schemaUrl="#prediction_20260428_174218">
		<SimpleData name="class_index">0</SimpleData>
	</SchemaData></ExtendedData>
      <Polygon><outerBoundaryIs><LinearRing><coordinates>-66.0371587748615,-17.4080218462755 -66.0371573188833,-17.4081121166042 -66.0370632925061,-17.4081107187614 -66.0370647485303,-17.4080204484405 -66.0371587748615,-17.4080218462755</coordinates></LinearRing></outerBoundaryIs></Polygon>
  </Placemark>
  <Placemark id="prediction_20260428_174218.154">
	<name>0</name>
	<description>Bosque</description>
	<Style><LineStyle><color>ff0000ff</color></LineStyle><PolyStyle><fill>0</fill></PolyStyle></Style>
	<ExtendedData><SchemaData schemaUrl="#prediction_20260428_174218">
		<SimpleData name="class_index">0</SimpleData>
	</SchemaData></ExtendedData>
      <Polygon><outerBoundaryIs><LinearRing><coordinates>-66.0369692661376,-17.4081093208744 -66.0369663539709,-17.4082898614981 -66.0368723275191,-17.4082884635515 -66.0368737836529,-17.4081981932478 -66.0367797572558,-17.4081967952647 -66.0367812134269,-17.4081065249678 -66.0369692661376,-17.4081093208744</coordinates></LinearRing></outerBoundaryIs></Polygon>
  </Placemark>
  <Placemark id="prediction_20260428_174218.155">
	<name>2</name>
	<description>Pastizales</description>
	<Style><LineStyle><color>ff0000ff</color></LineStyle><PolyStyle><fill>0</fill></PolyStyle></Style>
	<ExtendedData><SchemaData schemaUrl="#prediction_20260428_174218">
		<SimpleData name="class_index">0</SimpleData>
	</SchemaData></ExtendedData>
      <Polygon><outerBoundaryIs><LinearRing><coordinates>-66.0368737836529,-17.4081981932478 -66.0368723275191,-17.4082884635515 -66.0364962217993,-17.408282871323 -66.0364976781172,-17.4081926010502 -66.0368737836529,-17.4081981932478</coordinates></LinearRing></outerBoundaryIs></Polygon>
  </Placemark>
  <Placemark id="prediction_20260428_174218.156">
	<name>0</name>
	<description>Bosque</description>
	<Style><LineStyle><color>ff0000ff</color></LineStyle><PolyStyle><fill>0</fill></PolyStyle></Style>
	<ExtendedData><SchemaData schemaUrl="#prediction_20260428_174218">
		<SimpleData name="class_index">0</SimpleData>
	</SchemaData></ExtendedData>
      <Polygon><outerBoundaryIs><LinearRing><coordinates>-66.0368723275191,-17.4082884635515 -66.0368708713766,-17.4083787338543 -66.0367768448875,-17.4083773358558 -66.036778301076,-17.4082870655607 -66.0368723275191,-17.4082884635515</coordinates></LinearRing></outerBoundaryIs></Polygon>
  </Placemark>
  <Placemark id="prediction_20260428_174218.157">
	<name>2</name>
	<description>Pastizales</description>
	<Style><LineStyle><color>ff0000ff</color></LineStyle><PolyStyle><fill>0</fill></PolyStyle></Style>
	<ExtendedData><SchemaData schemaUrl="#prediction_20260428_174218">
		<SimpleData name="class_index">0</SimpleData>
	</SchemaData></ExtendedData>
      <Polygon><outerBoundaryIs><LinearRing><coordinates>-66.0364962217993,-17.408282871323 -66.0364947654727,-17.408373141595 -66.0364007390185,-17.4083717434196 -66.0364021953912,-17.4082814731554 -66.0364962217993,-17.408282871323</coordinates></LinearRing></outerBoundaryIs></Polygon>
  </Placemark>
  <Placemark id="prediction_20260428_174218.158">
	<name>3</name>
	<description>T_Agricolas</description>
	<Style><LineStyle><color>ff0000ff</color></LineStyle><PolyStyle><fill>0</fill></PolyStyle></Style>
	<ExtendedData><SchemaData schemaUrl="#prediction_20260428_174218">
		<SimpleData name="class_index">0</SimpleData>
	</SchemaData></ExtendedData>
      <Polygon><outerBoundaryIs><LinearRing><coordinates>-66.0364021953912,-17.4082814731554 -66.0364007390185,-17.4083717434196 -66.0363067125732,-17.4083703452001 -66.0363081689919,-17.4082800749435 -66.0364021953912,-17.4082814731554</coordinates></LinearRing></outerBoundaryIs></Polygon>
  </Placemark>
  <Placemark id="prediction_20260428_174218.159">
	<name>0</name>
	<description>Bosque</description>
	<Style><LineStyle><color>ff0000ff</color></LineStyle><PolyStyle><fill>0</fill></PolyStyle></Style>
	<ExtendedData><SchemaData schemaUrl="#prediction_20260428_174218">
		<SimpleData name="class_index">0</SimpleData>
	</SchemaData></ExtendedData>
      <Polygon><outerBoundaryIs><LinearRing><coordinates>-66.0363081689919,-17.4082800749435 -66.0363067125732,-17.4083703452001 -66.0362126861365,-17.4083689469363 -66.0362141426013,-17.4082786766874 -66.0363081689919,-17.4082800749435</coordinates></LinearRing></outerBoundaryIs></Polygon>
  </Placemark>
  <Placemark id="prediction_20260428_174218.160">
	<name>0</name>
	<description>Bosque</description>
	<Style><LineStyle><color>ff0000ff</color></LineStyle><PolyStyle><fill>0</fill></PolyStyle></Style>
	<ExtendedData><SchemaData schemaUrl="#prediction_20260428_174218">
		<SimpleData name="class_index">0</SimpleData>
	</SchemaData></ExtendedData>
      <Polygon><outerBoundaryIs><LinearRing><coordinates>-66.0437391870072,-17.4082098557284 -66.0437362814705,-17.4083903974593 -66.0438303085601,-17.4083917921783 -66.0438288558248,-17.4084820630501 -66.0437348286891,-17.4084806683234 -66.043733375899,-17.4085709391866 -66.0435453215618,-17.4085681495853 -66.0435511330383,-17.4082070661885 -66.0437391870072,-17.4082098557284</coordinates></LinearRing></outerBoundaryIs></Polygon>
  </Placemark>
  <Placemark id="prediction_20260428_174218.161">
	<name>3</name>
	<description>T_Agricolas</description>
	<Style><LineStyle><color>ff0000ff</color></LineStyle><PolyStyle><fill>0</fill></PolyStyle></Style>
	<ExtendedData><SchemaData schemaUrl="#prediction_20260428_174218">
		<SimpleData name="class_index">0</SimpleData>
	</SchemaData></ExtendedData>
      <Polygon><outerBoundaryIs><LinearRing><coordinates>-66.0370632925061,-17.4081107187614 -66.0370618364732,-17.4082009890814 -66.0371558628964,-17.4082023869319 -66.0371544069008,-17.4082926572587 -66.0372484333788,-17.4082940550726 -66.0372440654776,-17.4085648660704 -66.0368679590654,-17.408559274457 -66.0368723275191,-17.4082884635515 -66.0369663539709,-17.4082898614981 -66.0369692661376,-17.4081093208744 -66.0370632925061,-17.4081107187614</coordinates></LinearRing></outerBoundaryIs></Polygon>
  </Placemark>
  <Placemark id="prediction_20260428_174218.162">
	<name>3</name>
	<description>T_Agricolas</description>
	<Style><LineStyle><color>ff0000ff</color></LineStyle><PolyStyle><fill>0</fill></PolyStyle></Style>
	<ExtendedData><SchemaData schemaUrl="#prediction_20260428_174218">
		<SimpleData name="class_index">0</SimpleData>
	</SchemaData></ExtendedData>
      <Polygon><outerBoundaryIs><LinearRing><coordinates>-66.036778301076,-17.4082870655607 -66.0367768448875,-17.4083773358558 -66.0366828184071,-17.4083759378131 -66.0366813621638,-17.4084662080995 -66.0367753886902,-17.4084676061499 -66.0367724762694,-17.4086481467353 -66.0364903964402,-17.4086439524053 -66.0364933091372,-17.408463411866 -66.0363992826371,-17.408462013683 -66.0364007390185,-17.4083717434196 -66.0364947654727,-17.408373141595 -66.0364962217993,-17.408282871323 -66.036778301076,-17.4082870655607</coordinates></LinearRing></outerBoundaryIs></Polygon>
  </Placemark>
  <Placemark id="prediction_20260428_174218.163">
	<name>0</name>
	<description>Bosque</description>
	<Style><LineStyle><color>ff0000ff</color></LineStyle><PolyStyle><fill>0</fill></PolyStyle></Style>
	<ExtendedData><SchemaData schemaUrl="#prediction_20260428_174218">
		<SimpleData name="class_index">0</SimpleData>
	</SchemaData></ExtendedData>
      <Polygon><outerBoundaryIs><LinearRing><coordinates>-66.0467378960371,-17.4088863620758 -66.0467364446855,-17.4089766331809 -66.0466424170492,-17.4089752397865 -66.0466438684469,-17.4088849686891 -66.0467378960371,-17.4088863620758</coordinates></LinearRing></outerBoundaryIs></Polygon>
  </Placemark>
  <Placemark id="prediction_20260428_174218.164">
	<name>3</name>
	<description>T_Agricolas</description>
	<Style><LineStyle><color>ff0000ff</color></LineStyle><PolyStyle><fill>0</fill></PolyStyle></Style>
	<ExtendedData><SchemaData schemaUrl="#prediction_20260428_174218">
		<SimpleData name="class_index">0</SimpleData>
	</SchemaData></ExtendedData>
      <Polygon><outerBoundaryIs><LinearRing><coordinates>-66.0465527437266,-17.4087030330759 -66.0465498408654,-17.4088835752582 -66.0466438684469,-17.4088849686891 -66.0466424170492,-17.4089752397865 -66.0465483894217,-17.4089738463479 -66.0465469379693,-17.4090641174367 -66.0464529103045,-17.4090627239462 -66.0464543618029,-17.4089724528651 -66.0463603341928,-17.4089710593381 -66.046364688774,-17.4087002461121 -66.0465527437266,-17.4087030330759</coordinates></LinearRing></outerBoundaryIs></Polygon>
  </Placemark>
  <Placemark id="prediction_20260428_174218.165">
	<name>0</name>
	<description>Bosque</description>
	<Style><LineStyle><color>ff0000ff</color></LineStyle><PolyStyle><fill>0</fill></PolyStyle></Style>
	<ExtendedData><SchemaData schemaUrl="#prediction_20260428_174218">
		<SimpleData name="class_index">0</SimpleData>
	</SchemaData></ExtendedData>
      <Polygon><outerBoundaryIs><LinearRing><coordinates>-66.0466424170492,-17.4089752397865 -66.0466409656429,-17.409065510883 -66.0465469379693,-17.4090641174367 -66.0465483894217,-17.4089738463479 -66.0466424170492,-17.4089752397865</coordinates></LinearRing></outerBoundaryIs></Polygon>
  </Placemark>
  <Placemark id="prediction_20260428_174218.166">
	<name>0</name>
	<description>Bosque</description>
	<Style><LineStyle><color>ff0000ff</color></LineStyle><PolyStyle><fill>0</fill></PolyStyle></Style>
	<ExtendedData><SchemaData schemaUrl="#prediction_20260428_174218">
		<SimpleData name="class_index">0</SimpleData>
	</SchemaData></ExtendedData>
      <Polygon><outerBoundaryIs><LinearRing><coordinates>-66.0459885789734,-17.408694671654 -66.0459827721109,-17.4090557558306 -66.0458887444984,-17.4090543620748 -66.045887292715,-17.409144633109 -66.0456052097915,-17.4091404515533 -66.0456066617131,-17.4090501805422 -66.0455126341355,-17.4090487866096 -66.0455155380446,-17.4088682445999 -66.0454215105677,-17.4088668506384 -66.0454229625553,-17.4087765796398 -66.045516989986,-17.4087779735937 -66.0455184419188,-17.4086877025865 -66.0459885789734,-17.408694671654</coordinates></LinearRing></outerBoundaryIs></Polygon>
  </Placemark>
  <Placemark id="prediction_20260428_174218.167">
	<name>3</name>
	<description>T_Agricolas</description>
	<Style><LineStyle><color>ff0000ff</color></LineStyle><PolyStyle><fill>0</fill></PolyStyle></Style>
	<ExtendedData><SchemaData schemaUrl="#prediction_20260428_174218">
		<SimpleData name="class_index">0</SimpleData>
	</SchemaData></ExtendedData>
      <Polygon><outerBoundaryIs><LinearRing><coordinates>-66.0464529103045,-17.4090627239462 -66.0464514587973,-17.4091529950264 -66.0462634034016,-17.4091502078975 -66.0462648550009,-17.4090599368326 -66.0464529103045,-17.4090627239462</coordinates></LinearRing></outerBoundaryIs></Polygon>
  </Placemark>
  <Placemark id="prediction_20260428_174218.168">
	<name>3</name>
	<description>T_Agricolas</description>
	<Style><LineStyle><color>ff0000ff</color></LineStyle><PolyStyle><fill>0</fill></PolyStyle></Style>
	<ExtendedData><SchemaData schemaUrl="#prediction_20260428_174218">
		<SimpleData name="class_index">0</SimpleData>
	</SchemaData></ExtendedData>
      <Polygon><outerBoundaryIs><LinearRing><coordinates>-66.0456066617131,-17.4090501805422 -66.0456052097915,-17.4091404515533 -66.0455111821678,-17.409139057613 -66.0455126341355,-17.4090487866096 -66.0456066617131,-17.4090501805422</coordinates></LinearRing></outerBoundaryIs></Polygon>
  </Placemark>
  <Placemark id="prediction_20260428_174218.169">
	<name>2</name>
	<description>Pastizales</description>
	<Style><LineStyle><color>ff0000ff</color></LineStyle><PolyStyle><fill>0</fill></PolyStyle></Style>
	<ExtendedData><SchemaData schemaUrl="#prediction_20260428_174218">
		<SimpleData name="class_index">0</SimpleData>
	</SchemaData></ExtendedData>
      <Polygon><outerBoundaryIs><LinearRing><coordinates>-66.0341339041557,-17.4089700644768 -66.0341324466079,-17.4090603345487 -66.0340384200043,-17.4090589352064 -66.034039877598,-17.4089686651422 -66.0341339041557,-17.4089700644768</coordinates></LinearRing></outerBoundaryIs></Polygon>
  </Placemark>
  <Placemark id="prediction_20260428_174218.170">
	<name>3</name>
	<description>T_Agricolas</description>
	<Style><LineStyle><color>ff0000ff</color></LineStyle><PolyStyle><fill>0</fill></PolyStyle></Style>
	<ExtendedData><SchemaData schemaUrl="#prediction_20260428_174218">
		<SimpleData name="class_index">0</SimpleData>
	</SchemaData></ExtendedData>
      <Polygon><outerBoundaryIs><LinearRing><coordinates>-66.034039877598,-17.4089686651422 -66.0340384200043,-17.4090589352064 -66.0339443934093,-17.4090575358199 -66.0339458510492,-17.4089672657634 -66.034039877598,-17.4089686651422</coordinates></LinearRing></outerBoundaryIs></Polygon>
  </Placemark>
  <Placemark id="prediction_20260428_174218.171">
	<name>2</name>
	<description>Pastizales</description>
	<Style><LineStyle><color>ff0000ff</color></LineStyle><PolyStyle><fill>0</fill></PolyStyle></Style>
	<ExtendedData><SchemaData schemaUrl="#prediction_20260428_174218">
		<SimpleData name="class_index">0</SimpleData>
	</SchemaData></ExtendedData>
      <Polygon><outerBoundaryIs><LinearRing><coordinates>-66.0338503668232,-17.4090561363891 -66.0338489091286,-17.409146406437 -66.0336608558904,-17.4091436074274 -66.0336623136771,-17.409053337395 -66.0338503668232,-17.4090561363891</coordinates></LinearRing></outerBoundaryIs></Polygon>
  </Placemark>
  <Placemark id="prediction_20260428_174218.172">
	<name>2</name>
	<description>Pastizales</description>
	<Style><LineStyle><color>ff0000ff</color></LineStyle><PolyStyle><fill>0</fill></PolyStyle></Style>
	<ExtendedData><SchemaData schemaUrl="#prediction_20260428_174218">
		<SimpleData name="class_index">0</SimpleData>
	</SchemaData></ExtendedData>
      <Polygon><outerBoundaryIs><LinearRing><coordinates>-66.0336608558904,-17.4091436074274 -66.033659398095,-17.4092338774589 -66.0334713447998,-17.4092310782571 -66.0334728026873,-17.409140808241 -66.0336608558904,-17.4091436074274</coordinates></LinearRing></outerBoundaryIs></Polygon>
  </Placemark>
  <Placemark id="prediction_20260428_174218.173">
	<name>5</name>
	<description>Suelo_Desnudo</description>
	<Style><LineStyle><color>ff0000ff</color></LineStyle><PolyStyle><fill>0</fill></PolyStyle></Style>
	<ExtendedData><SchemaData schemaUrl="#prediction_20260428_174218">
		<SimpleData name="class_index">0</SimpleData>
	</SchemaData></ExtendedData>
      <Polygon><outerBoundaryIs><LinearRing><coordinates>-66.0334728026873,-17.409140808241 -66.0334713447998,-17.4092310782571 -66.0333773181653,-17.4092296785899 -66.0333787760989,-17.4091394085815 -66.0334728026873,-17.409140808241</coordinates></LinearRing></outerBoundaryIs></Polygon>
  </Placemark>
  <Placemark id="prediction_20260428_174218.174">
	<name>3</name>
	<description>T_Agricolas</description>
	<Style><LineStyle><color>ff0000ff</color></LineStyle><PolyStyle><fill>0</fill></PolyStyle></Style>
	<ExtendedData><SchemaData schemaUrl="#prediction_20260428_174218">
		<SimpleData name="class_index">0</SimpleData>
	</SchemaData></ExtendedData>
      <Polygon><outerBoundaryIs><LinearRing><coordinates>-66.0452261951114,-17.4093154174848 -66.0452247429794,-17.4094056884624 -66.0453187707151,-17.4094070825584 -66.0453173186205,-17.4094973535428 -66.0451292630658,-17.4094945652912 -66.0451307152525,-17.4094042943222 -66.0450366875343,-17.4094029001378 -66.0450352353015,-17.4094931710991 -66.0448471797991,-17.4094903825822 -66.044848632124,-17.4094001116363 -66.0449426598248,-17.4094015059091 -66.0449441120948,-17.4093112349546 -66.0452261951114,-17.4093154174848</coordinates></LinearRing></outerBoundaryIs></Polygon>
  </Placemark>
  <Placemark id="prediction_20260428_174218.175">
	<name>3</name>
	<description>T_Agricolas</description>
	<Style><LineStyle><color>ff0000ff</color></LineStyle><PolyStyle><fill>0</fill></PolyStyle></Style>
	<ExtendedData><SchemaData schemaUrl="#prediction_20260428_174218">
		<SimpleData name="class_index">0</SimpleData>
	</SchemaData></ExtendedData>
      <Polygon><outerBoundaryIs><LinearRing><coordinates>-66.0329997535885,-17.4093143494554 -66.0329982954532,-17.4094046194311 -66.0328102420964,-17.4094018195794 -66.0328117003238,-17.4093115496191 -66.0329997535885,-17.4093143494554</coordinates></LinearRing></outerBoundaryIs></Polygon>
  </Placemark>
  <Placemark id="prediction_20260428_174218.176">
	<name>3</name>
	<description>T_Agricolas</description>
	<Style><LineStyle><color>ff0000ff</color></LineStyle><PolyStyle><fill>0</fill></PolyStyle></Style>
	<ExtendedData><SchemaData schemaUrl="#prediction_20260428_174218">
		<SimpleData name="class_index">0</SimpleData>
	</SchemaData></ExtendedData>
      <Polygon><outerBoundaryIs><LinearRing><coordinates>-66.0328102420964,-17.4094018195794 -66.0328087838603,-17.4094920895387 -66.032714757149,-17.4094906895389 -66.0327162154312,-17.4094004195872 -66.0328102420964,-17.4094018195794</coordinates></LinearRing></outerBoundaryIs></Polygon>
  </Placemark>
  <Placemark id="prediction_20260428_174218.177">
	<name>2</name>
	<description>Pastizales</description>
	<Style><LineStyle><color>ff0000ff</color></LineStyle><PolyStyle><fill>0</fill></PolyStyle></Style>
	<ExtendedData><SchemaData schemaUrl="#prediction_20260428_174218">
		<SimpleData name="class_index">0</SimpleData>
	</SchemaData></ExtendedData>
      <Polygon><outerBoundaryIs><LinearRing><coordinates>-66.0327162154312,-17.4094004195872 -66.032714757149,-17.4094906895389 -66.0326207304465,-17.4094892894948 -66.0326221887747,-17.4093990195508 -66.0327162154312,-17.4094004195872</coordinates></LinearRing></outerBoundaryIs></Polygon>
  </Placemark>
  <Placemark id="prediction_20260428_174218.178">
	<name>0</name>
	<description>Bosque</description>
	<Style><LineStyle><color>ff0000ff</color></LineStyle><PolyStyle><fill>0</fill></PolyStyle></Style>
	<ExtendedData><SchemaData schemaUrl="#prediction_20260428_174218">
		<SimpleData name="class_index">0</SimpleData>
	</SchemaData></ExtendedData>
      <Polygon><outerBoundaryIs><LinearRing><coordinates>-66.0326221887747,-17.4093990195508 -66.0326207304465,-17.4094892894948 -66.0325267037527,-17.4094878894065 -66.032528162127,-17.4093976194702 -66.0326221887747,-17.4093990195508</coordinates></LinearRing></outerBoundaryIs></Polygon>
  </Placemark>
  <Placemark id="prediction_20260428_174218.179">
	<name>0</name>
	<description>Bosque</description>
	<Style><LineStyle><color>ff0000ff</color></LineStyle><PolyStyle><fill>0</fill></PolyStyle></Style>
	<ExtendedData><SchemaData schemaUrl="#prediction_20260428_174218">
		<SimpleData name="class_index">0</SimpleData>
	</SchemaData></ExtendedData>
      <Polygon><outerBoundaryIs><LinearRing><coordinates>-66.039303923285,-17.4091372302854 -66.0393024682609,-17.4092275007798 -66.0393964954005,-17.4092288976537 -66.0393935854182,-17.4094094386552 -66.0394876126586,-17.4094108355003 -66.0394847027335,-17.4095913765134 -66.039390675401,-17.4095899796529 -66.0393892203793,-17.4096802501503 -66.0391071382961,-17.4096760592804 -66.0391085934559,-17.409585788806 -66.0390145661584,-17.4095843917686 -66.0390203868946,-17.4092233098926 -66.0392084411301,-17.4092261038616 -66.0392098962002,-17.4091358333749 -66.039303923285,-17.4091372302854</coordinates></LinearRing></outerBoundaryIs></Polygon>
  </Placemark>
  <Placemark id="prediction_20260428_174218.180">
	<name>3</name>
	<description>T_Agricolas</description>
	<Style><LineStyle><color>ff0000ff</color></LineStyle><PolyStyle><fill>0</fill></PolyStyle></Style>
	<ExtendedData><SchemaData schemaUrl="#prediction_20260428_174218">
		<SimpleData name="class_index">0</SimpleData>
	</SchemaData></ExtendedData>
      <Polygon><outerBoundaryIs><LinearRing><coordinates>-66.0453158665172,-17.4095876245262 -66.0453144144051,-17.4096778955087 -66.0452203865313,-17.4096765013897 -66.0452189343645,-17.4097667723635 -66.0449368506572,-17.4097625897181 -66.0449383029622,-17.4096723187673 -66.0451263586662,-17.4096751072264 -66.0451278108704,-17.4095848362593 -66.0453158665172,-17.4095876245262</coordinates></LinearRing></outerBoundaryIs></Polygon>
  </Placemark>
  <Placemark id="prediction_20260428_174218.181">
	<name>4</name>
	<description>Infraestructura</description>
	<Style><LineStyle><color>ff0000ff</color></LineStyle><PolyStyle><fill>0</fill></PolyStyle></Style>
	<ExtendedData><SchemaData schemaUrl="#prediction_20260428_174218">
		<SimpleData name="class_index">0</SimpleData>
	</SchemaData></ExtendedData>
      <Polygon><outerBoundaryIs><LinearRing><coordinates>-66.0449383029622,-17.4096723187673 -66.0449368506572,-17.4097625897181 -66.0448428227723,-17.4097611954145 -66.0448442751233,-17.4096709244714 -66.0449383029622,-17.4096723187673</coordinates></LinearRing></outerBoundaryIs></Polygon>
  </Placemark>
  <Placemark id="prediction_20260428_174218.182">
	<name>3</name>
	<description>T_Agricolas</description>
	<Style><LineStyle><color>ff0000ff</color></LineStyle><PolyStyle><fill>0</fill></PolyStyle></Style>
	<ExtendedData><SchemaData schemaUrl="#prediction_20260428_174218">
		<SimpleData name="class_index">0</SimpleData>
	</SchemaData></ExtendedData>
      <Polygon><outerBoundaryIs><LinearRing><coordinates>-66.0325267037527,-17.4094878894065 -66.0325252453697,-17.4095781593417 -66.0324312186386,-17.4095767592015 -66.0324326770677,-17.4094864892739 -66.0325267037527,-17.4094878894065</coordinates></LinearRing></outerBoundaryIs></Polygon>
  </Placemark>
  <Placemark id="prediction_20260428_174218.183">
	<name>2</name>
	<description>Pastizales</description>
	<Style><LineStyle><color>ff0000ff</color></LineStyle><PolyStyle><fill>0</fill></PolyStyle></Style>
	<ExtendedData><SchemaData schemaUrl="#prediction_20260428_174218">
		<SimpleData name="class_index">0</SimpleData>
	</SchemaData></ExtendedData>
      <Polygon><outerBoundaryIs><LinearRing><coordinates>-66.0324326770677,-17.4094864892739 -66.0324312186386,-17.4095767592015 -66.0322431652028,-17.4095739587884 -66.0322446237239,-17.4094836888763 -66.0324326770677,-17.4094864892739</coordinates></LinearRing></outerBoundaryIs></Polygon>
  </Placemark>
  <Placemark id="prediction_20260428_174218.184">
	<name>0</name>
	<description>Bosque</description>
	<Style><LineStyle><color>ff0000ff</color></LineStyle><PolyStyle><fill>0</fill></PolyStyle></Style>
	<ExtendedData><SchemaData schemaUrl="#prediction_20260428_174218">
		<SimpleData name="class_index">0</SimpleData>
	</SchemaData></ExtendedData>
      <Polygon><outerBoundaryIs><LinearRing><coordinates>-66.0450308785509,-17.4097639839775 -66.0450294262833,-17.4098542549351 -66.0449353983435,-17.409852860668 -66.0449368506572,-17.4097625897181 -66.0450308785509,-17.4097639839775</coordinates></LinearRing></outerBoundaryIs></Polygon>
  </Placemark>
  <Placemark id="prediction_20260428_174218.185">
	<name>3</name>
	<description>T_Agricolas</description>
	<Style><LineStyle><color>ff0000ff</color></LineStyle><PolyStyle><fill>0</fill></PolyStyle></Style>
	<ExtendedData><SchemaData schemaUrl="#prediction_20260428_174218">
		<SimpleData name="class_index">0</SimpleData>
	</SchemaData></ExtendedData>
      <Polygon><outerBoundaryIs><LinearRing><coordinates>-66.0449368506572,-17.4097625897181 -66.0449353983435,-17.409852860668 -66.0447473424902,-17.4098500720013 -66.044748794896,-17.4097598010668 -66.0449368506572,-17.4097625897181</coordinates></LinearRing></outerBoundaryIs></Polygon>
  </Placemark>
  <Placemark id="prediction_20260428_174218.186">
	<name>2</name>
	<description>Pastizales</description>
	<Style><LineStyle><color>ff0000ff</color></LineStyle><PolyStyle><fill>0</fill></PolyStyle></Style>
	<ExtendedData><SchemaData schemaUrl="#prediction_20260428_174218">
		<SimpleData name="class_index">0</SimpleData>
	</SchemaData></ExtendedData>
      <Polygon><outerBoundaryIs><LinearRing><coordinates>-66.0322431652028,-17.4095739587884 -66.0322417066728,-17.4096642286996 -66.0319596264466,-17.4096600277252 -66.0319610851147,-17.4095697578371 -66.0322431652028,-17.4095739587884</coordinates></LinearRing></outerBoundaryIs></Polygon>
  </Placemark>
  <Placemark id="prediction_20260428_174218.187">
	<name>0</name>
	<description>Bosque</description>
	<Style><LineStyle><color>ff0000ff</color></LineStyle><PolyStyle><fill>0</fill></PolyStyle></Style>
	<ExtendedData><SchemaData schemaUrl="#prediction_20260428_174218">
		<SimpleData name="class_index">0</SimpleData>
	</SchemaData></ExtendedData>
      <Polygon><outerBoundaryIs><LinearRing><coordinates>-66.0440993161921,-17.4092084140897 -66.0440978635163,-17.4092986849761 -66.0441918911012,-17.409300079595 -66.0441860804951,-17.409661163162 -66.0443741360595,-17.4096639523286 -66.0443755886321,-17.4095736814229 -66.0444696163813,-17.4095750759322 -66.0444710688991,-17.4094848050179 -66.044753152061,-17.4094889882575 -66.0447546044319,-17.4093987173192 -66.044848632124,-17.4094001116363 -66.0448471797991,-17.4094903825822 -66.0450352353015,-17.4094931710991 -66.0450366875343,-17.4094029001378 -66.0451307152525,-17.4094042943222 -66.0451292630658,-17.4094945652912 -66.0452232908388,-17.4094959594391 -66.0452218386894,-17.4095862304148 -66.0451278108704,-17.4095848362593 -66.0451263586662,-17.4096751072264 -66.0448442751233,-17.4096709244714 -66.0448428227723,-17.4097611954145 -66.044748794896,-17.4097598010668 -66.0447473424902,-17.4098500720013 -66.0443712308883,-17.4098444941372 -66.0443697782896,-17.4099347650402 -66.0439936666431,-17.4099291864379 -66.043995119426,-17.4098389155657 -66.0439010915822,-17.4098375208122 -66.0439025444024,-17.4097472499468 -66.0439965722001,-17.4097486446925 -66.0440009304703,-17.4094778320676 -66.0439069028107,-17.4094764373449 -66.0439112611404,-17.4092056247345 -66.0440993161921,-17.4092084140897</coordinates></LinearRing></outerBoundaryIs></Polygon>
  </Placemark>
  <Placemark id="prediction_20260428_174218.188">
	<name>0</name>
	<description>Bosque</description>
	<Style><LineStyle><color>ff0000ff</color></LineStyle><PolyStyle><fill>0</fill></PolyStyle></Style>
	<ExtendedData><SchemaData schemaUrl="#prediction_20260428_174218">
		<SimpleData name="class_index">0</SimpleData>
	</SchemaData></ExtendedData>
      <Polygon><outerBoundaryIs><LinearRing><coordinates>-66.0448413704125,-17.4098514663568 -66.0448399180441,-17.4099417372981 -66.0447458900757,-17.4099403429349 -66.0447473424902,-17.4098500720013 -66.0448413704125,-17.4098514663568</coordinates></LinearRing></outerBoundaryIs></Polygon>
  </Placemark>
  <Placemark id="prediction_20260428_174218.189">
	<name>3</name>
	<description>T_Agricolas</description>
	<Style><LineStyle><color>ff0000ff</color></LineStyle><PolyStyle><fill>0</fill></PolyStyle></Style>
	<ExtendedData><SchemaData schemaUrl="#prediction_20260428_174218">
		<SimpleData name="class_index">0</SimpleData>
	</SchemaData></ExtendedData>
      <Polygon><outerBoundaryIs><LinearRing><coordinates>-66.0447473424902,-17.4098500720013 -66.0447458900757,-17.4099403429349 -66.0446518621161,-17.4099389485276 -66.0446533145767,-17.4098486776016 -66.0447473424902,-17.4098500720013</coordinates></LinearRing></outerBoundaryIs></Polygon>
  </Placemark>
  <Placemark id="prediction_20260428_174218.190">
	<name>0</name>
	<description>Bosque</description>
	<Style><LineStyle><color>ff0000ff</color></LineStyle><PolyStyle><fill>0</fill></PolyStyle></Style>
	<ExtendedData><SchemaData schemaUrl="#prediction_20260428_174218">
		<SimpleData name="class_index">0</SimpleData>
	</SchemaData></ExtendedData>
      <Polygon><outerBoundaryIs><LinearRing><coordinates>-66.042210045536,-17.4097221369619 -66.0422085918869,-17.4098124076891 -66.0423026195736,-17.4098138032384 -66.0423011659618,-17.4099040739723 -66.0423951937032,-17.4099054694852 -66.0423937401288,-17.4099957402258 -66.0422056845626,-17.4099929491406 -66.0422071382291,-17.4099026784153 -66.0421131105052,-17.409901282814 -66.0421160179041,-17.409720741376 -66.042210045536,-17.4097221369619</coordinates></LinearRing></outerBoundaryIs></Polygon>
  </Placemark>
  <Placemark id="prediction_20260428_174218.191">
	<name>0</name>
	<description>Bosque</description>
	<Style><LineStyle><color>ff0000ff</color></LineStyle><PolyStyle><fill>0</fill></PolyStyle></Style>
	<ExtendedData><SchemaData schemaUrl="#prediction_20260428_174218">
		<SimpleData name="class_index">0</SimpleData>
	</SchemaData></ExtendedData>
      <Polygon><outerBoundaryIs><LinearRing><coordinates>-66.0406072136601,-17.4099692177747 -66.040605759202,-17.4100594883684 -66.0405117315345,-17.410058092 -66.0405131860386,-17.409967821414 -66.0406072136601,-17.4099692177747</coordinates></LinearRing></outerBoundaryIs></Polygon>
  </Placemark>
  <Placemark id="prediction_20260428_174218.192">
	<name>3</name>
	<description>T_Agricolas</description>
	<Style><LineStyle><color>ff0000ff</color></LineStyle><PolyStyle><fill>0</fill></PolyStyle></Style>
	<ExtendedData><SchemaData schemaUrl="#prediction_20260428_174218">
		<SimpleData name="class_index">0</SimpleData>
	</SchemaData></ExtendedData>
      <Polygon><outerBoundaryIs><LinearRing><coordinates>-66.0431459627429,-17.4100069027981 -66.0431445095281,-17.4100971735993 -66.0432385374402,-17.4100985687295 -66.0432370842628,-17.4101888395374 -66.0430490283552,-17.4101860492174 -66.0430519348856,-17.4100055076313 -66.0431459627429,-17.4100069027981</coordinates></LinearRing></outerBoundaryIs></Polygon>
  </Placemark>
  <Placemark id="prediction_20260428_174218.193">
	<name>3</name>
	<description>T_Agricolas</description>
	<Style><LineStyle><color>ff0000ff</color></LineStyle><PolyStyle><fill>0</fill></PolyStyle></Style>
	<ExtendedData><SchemaData schemaUrl="#prediction_20260428_174218">
		<SimpleData name="class_index">0</SimpleData>
	</SchemaData></ExtendedData>
      <Polygon><outerBoundaryIs><LinearRing><coordinates>-66.0368475719071,-17.4098230585712 -66.0368461156158,-17.4099133288581 -66.0369401428965,-17.4099147269433 -66.0369357741085,-17.4101855378214 -66.0366536918785,-17.410181343364 -66.036655148288,-17.4100910730953 -66.0365611209416,-17.4100896748621 -66.0365625773884,-17.4099994046002 -66.0363745228138,-17.4099966080165 -66.0363774358654,-17.4098160675207 -66.0368475719071,-17.4098230585712</coordinates></LinearRing></outerBoundaryIs></Polygon>
  </Placemark>
  <Placemark id="prediction_20260428_174218.194">
	<name>0</name>
	<description>Bosque</description>
	<Style><LineStyle><color>ff0000ff</color></LineStyle><PolyStyle><fill>0</fill></PolyStyle></Style>
	<ExtendedData><SchemaData schemaUrl="#prediction_20260428_174218">
		<SimpleData name="class_index">0</SimpleData>
	</SchemaData></ExtendedData>
      <Polygon><outerBoundaryIs><LinearRing><coordinates>-66.0434251402052,-17.4101916296806 -66.0434236871111,-17.410281900503 -66.0432356310766,-17.4102791103444 -66.0432370842628,-17.4101888395374 -66.0434251402052,-17.4101916296806</coordinates></LinearRing></outerBoundaryIs></Polygon>
  </Placemark>
  <Placemark id="prediction_20260428_174218.195">
	<name>0</name>
	<description>Bosque</description>
	<Style><LineStyle><color>ff0000ff</color></LineStyle><PolyStyle><fill>0</fill></PolyStyle></Style>
	<ExtendedData><SchemaData schemaUrl="#prediction_20260428_174218">
		<SimpleData name="class_index">0</SimpleData>
	</SchemaData></ExtendedData>
      <Polygon><outerBoundaryIs><LinearRing><coordinates>-66.0395700003659,-17.4101343963926 -66.0395685453838,-17.4102246668999 -66.0394745177202,-17.4102232700297 -66.0394759727483,-17.4101329995302 -66.0395700003659,-17.4101343963926</coordinates></LinearRing></outerBoundaryIs></Polygon>
  </Placemark>
  <Placemark id="prediction_20260428_174218.196">
	<name>3</name>
	<description>T_Agricolas</description>
	<Style><LineStyle><color>ff0000ff</color></LineStyle><PolyStyle><fill>0</fill></PolyStyle></Style>
	<ExtendedData><SchemaData schemaUrl="#prediction_20260428_174218">
		<SimpleData name="class_index">0</SimpleData>
	</SchemaData></ExtendedData>
      <Polygon><outerBoundaryIs><LinearRing><coordinates>-66.0328014925482,-17.4099434393214 -66.0328000342595,-17.4100337092752 -66.0328940612558,-17.4100351092771 -66.0328926030044,-17.4101253792376 -66.0325164948875,-17.4101197789338 -66.0325194117499,-17.4099392390735 -66.0328014925482,-17.4099434393214</coordinates></LinearRing></outerBoundaryIs></Polygon>
  </Placemark>
  <Placemark id="prediction_20260428_174218.197">
	<name>0</name>
	<description>Bosque</description>
	<Style><LineStyle><color>ff0000ff</color></LineStyle><PolyStyle><fill>0</fill></PolyStyle></Style>
	<ExtendedData><SchemaData schemaUrl="#prediction_20260428_174218">
		<SimpleData name="class_index">0</SimpleData>
	</SchemaData></ExtendedData>
      <Polygon><outerBoundaryIs><LinearRing><coordinates>-66.0396625730561,-17.4102260637258 -66.0396611181113,-17.4103163342398 -66.039567090393,-17.4103149374061 -66.0395685453838,-17.4102246668999 -66.0396625730561,-17.4102260637258</coordinates></LinearRing></outerBoundaryIs></Polygon>
  </Placemark>
  <Placemark id="prediction_20260428_174218.198">
	<name>0</name>
	<description>Bosque</description>
	<Style><LineStyle><color>ff0000ff</color></LineStyle><PolyStyle><fill>0</fill></PolyStyle></Style>
	<ExtendedData><SchemaData schemaUrl="#prediction_20260428_174218">
		<SimpleData name="class_index">0</SimpleData>
	</SchemaData></ExtendedData>
      <Polygon><outerBoundaryIs><LinearRing><coordinates>-66.0303538759357,-17.4100875634576 -66.0303524164323,-17.4101778332089 -66.0302583895805,-17.4101764319977 -66.03025984913,-17.4100861622541 -66.0303538759357,-17.4100875634576</coordinates></LinearRing></outerBoundaryIs></Polygon>
  </Placemark>
  <Placemark id="prediction_20260428_174218.199">
	<name>4</name>
	<description>Infraestructura</description>
	<Style><LineStyle><color>ff0000ff</color></LineStyle><PolyStyle><fill>0</fill></PolyStyle></Style>
	<ExtendedData><SchemaData schemaUrl="#prediction_20260428_174218">
		<SimpleData name="class_index">0</SimpleData>
	</SchemaData></ExtendedData>
      <Polygon><outerBoundaryIs><LinearRing><coordinates>-66.0306359564057,-17.4100917668027 -66.0306315782835,-17.4103625761234 -66.0304435243519,-17.4103597738913 -66.0304479027503,-17.4100889646169 -66.0306359564057,-17.4100917668027</coordinates></LinearRing></outerBoundaryIs></Polygon>
  </Placemark>
  <Placemark id="prediction_20260428_174218.200">
	<name>2</name>
	<description>Pastizales</description>
	<Style><LineStyle><color>ff0000ff</color></LineStyle><PolyStyle><fill>0</fill></PolyStyle></Style>
	<ExtendedData><SchemaData schemaUrl="#prediction_20260428_174218">
		<SimpleData name="class_index">0</SimpleData>
	</SchemaData></ExtendedData>
      <Polygon><outerBoundaryIs><LinearRing><coordinates>-66.0304479027503,-17.4100889646169 -66.0304449838268,-17.410269504134 -66.0301629031332,-17.4102653004773 -66.0301614435201,-17.4103555702114 -66.0300674165938,-17.4103541688963 -66.0300688762528,-17.4102638991699 -66.0299748493813,-17.4102624978184 -66.0299763090776,-17.4101722280988 -66.0303524164323,-17.4101778332089 -66.0303538759357,-17.4100875634576 -66.0304479027503,-17.4100889646169</coordinates></LinearRing></outerBoundaryIs></Polygon>
  </Placemark>
  <Placemark id="prediction_20260428_174218.201">
	<name>0</name>
	<description>Bosque</description>
	<Style><LineStyle><color>ff0000ff</color></LineStyle><PolyStyle><fill>0</fill></PolyStyle></Style>
	<ExtendedData><SchemaData schemaUrl="#prediction_20260428_174218">
		<SimpleData name="class_index">0</SimpleData>
	</SchemaData></ExtendedData>
      <Polygon><outerBoundaryIs><LinearRing><coordinates>-66.0295032552196,-17.4103457600773 -66.0295017952755,-17.4104360297564 -66.0294077683644,-17.4104346281241 -66.0294092283546,-17.4103443584527 -66.0295032552196,-17.4103457600773</coordinates></LinearRing></outerBoundaryIs></Polygon>
  </Placemark>
  <Placemark id="prediction_20260428_174218.202">
	<name>3</name>
	<description>T_Agricolas</description>
	<Style><LineStyle><color>ff0000ff</color></LineStyle><PolyStyle><fill>0</fill></PolyStyle></Style>
	<ExtendedData><SchemaData schemaUrl="#prediction_20260428_174218">
		<SimpleData name="class_index">0</SimpleData>
	</SchemaData></ExtendedData>
      <Polygon><outerBoundaryIs><LinearRing><coordinates>-66.0354255083382,-17.410524243448 -66.0354240512863,-17.4106145136119 -66.0352359962771,-17.4106117158592 -66.0352374534211,-17.4105214457107 -66.0354255083382,-17.410524243448</coordinates></LinearRing></outerBoundaryIs></Polygon>
  </Placemark>
  <Placemark id="prediction_20260428_174218.203">
	<name>2</name>
	<description>Pastizales</description>
	<Style><LineStyle><color>ff0000ff</color></LineStyle><PolyStyle><fill>0</fill></PolyStyle></Style>
	<ExtendedData><SchemaData schemaUrl="#prediction_20260428_174218">
		<SimpleData name="class_index">0</SimpleData>
	</SchemaData></ExtendedData>
      <Polygon><outerBoundaryIs><LinearRing><coordinates>-66.0293137414621,-17.4104332264476 -66.0293122814171,-17.4105234961103 -66.0291242275468,-17.4105206926092 -66.0291256876839,-17.4104304229619 -66.0293137414621,-17.4104332264476</coordinates></LinearRing></outerBoundaryIs></Polygon>
  </Placemark>
  <Placemark id="prediction_20260428_174218.204">
	<name>3</name>
	<description>T_Agricolas</description>
	<Style><LineStyle><color>ff0000ff</color></LineStyle><PolyStyle><fill>0</fill></PolyStyle></Style>
	<ExtendedData><SchemaData schemaUrl="#prediction_20260428_174218">
		<SimpleData name="class_index">0</SimpleData>
	</SchemaData></ExtendedData>
      <Polygon><outerBoundaryIs><LinearRing><coordinates>-66.0355180788041,-17.410615912422 -66.0355166217895,-17.4107061825926 -66.0354225942257,-17.4107047837749 -66.0354240512863,-17.4106145136119 -66.0355180788041,-17.410615912422</coordinates></LinearRing></outerBoundaryIs></Polygon>
  </Placemark>
  <Placemark id="prediction_20260428_174218.205">
	<name>1</name>
	<description>Matorrales</description>
	<Style><LineStyle><color>ff0000ff</color></LineStyle><PolyStyle><fill>0</fill></PolyStyle></Style>
	<ExtendedData><SchemaData schemaUrl="#prediction_20260428_174218">
		<SimpleData name="class_index">0</SimpleData>
	</SchemaData></ExtendedData>
      <Polygon><outerBoundaryIs><LinearRing><coordinates>-66.0355166217895,-17.4107061825926 -66.0355151647661,-17.4107964527624 -66.0354211371563,-17.4107950539369 -66.0354225942257,-17.4107047837749 -66.0355166217895,-17.4107061825926</coordinates></LinearRing></outerBoundaryIs></Polygon>
  </Placemark>
  <Placemark id="prediction_20260428_174218.206">
	<name>3</name>
	<description>T_Agricolas</description>
	<Style><LineStyle><color>ff0000ff</color></LineStyle><PolyStyle><fill>0</fill></PolyStyle></Style>
	<ExtendedData><SchemaData schemaUrl="#prediction_20260428_174218">
		<SimpleData name="class_index">0</SimpleData>
	</SchemaData></ExtendedData>
      <Polygon><outerBoundaryIs><LinearRing><coordinates>-66.0327016322152,-17.4103031190615 -66.0327001738454,-17.4103933890038 -66.0327942010172,-17.4103947890808 -66.0327927426847,-17.4104850590299 -66.0328867699112,-17.4104864590703 -66.032885311616,-17.4105767290262 -66.0329793388974,-17.4105781290301 -66.0329764223728,-17.4107586689544 -66.0328823949994,-17.4107572689351 -66.0328809366779,-17.4108475388881 -66.0327869092671,-17.4108461388168 -66.0327883676347,-17.4107558688715 -66.0326943402787,-17.4107544687637 -66.0326957986835,-17.4106641988251 -66.0326017713824,-17.4106627986808 -66.0326076050982,-17.4103017189481 -66.0327016322152,-17.4103031190615</coordinates></LinearRing></outerBoundaryIs></Polygon>
  </Placemark>
  <Placemark id="prediction_20260428_174218.207">
	<name>0</name>
	<description>Bosque</description>
	<Style><LineStyle><color>ff0000ff</color></LineStyle><PolyStyle><fill>0</fill></PolyStyle></Style>
	<ExtendedData><SchemaData schemaUrl="#prediction_20260428_174218">
		<SimpleData name="class_index">0</SimpleData>
	</SchemaData></ExtendedData>
      <Polygon><outerBoundaryIs><LinearRing><coordinates>-66.0352374534211,-17.4105214457107 -66.0352359962771,-17.4106117158592 -66.0354240512863,-17.4106145136119 -66.0354211371563,-17.4107950539369 -66.0352330819628,-17.4107922561534 -66.0352301676136,-17.4109727964438 -66.0351361399379,-17.4109713974703 -66.0351390543792,-17.4107908571953 -66.0350450268044,-17.410789458193 -66.0350493985389,-17.4105186477965 -66.0352374534211,-17.4105214457107</coordinates></LinearRing></outerBoundaryIs></Polygon>
  </Placemark>
  <Placemark id="prediction_20260428_174218.208">
	<name>2</name>
	<description>Pastizales</description>
	<Style><LineStyle><color>ff0000ff</color></LineStyle><PolyStyle><fill>0</fill></PolyStyle></Style>
	<ExtendedData><SchemaData schemaUrl="#prediction_20260428_174218">
		<SimpleData name="class_index">0</SimpleData>
	</SchemaData></ExtendedData>
      <Polygon><outerBoundaryIs><LinearRing><coordinates>-66.0290287404328,-17.4106095604309 -66.0290272802322,-17.4106998300686 -66.0291213072463,-17.410701231901 -66.0291198470829,-17.4107915015455 -66.0290258200227,-17.4107900997054 -66.0290228995775,-17.4109706389761 -66.028928872434,-17.4109692370764 -66.0289332532268,-17.4106984281921 -66.0288392262302,-17.4106970262713 -66.028840686523,-17.410606756649 -66.0290287404328,-17.4106095604309</coordinates></LinearRing></outerBoundaryIs></Polygon>
  </Placemark>
  <Placemark id="prediction_20260428_174218.209">
	<name>0</name>
	<description>Bosque</description>
	<Style><LineStyle><color>ff0000ff</color></LineStyle><PolyStyle><fill>0</fill></PolyStyle></Style>
	<ExtendedData><SchemaData schemaUrl="#prediction_20260428_174218">
		<SimpleData name="class_index">0</SimpleData>
	</SchemaData></ExtendedData>
      <Polygon><outerBoundaryIs><LinearRing><coordinates>-66.035610649362,-17.4107075813662 -66.0356091923847,-17.4107978515436 -66.0357032200121,-17.4107992502806 -66.0357017630721,-17.4108895204648 -66.0357957907542,-17.4108909191653 -66.0357943338515,-17.4109811893562 -66.0362644726238,-17.4109881822338 -66.0362615592526,-17.41116872269 -66.0357914200198,-17.4111617297354 -66.0357928769401,-17.4110714595463 -66.0355107936436,-17.4110672632659 -66.0355122506932,-17.410976993099 -66.0354182229912,-17.4109755942582 -66.0354211371563,-17.4107950539369 -66.0355151647661,-17.4107964527624 -66.0355166217895,-17.4107061825926 -66.035610649362,-17.4107075813662</coordinates></LinearRing></outerBoundaryIs></Polygon>
  </Placemark>
  <Placemark id="prediction_20260428_174218.210">
	<name>3</name>
	<description>T_Agricolas</description>
	<Style><LineStyle><color>ff0000ff</color></LineStyle><PolyStyle><fill>0</fill></PolyStyle></Style>
	<ExtendedData><SchemaData schemaUrl="#prediction_20260428_174218">
		<SimpleData name="class_index">0</SimpleData>
	</SchemaData></ExtendedData>
      <Polygon><outerBoundaryIs><LinearRing><coordinates>-66.0363570437693,-17.4110798509129 -66.0363526738113,-17.411350661616 -66.0362586458464,-17.4113492631424 -66.0362630159426,-17.4110784524624 -66.0363570437693,-17.4110798509129</coordinates></LinearRing></outerBoundaryIs></Polygon>
  </Placemark>
  <Placemark id="prediction_20260428_174218.211">
	<name>2</name>
	<description>Pastizales</description>
	<Style><LineStyle><color>ff0000ff</color></LineStyle><PolyStyle><fill>0</fill></PolyStyle></Style>
	<ExtendedData><SchemaData schemaUrl="#prediction_20260428_174218">
		<SimpleData name="class_index">0</SimpleData>
	</SchemaData></ExtendedData>
      <Polygon><outerBoundaryIs><LinearRing><coordinates>-66.0352257960241,-17.4112436068725 -66.03522433881,-17.4113338770135 -66.0351303109501,-17.4113324780092 -66.0351317682102,-17.4112422078759 -66.0352257960241,-17.4112436068725</coordinates></LinearRing></outerBoundaryIs></Polygon>
  </Placemark>
  <Placemark id="prediction_20260428_174218.212">
	<name>2</name>
	<description>Pastizales</description>
	<Style><LineStyle><color>ff0000ff</color></LineStyle><PolyStyle><fill>0</fill></PolyStyle></Style>
	<ExtendedData><SchemaData schemaUrl="#prediction_20260428_174218">
		<SimpleData name="class_index">0</SimpleData>
	</SchemaData></ExtendedData>
      <Polygon><outerBoundaryIs><LinearRing><coordinates>-66.0305244160592,-17.4111736028716 -66.0305229565427,-17.4112638726272 -66.0304289291207,-17.4112624714119 -66.0304303886833,-17.411172201664 -66.0305244160592,-17.4111736028716</coordinates></LinearRing></outerBoundaryIs></Polygon>
  </Placemark>
  <Placemark id="prediction_20260428_174218.213">
	<name>0</name>
	<description>Bosque</description>
	<Style><LineStyle><color>ff0000ff</color></LineStyle><PolyStyle><fill>0</fill></PolyStyle></Style>
	<ExtendedData><SchemaData schemaUrl="#prediction_20260428_174218">
		<SimpleData name="class_index">0</SimpleData>
	</SchemaData></ExtendedData>
      <Polygon><outerBoundaryIs><LinearRing><coordinates>-66.0412435943024,-17.4113330506757 -66.0412421400356,-17.4114233213092 -66.0411481116162,-17.411421925135 -66.0411466572946,-17.4115121957599 -66.0408645719504,-17.4115080069491 -66.0408674808611,-17.4113274657446 -66.0412435943024,-17.4113330506757</coordinates></LinearRing></outerBoundaryIs></Polygon>
  </Placemark>
  <Placemark id="prediction_20260428_174218.214">
	<name>0</name>
	<description>Bosque</description>
	<Style><LineStyle><color>ff0000ff</color></LineStyle><PolyStyle><fill>0</fill></PolyStyle></Style>
	<ExtendedData><SchemaData schemaUrl="#prediction_20260428_174218">
		<SimpleData name="class_index">0</SimpleData>
	</SchemaData></ExtendedData>
      <Polygon><outerBoundaryIs><LinearRing><coordinates>-66.0351361399379,-17.4109713974703 -66.0351346827041,-17.4110616676064 -66.0350406549911,-17.411060268581 -66.0350377404051,-17.411240808835 -66.0351317682102,-17.4112422078759 -66.0351288536813,-17.4114227481415 -66.0349407978957,-17.4114199499848 -66.0349422552566,-17.4113296798679 -66.034848227423,-17.4113282807309 -66.0348496848212,-17.4112380106207 -66.0347556570424,-17.4112366114472 -66.0347585719046,-17.4110560712394 -66.0346645442267,-17.4110546720371 -66.0346660016907,-17.4109644019395 -66.0351361399379,-17.4109713974703</coordinates></LinearRing></outerBoundaryIs></Polygon>
  </Placemark>
  <Placemark id="prediction_20260428_174218.215">
	<name>3</name>
	<description>T_Agricolas</description>
	<Style><LineStyle><color>ff0000ff</color></LineStyle><PolyStyle><fill>0</fill></PolyStyle></Style>
	<ExtendedData><SchemaData schemaUrl="#prediction_20260428_174218">
		<SimpleData name="class_index">0</SimpleData>
	</SchemaData></ExtendedData>
      <Polygon><outerBoundaryIs><LinearRing><coordinates>-66.0353183666787,-17.4113352759736 -66.035316909502,-17.4114255461214 -66.0351288536813,-17.4114227481415 -66.0351303109501,-17.4113324780092 -66.0353183666787,-17.4113352759736</coordinates></LinearRing></outerBoundaryIs></Polygon>
  </Placemark>
  <Placemark id="prediction_20260428_174218.216">
	<name>0</name>
	<description>Bosque</description>
	<Style><LineStyle><color>ff0000ff</color></LineStyle><PolyStyle><fill>0</fill></PolyStyle></Style>
	<ExtendedData><SchemaData schemaUrl="#prediction_20260428_174218">
		<SimpleData name="class_index">0</SimpleData>
	</SchemaData></ExtendedData>
      <Polygon><outerBoundaryIs><LinearRing><coordinates>-66.0401181640104,-17.4111357526744 -66.0401137995785,-17.4114065643009 -66.0400197712638,-17.4114051675961 -66.0400183163897,-17.4114954381287 -66.0399242880377,-17.411494041372 -66.0399228331088,-17.411584311896 -66.0398288047195,-17.4115829150874 -66.0398302596945,-17.4114926445711 -66.03973623136,-17.4114912477259 -66.039734776339,-17.4115815182345 -66.0395467196041,-17.4115787243962 -66.0395481747173,-17.411488453903 -66.0393601181095,-17.4114856599031 -66.039361573306,-17.4113953894243 -66.0394556015595,-17.4113967864387 -66.0394570567012,-17.4113065159513 -66.0395510849174,-17.4113079129137 -66.0395525400043,-17.4112176424177 -66.0396465681832,-17.4112190393282 -66.0396480232153,-17.4111287688236 -66.0401181640104,-17.4111357526744</coordinates></LinearRing></outerBoundaryIs></Polygon>
  </Placemark>
  <Placemark id="prediction_20260428_174218.217">
	<name>2</name>
	<description>Pastizales</description>
	<Style><LineStyle><color>ff0000ff</color></LineStyle><PolyStyle><fill>0</fill></PolyStyle></Style>
	<ExtendedData><SchemaData schemaUrl="#prediction_20260428_174218">
		<SimpleData name="class_index">0</SimpleData>
	</SchemaData></ExtendedData>
      <Polygon><outerBoundaryIs><LinearRing><coordinates>-66.0306155244941,-17.4113555435607 -66.0306126055094,-17.4115360830826 -66.0305185779405,-17.4115346818883 -66.0305214970174,-17.4113541423818 -66.0306155244941,-17.4113555435607</coordinates></LinearRing></outerBoundaryIs></Polygon>
  </Placemark>
  <Placemark id="prediction_20260428_174218.218">
	<name>1</name>
	<description>Matorrales</description>
	<Style><LineStyle><color>ff0000ff</color></LineStyle><PolyStyle><fill>0</fill></PolyStyle></Style>
	<ExtendedData><SchemaData schemaUrl="#prediction_20260428_174218">
		<SimpleData name="class_index">0</SimpleData>
	</SchemaData></ExtendedData>
      <Polygon><outerBoundaryIs><LinearRing><coordinates>-66.0354211371563,-17.4107950539369 -66.0354182229912,-17.4109755942582 -66.0355122506932,-17.410976993099 -66.0355107936436,-17.4110672632659 -66.0357928769401,-17.4110714595463 -66.0357870492067,-17.411432540297 -66.0356930212482,-17.4114311415503 -66.0356886502182,-17.4117019520805 -66.0355005940513,-17.4116991544082 -66.0355049653576,-17.4114283439243 -66.0354109374254,-17.4114269450449 -66.0354123945561,-17.4113366748894 -66.03522433881,-17.4113338770135 -66.0352257960241,-17.4112436068725 -66.0350377404051,-17.411240808835 -66.0350406549911,-17.411060268581 -66.0351346827041,-17.4110616676064 -66.0351361399379,-17.4109713974703 -66.0352301676136,-17.4109727964438 -66.0352330819628,-17.4107922561534 -66.0354211371563,-17.4107950539369</coordinates></LinearRing></outerBoundaryIs></Polygon>
  </Placemark>
  <Placemark id="prediction_20260428_174218.219">
	<name>3</name>
	<description>T_Agricolas</description>
	<Style><LineStyle><color>ff0000ff</color></LineStyle><PolyStyle><fill>0</fill></PolyStyle></Style>
	<ExtendedData><SchemaData schemaUrl="#prediction_20260428_174218">
		<SimpleData name="class_index">0</SimpleData>
	</SchemaData></ExtendedData>
      <Polygon><outerBoundaryIs><LinearRing><coordinates>-66.0304449838268,-17.410269504134 -66.0304406053758,-17.4105403134029 -66.030346578331,-17.410538912205 -66.0303451187837,-17.4106291819517 -66.0304391458746,-17.4106305831572 -66.0304376863646,-17.4107208529107 -66.0305317135102,-17.4107222540798 -66.0305302540376,-17.41081252384 -66.0307183084472,-17.4108153260609 -66.0307153896598,-17.4109958656094 -66.0308094169698,-17.410997266669 -66.030807957609,-17.4110875364496 -66.0309019849739,-17.4110889374726 -66.030899066318,-17.4112694770464 -66.0309930937838,-17.4112708780406 -66.0309916344888,-17.4113611478338 -66.0307095519796,-17.4113569446953 -66.0307080925377,-17.4114472144644 -66.0310842027516,-17.4114528185916 -66.0310827434851,-17.4115430883906 -66.0311767711065,-17.4115444893196 -66.0311753118773,-17.4116347591254 -66.0307051736275,-17.4116277539999 -66.030706633087,-17.4115374842326 -66.0306126055094,-17.4115360830826 -66.0306155244941,-17.4113555435607 -66.0305214970174,-17.4113541423818 -66.0305244160592,-17.4111736028716 -66.0304303886833,-17.411172201664 -66.0304318482371,-17.4110819319152 -66.030337820916,-17.4110805306711 -66.030342199663,-17.4108097214422 -66.0302481724888,-17.410808320177 -66.0302510917017,-17.4106277807019 -66.0301570646284,-17.4106263794079 -66.0301629031332,-17.4102653004773 -66.0304449838268,-17.410269504134</coordinates></LinearRing></outerBoundaryIs></Polygon>
  </Placemark>
  <Placemark id="prediction_20260428_174218.220">
	<name>2</name>
	<description>Pastizales</description>
	<Style><LineStyle><color>ff0000ff</color></LineStyle><PolyStyle><fill>0</fill></PolyStyle></Style>
	<ExtendedData><SchemaData schemaUrl="#prediction_20260428_174218">
		<SimpleData name="class_index">0</SimpleData>
	</SchemaData></ExtendedData>
      <Polygon><outerBoundaryIs><LinearRing><coordinates>-66.030706633087,-17.4115374842326 -66.0307051736275,-17.4116277539999 -66.0306111460038,-17.4116263528421 -66.0306126055094,-17.4115360830826 -66.030706633087,-17.4115374842326</coordinates></LinearRing></outerBoundaryIs></Polygon>
  </Placemark>
  <Placemark id="prediction_20260428_174218.221">
	<name>2</name>
	<description>Pastizales</description>
	<Style><LineStyle><color>ff0000ff</color></LineStyle><PolyStyle><fill>0</fill></PolyStyle></Style>
	<ExtendedData><SchemaData schemaUrl="#prediction_20260428_174218">
		<SimpleData name="class_index">0</SimpleData>
	</SchemaData></ExtendedData>
      <Polygon><outerBoundaryIs><LinearRing><coordinates>-66.0362615592526,-17.41116872269 -66.0362571891302,-17.4114395333672 -66.0360691331346,-17.4114367362718 -66.0360676763175,-17.4115270064802 -66.0359736482867,-17.4115256078585 -66.0359721914149,-17.4116158780583 -66.0358781633468,-17.4116144793847 -66.0358723355877,-17.4119755601438 -66.0356842791094,-17.4119727626023 -66.0356857361544,-17.4118824924293 -66.0357797643431,-17.4118838912145 -66.0357812213334,-17.4117936210329 -66.0354051088152,-17.4117880256575 -66.0354065659809,-17.4116977555058 -66.0353125379193,-17.4116963565591 -66.0353139951223,-17.4116060864141 -66.0352199671155,-17.4116046874309 -66.0352228815873,-17.4114241471536 -66.035316909502,-17.4114255461214 -66.0353183666787,-17.4113352759736 -66.0354123945561,-17.4113366748894 -66.0354109374254,-17.4114269450449 -66.0355049653576,-17.4114283439243 -66.0355005940513,-17.4116991544082 -66.0356886502182,-17.4117019520805 -66.0356930212482,-17.4114311415503 -66.0357870492067,-17.411432540297 -66.0357914200198,-17.4111617297354 -66.0362615592526,-17.41116872269</coordinates></LinearRing></outerBoundaryIs></Polygon>
  </Placemark>
  <Placemark id="prediction_20260428_174218.222">
	<name>3</name>
	<description>T_Agricolas</description>
	<Style><LineStyle><color>ff0000ff</color></LineStyle><PolyStyle><fill>0</fill></PolyStyle></Style>
	<ExtendedData><SchemaData schemaUrl="#prediction_20260428_174218">
		<SimpleData name="class_index">0</SimpleData>
	</SchemaData></ExtendedData>
      <Polygon><outerBoundaryIs><LinearRing><coordinates>-66.0357812213334,-17.4117936210329 -66.0357797643431,-17.4118838912145 -66.0356857361544,-17.4118824924293 -66.0356842791094,-17.4119727626023 -66.0355902508834,-17.4119713637651 -66.0355917079745,-17.4118810935999 -66.0354976798033,-17.4118796947262 -66.0354991369316,-17.4117894245677 -66.0357812213334,-17.4117936210329</coordinates></LinearRing></outerBoundaryIs></Polygon>
  </Placemark>
  <Placemark id="prediction_20260428_174218.223">
	<name>3</name>
	<description>T_Agricolas</description>
	<Style><LineStyle><color>ff0000ff</color></LineStyle><PolyStyle><fill>0</fill></PolyStyle></Style>
	<ExtendedData><SchemaData schemaUrl="#prediction_20260428_174218">
		<SimpleData name="class_index">0</SimpleData>
	</SchemaData></ExtendedData>
      <Polygon><outerBoundaryIs><LinearRing><coordinates>-66.0317584437707,-17.4104696556664 -66.0317569849229,-17.4105599255298 -66.0318510120992,-17.4105613260643 -66.0318466356414,-17.4108321356718 -66.0319406629646,-17.4108335361853 -66.0319392041739,-17.4109238060603 -66.0318451768047,-17.4109224055391 -66.0318437179591,-17.4110126754055 -66.031655663155,-17.411009874215 -66.0316498273168,-17.4113709536094 -66.0317438548987,-17.4113723542576 -66.0317423959633,-17.4114626241116 -66.0318364236001,-17.4114640247232 -66.0318335057951,-17.4116445644438 -66.032021561279,-17.4116473655654 -66.0320186436232,-17.411827905313 -66.0319246157847,-17.411826504759 -66.0319231568976,-17.4119167746237 -66.0318291290219,-17.4119153740177 -66.03182767008,-17.4120056438737 -66.031733642167,-17.4120042432158 -66.0317351011549,-17.4119139733674 -66.0314530176065,-17.4119097711513 -66.0314734444521,-17.4106459935 -66.0315674716481,-17.4106473941749 -66.0315703895366,-17.4104668544801 -66.0317584437707,-17.4104696556664</coordinates></LinearRing></outerBoundaryIs></Polygon>
  </Placemark>
  <Placemark id="prediction_20260428_174218.224">
	<name>2</name>
	<description>Pastizales</description>
	<Style><LineStyle><color>ff0000ff</color></LineStyle><PolyStyle><fill>0</fill></PolyStyle></Style>
	<ExtendedData><SchemaData schemaUrl="#prediction_20260428_174218">
		<SimpleData name="class_index">0</SimpleData>
	</SchemaData></ExtendedData>
      <Polygon><outerBoundaryIs><LinearRing><coordinates>-66.0363424769365,-17.4119825532239 -66.0363410202051,-17.4120728234498 -66.0362469918718,-17.4120714249146 -66.0362484486492,-17.4119811546963 -66.0363424769365,-17.4119825532239</coordinates></LinearRing></outerBoundaryIs></Polygon>
  </Placemark>
  <Placemark id="prediction_20260428_174218.225">
	<name>3</name>
	<description>T_Agricolas</description>
	<Style><LineStyle><color>ff0000ff</color></LineStyle><PolyStyle><fill>0</fill></PolyStyle></Style>
	<ExtendedData><SchemaData schemaUrl="#prediction_20260428_174218">
		<SimpleData name="class_index">0</SimpleData>
	</SchemaData></ExtendedData>
      <Polygon><outerBoundaryIs><LinearRing><coordinates>-66.0294077683644,-17.4104346281241 -66.0294048483577,-17.4106151674641 -66.0294988753609,-17.4106165691118 -66.0294959554112,-17.4107971084635 -66.0295899825152,-17.4107985100824 -66.0295885225733,-17.4108887797646 -66.0294944954233,-17.4108873781379 -66.029491575421,-17.411067917484 -66.0293975481876,-17.4110665157976 -66.0293960881273,-17.4111567854615 -66.0293020608566,-17.4111553837233 -66.0292991406175,-17.4113359230328 -66.0294871953518,-17.411338726496 -66.0294784349767,-17.4118803444949 -66.0293844073289,-17.4118789427392 -66.0293829471896,-17.4119692123946 -66.0292889195045,-17.4119678105869 -66.0292874593104,-17.4120580802338 -66.029193431588,-17.4120566783741 -66.0291978122821,-17.4117858694539 -66.0291037847066,-17.4117844675732 -66.0291096256935,-17.4114233890307 -66.029015598311,-17.4114219871366 -66.0290214393417,-17.4110609086101 -66.0289274121522,-17.4110595067027 -66.028928872434,-17.4109692370764 -66.0290228995775,-17.4109706389761 -66.0290258200227,-17.4107900997054 -66.0291198470829,-17.4107915015455 -66.0291213072463,-17.410701231901 -66.0290272802322,-17.4106998300686 -66.0290287404328,-17.4106095604309 -66.028840686523,-17.410606756649 -66.028842146807,-17.4105164870258 -66.0293122814171,-17.4105234961103 -66.0293137414621,-17.4104332264476 -66.0294077683644,-17.4104346281241</coordinates></LinearRing></outerBoundaryIs></Polygon>
  </Placemark>
  <Placemark id="prediction_20260428_174218.226">
	<name>0</name>
	<description>Bosque</description>
	<Style><LineStyle><color>ff0000ff</color></LineStyle><PolyStyle><fill>0</fill></PolyStyle></Style>
	<ExtendedData><SchemaData schemaUrl="#prediction_20260428_174218">
		<SimpleData name="class_index">0</SimpleData>
	</SchemaData></ExtendedData>
      <Polygon><outerBoundaryIs><LinearRing><coordinates>-66.0401079802136,-17.4117676464565 -66.0401065253506,-17.4118579169931 -66.0402005539042,-17.4118593136921 -66.0401990990785,-17.4119495842354 -66.0402931276869,-17.4119509808979 -66.0402887632954,-17.4122217925453 -66.0401947345488,-17.4122203958598 -66.0401961894008,-17.4121301253192 -66.040102160709,-17.4121287285971 -66.0401036155982,-17.4120384580634 -66.0400095869612,-17.4120370613048 -66.0400124968057,-17.4118565202498 -66.0397304112234,-17.4118523297547 -66.0397289561674,-17.4119426002596 -66.0396349276114,-17.4119412033318 -66.0396378378068,-17.4117606623365 -66.0401079802136,-17.4117676464565</coordinates></LinearRing></outerBoundaryIs></Polygon>
  </Placemark>
  <Placemark id="prediction_20260428_174218.227">
	<name>0</name>
	<description>Bosque</description>
	<Style><LineStyle><color>ff0000ff</color></LineStyle><PolyStyle><fill>0</fill></PolyStyle></Style>
	<ExtendedData><SchemaData schemaUrl="#prediction_20260428_174218">
		<SimpleData name="class_index">0</SimpleData>
	</SchemaData></ExtendedData>
      <Polygon><outerBoundaryIs><LinearRing><coordinates>-66.0329560057198,-17.4120224483199 -66.0329545473218,-17.4121127182675 -66.0328605192575,-17.4121113181325 -66.0328619777016,-17.4120210481926 -66.0329560057198,-17.4120224483199</coordinates></LinearRing></outerBoundaryIs></Polygon>
  </Placemark>
  <Placemark id="prediction_20260428_174218.228">
	<name>2</name>
	<description>Pastizales</description>
	<Style><LineStyle><color>ff0000ff</color></LineStyle><PolyStyle><fill>0</fill></PolyStyle></Style>
	<ExtendedData><SchemaData schemaUrl="#prediction_20260428_174218">
		<SimpleData name="class_index">1</SimpleData>
	</SchemaData></ExtendedData>
      <Polygon><outerBoundaryIs><LinearRing><coordinates>-66.0315820607401,-17.4097446956633 -66.0315806018703,-17.4098349655186 -66.0314865750887,-17.4098335649131 -66.0314778214099,-17.4103751839794 -66.0313837943608,-17.4103737832834 -66.0313823353376,-17.4104640531168 -66.0312883082512,-17.4104626523689 -66.0312868491732,-17.4105529221936 -66.0314749034468,-17.4105557236607 -66.0314486402019,-17.4121805806242 -66.0313546122318,-17.412179179774 -66.0313560714215,-17.4120889099583 -66.0312620435062,-17.4120875090715 -66.0312635027332,-17.4119972392627 -66.0310754470211,-17.4119944373719 -66.0310769063314,-17.4119041675775 -66.0309828785345,-17.4119027665735 -66.0309843378821,-17.4118124967859 -66.0307962824068,-17.4118096946606 -66.0307977418377,-17.4117194248875 -66.0307037141593,-17.4117180237662 -66.0307051736275,-17.4116277539999 -66.0311753118773,-17.4116347591254 -66.0311767711065,-17.4115444893196 -66.0310827434851,-17.4115430883906 -66.0310842027516,-17.4114528185916 -66.0307080925377,-17.4114472144644 -66.0307095519796,-17.4113569446953 -66.0309916344888,-17.4113611478338 -66.0309930937838,-17.4112708780406 -66.030899066318,-17.4112694770464 -66.0309019849739,-17.4110889374726 -66.030807957609,-17.4110875364496 -66.0308094169698,-17.410997266669 -66.0307153896598,-17.4109958656094 -66.0307183084472,-17.4108153260609 -66.0305302540376,-17.41081252384 -66.0305317135102,-17.4107222540798 -66.0304376863646,-17.4107208529107 -66.0304391458746,-17.4106305831572 -66.0303451187837,-17.4106291819517 -66.030346578331,-17.410538912205 -66.0304406053758,-17.4105403134029 -66.0304435243519,-17.4103597738913 -66.0306315782835,-17.4103625761234 -66.0306359564057,-17.4100917668027 -66.0305419295736,-17.4100903657319 -66.0305433889761,-17.4100000959642 -66.0308254693605,-17.4100042990209 -66.0308269286162,-17.4099140292291 -66.0311090089413,-17.4099182318647 -66.03111046805,-17.4098279620488 -66.0313925483159,-17.4098321642634 -66.0313940072778,-17.4097418944234 -66.0315820607401,-17.4097446956633</coordinates></LinearRing></outerBoundaryIs></Polygon>
  </Placemark>
  <Placemark id="prediction_20260428_174218.229">
	<name>3</name>
	<description>T_Agricolas</description>
	<Style><LineStyle><color>ff0000ff</color></LineStyle><PolyStyle><fill>0</fill></PolyStyle></Style>
	<ExtendedData><SchemaData schemaUrl="#prediction_20260428_174218">
		<SimpleData name="class_index">0</SimpleData>
	</SchemaData></ExtendedData>
      <Polygon><outerBoundaryIs><LinearRing><coordinates>-66.0294740546708,-17.4121511534818 -66.0294725945513,-17.4122414231422 -66.0292845388959,-17.4122386195246 -66.0292859991076,-17.4121483498797 -66.0294740546708,-17.4121511534818</coordinates></LinearRing></outerBoundaryIs></Polygon>
  </Placemark>
  <Placemark id="prediction_20260428_174218.230">
	<name>3</name>
	<description>T_Agricolas</description>
	<Style><LineStyle><color>ff0000ff</color></LineStyle><PolyStyle><fill>0</fill></PolyStyle></Style>
	<ExtendedData><SchemaData schemaUrl="#prediction_20260428_174218">
		<SimpleData name="class_index">0</SimpleData>
	</SchemaData></ExtendedData>
      <Polygon><outerBoundaryIs><LinearRing><coordinates>-66.0341769129535,-17.4121309159982 -66.0341754551454,-17.4122211860451 -66.0342694833783,-17.4122225855687 -66.0342665678279,-17.4124031256752 -66.0339844828792,-17.4123989269255 -66.033985940797,-17.4123086568959 -66.0337978843004,-17.4123058575237 -66.0337993423015,-17.4122155875086 -66.0337053141124,-17.4122141877639 -66.0337067721508,-17.4121239177555 -66.0341769129535,-17.4121309159982</coordinates></LinearRing></outerBoundaryIs></Polygon>
  </Placemark>
  <Placemark id="prediction_20260428_174218.231">
	<name>1</name>
	<description>Matorrales</description>
	<Style><LineStyle><color>ff0000ff</color></LineStyle><PolyStyle><fill>0</fill></PolyStyle></Style>
	<ExtendedData><SchemaData schemaUrl="#prediction_20260428_174218">
		<SimpleData name="class_index">0</SimpleData>
	</SchemaData></ExtendedData>
      <Polygon><outerBoundaryIs><LinearRing><coordinates>-66.0306964166866,-17.4121693725838 -66.0306934976362,-17.4123499121043 -66.0305994696441,-17.4123485108848 -66.0306009292197,-17.4122582411328 -66.0305069012825,-17.4122568398768 -66.0305083608954,-17.4121665701315 -66.0306964166866,-17.4121693725838</coordinates></LinearRing></outerBoundaryIs></Polygon>
  </Placemark>
  <Placemark id="prediction_20260428_174218.232">
	<name>3</name>
	<description>T_Agricolas</description>
	<Style><LineStyle><color>ff0000ff</color></LineStyle><PolyStyle><fill>0</fill></PolyStyle></Style>
	<ExtendedData><SchemaData schemaUrl="#prediction_20260428_174218">
		<SimpleData name="class_index">0</SimpleData>
	</SchemaData></ExtendedData>
      <Polygon><outerBoundaryIs><LinearRing><coordinates>-66.0293771065449,-17.4123302910073 -66.0293756463618,-17.4124205606581 -66.0292816184464,-17.4124191588118 -66.0292830786755,-17.4123288891687 -66.0293771065449,-17.4123302910073</coordinates></LinearRing></outerBoundaryIs></Polygon>
  </Placemark>
  <Placemark id="prediction_20260428_174218.233">
	<name>2</name>
	<description>Pastizales</description>
	<Style><LineStyle><color>ff0000ff</color></LineStyle><PolyStyle><fill>0</fill></PolyStyle></Style>
	<ExtendedData><SchemaData schemaUrl="#prediction_20260428_174218">
		<SimpleData name="class_index">0</SimpleData>
	</SchemaData></ExtendedData>
      <Polygon><outerBoundaryIs><LinearRing><coordinates>-66.0325711420747,-17.4125584670323 -66.0325696834399,-17.4126487369436 -66.0324756551344,-17.4126473365854 -66.0324771138153,-17.4125570666819 -66.0325711420747,-17.4125584670323</coordinates></LinearRing></outerBoundaryIs></Polygon>
  </Placemark>
  <Placemark id="prediction_20260428_174218.234">
	<name>3</name>
	<description>T_Agricolas</description>
	<Style><LineStyle><color>ff0000ff</color></LineStyle><PolyStyle><fill>0</fill></PolyStyle></Style>
	<ExtendedData><SchemaData schemaUrl="#prediction_20260428_174218">
		<SimpleData name="class_index">0</SimpleData>
	</SchemaData></ExtendedData>
      <Polygon><outerBoundaryIs><LinearRing><coordinates>-66.0400124968057,-17.4118565202498 -66.0400095869612,-17.4120370613048 -66.0401036155982,-17.4120384580634 -66.040102160709,-17.4121287285971 -66.0401961894008,-17.4121301253192 -66.0401947345488,-17.4122203958598 -66.040100705811,-17.41221899913 -66.0400992509042,-17.4123092696619 -66.0399111933626,-17.4123064760542 -66.039909738355,-17.4123967465698 -66.0397216807563,-17.4123939527699 -66.0397202256478,-17.4124842232692 -66.0395321679919,-17.412481429277 -66.0395307127826,-17.4125716997599 -66.0394366839217,-17.4125703026898 -66.0394352286577,-17.4126605731641 -66.03924717087,-17.4126577788758 -66.039245715505,-17.4127480493338 -66.0390576576602,-17.4127452548532 -66.0390562021944,-17.4128355252949 -66.0384920285933,-17.4128271407456 -66.0384934843355,-17.41273687035 -66.0385875132011,-17.4127382678778 -66.0385889688884,-17.4126479974737 -66.0386829977167,-17.4126493949495 -66.0386815420754,-17.4127396653613 -66.0389636287509,-17.4127438575466 -66.038965084254,-17.4126535871117 -66.0391531419892,-17.4126563816653 -66.0391545973915,-17.4125661112141 -66.0393426550696,-17.4125689055755 -66.0393455656636,-17.4123883646394 -66.0395336231925,-17.4123911587931 -66.0395394439073,-17.4120300768483 -66.0396334725006,-17.412031473828 -66.0396349276114,-17.4119412033318 -66.0397289561674,-17.4119426002596 -66.0397304112234,-17.4118523297547 -66.0400124968057,-17.4118565202498</coordinates></LinearRing></outerBoundaryIs></Polygon>
  </Placemark>
  <Placemark id="prediction_20260428_174218.235">
	<name>3</name>
	<description>T_Agricolas</description>
	<Style><LineStyle><color>ff0000ff</color></LineStyle><PolyStyle><fill>0</fill></PolyStyle></Style>
	<ExtendedData><SchemaData schemaUrl="#prediction_20260428_174218">
		<SimpleData name="class_index">0</SimpleData>
	</SchemaData></ExtendedData>
      <Polygon><outerBoundaryIs><LinearRing><coordinates>-66.0323889203847,-17.4121945866947 -66.0323874616928,-17.4122848565942 -66.0325755179266,-17.4122876572931 -66.0325711420747,-17.4125584670323 -66.0324771138153,-17.4125570666819 -66.0324756551344,-17.4126473365854 -66.0323816268377,-17.4126459361831 -66.032380168102,-17.4127362060779 -66.0319100265194,-17.4127292033642 -66.0319114854854,-17.4126389335078 -66.0318174572412,-17.4126375328401 -66.0318232932017,-17.4122764534364 -66.0321994054941,-17.4122820557185 -66.0322008642781,-17.4121917858344 -66.0323889203847,-17.4121945866947</coordinates></LinearRing></outerBoundaryIs></Polygon>
  </Placemark>
  <Placemark id="prediction_20260428_174218.236">
	<name>4</name>
	<description>Infraestructura</description>
	<Style><LineStyle><color>ff0000ff</color></LineStyle><PolyStyle><fill>0</fill></PolyStyle></Style>
	<ExtendedData><SchemaData schemaUrl="#prediction_20260428_174218">
		<SimpleData name="class_index">0</SimpleData>
	</SchemaData></ExtendedData>
      <Polygon><outerBoundaryIs><LinearRing><coordinates>-66.037459167391,-17.4127214946258 -66.0374577111423,-17.4128117649367 -66.0373636823355,-17.4128103668705 -66.0373651386303,-17.4127200965673 -66.037459167391,-17.4127214946258</coordinates></LinearRing></outerBoundaryIs></Polygon>
  </Placemark>
  <Placemark id="prediction_20260428_174218.237">
	<name>3</name>
	<description>T_Agricolas</description>
	<Style><LineStyle><color>ff0000ff</color></LineStyle><PolyStyle><fill>0</fill></PolyStyle></Style>
	<ExtendedData><SchemaData schemaUrl="#prediction_20260428_174218">
		<SimpleData name="class_index">1</SimpleData>
	</SchemaData></ExtendedData>
      <Polygon><outerBoundaryIs><LinearRing><coordinates>-66.0370947035495,-17.4119937398524 -66.0370903344344,-17.4122645507122 -66.0371843629385,-17.4122659488649 -66.0371829065953,-17.4123562191573 -66.0374649922985,-17.412360413373 -66.0374635360847,-17.4124506836876 -66.0376515933559,-17.4124534796257 -66.0376501372256,-17.4125437499547 -66.0377441659204,-17.4125451478651 -66.0377397976149,-17.4128159588698 -66.0374577111423,-17.4128117649367 -66.037459167391,-17.4127214946258 -66.0373651386303,-17.4127200965673 -66.037362226032,-17.4129006371727 -66.0360458230116,-17.412881059495 -66.0360472799599,-17.4127907893006 -66.0361413086442,-17.4127921879859 -66.0361427655377,-17.4127019177828 -66.0360487368995,-17.4127005191052 -66.0360531076657,-17.4124297085135 -66.0361471361657,-17.412431107168 -66.0361529635472,-17.4120700263351 -66.0363410202051,-17.4120728234498 -66.0363424769365,-17.4119825532239 -66.0370947035495,-17.4119937398524</coordinates></LinearRing></outerBoundaryIs></Polygon>
  </Placemark>
  <Placemark id="prediction_20260428_174218.238">
	<name>0</name>
	<description>Bosque</description>
	<Style><LineStyle><color>ff0000ff</color></LineStyle><PolyStyle><fill>0</fill></PolyStyle></Style>
	<ExtendedData><SchemaData schemaUrl="#prediction_20260428_174218">
		<SimpleData name="class_index">0</SimpleData>
	</SchemaData></ExtendedData>
      <Polygon><outerBoundaryIs><LinearRing><coordinates>-66.0341681659735,-17.4126725362657 -66.0341667081128,-17.4127628063071 -66.034260736622,-17.4127642058769 -66.0342592787987,-17.412854475925 -66.0338831646302,-17.4128488773495 -66.0338846226378,-17.4127586073323 -66.0340726796124,-17.412761406693 -66.0340741375191,-17.4126711366594 -66.0341681659735,-17.4126725362657</coordinates></LinearRing></outerBoundaryIs></Polygon>
  </Placemark>
  <Placemark id="prediction_20260428_174218.239">
	<name>3</name>
	<description>T_Agricolas</description>
	<Style><LineStyle><color>ff0000ff</color></LineStyle><PolyStyle><fill>0</fill></PolyStyle></Style>
	<ExtendedData><SchemaData schemaUrl="#prediction_20260428_174218">
		<SimpleData name="class_index">0</SimpleData>
	</SchemaData></ExtendedData>
      <Polygon><outerBoundaryIs><LinearRing><coordinates>-66.0338846226378,-17.4127586073323 -66.0338831646302,-17.4128488773495 -66.03378913611,-17.4128474775951 -66.0337905941636,-17.4127572075856 -66.0338846226378,-17.4127586073323</coordinates></LinearRing></outerBoundaryIs></Polygon>
  </Placemark>
  <Placemark id="prediction_20260428_174218.240">
	<name>3</name>
	<description>T_Agricolas</description>
	<Style><LineStyle><color>ff0000ff</color></LineStyle><PolyStyle><fill>0</fill></PolyStyle></Style>
	<ExtendedData><SchemaData schemaUrl="#prediction_20260428_174218">
		<SimpleData name="class_index">0</SimpleData>
	</SchemaData></ExtendedData>
      <Polygon><outerBoundaryIs><LinearRing><coordinates>-66.0294682141401,-17.4125122321178 -66.0294652938221,-17.4126927714302 -66.0295593218932,-17.4126941732112 -66.0295578617671,-17.4127844428738 -66.0293698055416,-17.412781639252 -66.0293741861699,-17.412510830308 -66.0294682141401,-17.4125122321178</coordinates></LinearRing></outerBoundaryIs></Polygon>
  </Placemark>
  <Placemark id="prediction_20260428_174218.241">
	<name>4</name>
	<description>Infraestructura</description>
	<Style><LineStyle><color>ff0000ff</color></LineStyle><PolyStyle><fill>0</fill></PolyStyle></Style>
	<ExtendedData><SchemaData schemaUrl="#prediction_20260428_174218">
		<SimpleData name="class_index">104</SimpleData>
	</SchemaData></ExtendedData>
      <Polygon><outerBoundaryIs><LinearRing><coordinates>-66.0459819297834,-17.3974079980363 -66.0459804790787,-17.3974982691831 -66.046732653021,-17.3975094104869 -66.0467268515874,-17.3978704953104 -66.0468208735534,-17.3978718878052 -66.0468150721644,-17.3982329726445 -66.0469090943233,-17.3982343651259 -66.0469061936685,-17.3984149075553 -66.0470002159281,-17.3984163000078 -66.0469973153305,-17.3985968424488 -66.0470913376907,-17.3985982348724 -66.0470884371503,-17.398778777325 -66.0471824596113,-17.3987801697198 -66.0471781088734,-17.3990509834148 -66.0472721314812,-17.3990523757884 -66.0472677808028,-17.399323189498 -66.0473618035574,-17.3993245818504 -66.0473574529386,-17.3995953955746 -66.0474514758399,-17.3995967879059 -66.0474485754759,-17.3997773303993 -66.047542598478,-17.3997787227018 -66.0475353476455,-17.4002300789575 -66.0476293708863,-17.400231471254 -66.0476264705844,-17.4004120137651 -66.047720493926,-17.4004134060329 -66.0477175936812,-17.4005939485556 -66.0478116171236,-17.4005953407944 -66.0478058167136,-17.4009564258593 -66.0478998403487,-17.4009578180847 -66.0478969401835,-17.4011383606269 -66.0479909639194,-17.4011397528234 -66.0479880638113,-17.4013202953772 -66.048082087648,-17.4013216875448 -66.0480791875972,-17.4015022301102 -66.0481732115346,-17.401503622249 -66.0481616113508,-17.4022257925347 -66.0482556356651,-17.4022271846906 -66.048254185649,-17.4023174559798 -66.048348210018,-17.4023188480992 -66.0483453100516,-17.4024993906901 -66.0484393345215,-17.4025007827806 -66.0484364346123,-17.4026813253831 -66.0485304591829,-17.4026827174448 -66.0485290092613,-17.4027729887523 -66.0486230338866,-17.4027743807775 -66.0486201341092,-17.4029549234051 -66.0487141588354,-17.4029563154014 -66.0487069094696,-17.4034076719923 -66.0488009344346,-17.4034090639827 -66.0487980347194,-17.4035896066279 -66.0488920597851,-17.4035909985895 -66.0488891601271,-17.4037715412463 -66.0489831852936,-17.403772933179 -66.0489788358794,-17.4040437471802 -66.0490728611927,-17.4040451390917 -66.0490714114166,-17.4041354104312 -66.0489773860572,-17.404134018512 -66.0489759362264,-17.404224289843 -66.0490699616317,-17.4042256817698 -66.0490670620359,-17.4044062244442 -66.0492551130569,-17.4044090081959 -66.0492464146128,-17.4049506362887 -66.0493404404125,-17.4049520281442 -66.0493331916997,-17.4054033849009 -66.0492391656698,-17.4054019930071 -66.0492377158551,-17.4054922643479 -66.0490496637293,-17.4054894804123 -66.0490453139567,-17.4057602943833 -66.0491393401533,-17.4057616863962 -66.0491364403534,-17.4059422290542 -66.0490424140647,-17.405940837026 -66.0490380641614,-17.406211650983 -66.0489440377433,-17.4062102588875 -66.0489425877121,-17.406300530197 -66.0488485612566,-17.4062991380496 -66.0488471111707,-17.4063894093505 -66.0489411376722,-17.4063908015055 -66.0489396876235,-17.4064810728132 -66.0490337141797,-17.4064824649316 -66.0490250139812,-17.4070240928037 -66.0491190408223,-17.407025484924 -66.0491175908048,-17.4071157562404 -66.0492116177007,-17.4071171483242 -66.0492101677205,-17.4072074196473 -66.0491161407786,-17.4072060275559 -66.0491117906475,-17.4074768414968 -66.0490177635762,-17.4074754493381 -66.0490119630954,-17.4078365345489 -66.0489179358485,-17.4078351423154 -66.0489164856605,-17.4079254136081 -66.0487284311009,-17.4079226289931 -66.0487269808121,-17.4080129002695 -66.0485389261952,-17.4080101154624 -66.0485374758056,-17.4081003867225 -66.0483494211315,-17.4080976017232 -66.0483479706411,-17.408187872967 -66.0481599159098,-17.4081850877755 -66.0481584653186,-17.4082753590031 -66.04797041053,-17.4082725736194 -66.047968959838,-17.4083628448307 -66.0478749324108,-17.4083614520648 -66.047873481664,-17.4084517232676 -66.0476854267436,-17.4084489375879 -66.047683975896,-17.4085392087743 -66.0474959209183,-17.4085364229024 -66.0474944699699,-17.4086266940726 -66.0473064149351,-17.4086239080085 -66.0473049638859,-17.4087141791624 -66.0471169087938,-17.4087113929061 -66.0471154576438,-17.4088016640437 -66.0469274024944,-17.4087988775952 -66.0469259512437,-17.4088891487165 -66.0465498408654,-17.4088835752582 -66.0465527437266,-17.4087030330759 -66.046364688774,-17.4087002461121 -66.0463603341928,-17.4089710593381 -66.0464543618029,-17.4089724528651 -66.0464529103045,-17.4090627239462 -66.0462648550009,-17.4090599368326 -66.0462619517936,-17.4092404789614 -66.0460738963408,-17.4092376916402 -66.046072444632,-17.4093279626879 -66.0458843891219,-17.4093251751745 -66.0458829373123,-17.4094154462058 -66.045694881745,-17.4094126585002 -66.0456934298346,-17.4095029295153 -66.045599402018,-17.4095015355885 -66.0455979500528,-17.4095918065949 -66.0454098943536,-17.4095890185933 -66.0454084422876,-17.4096792895835 -66.0453144144051,-17.4096778955087 -66.0453158665172,-17.4095876245262 -66.0452218386894,-17.4095862304148 -66.0452232908388,-17.4094959594391 -66.0453173186205,-17.4094973535428 -66.0453187707151,-17.4094070825584 -66.0452247429794,-17.4094056884624 -66.0452261951114,-17.4093154174848 -66.0449441120948,-17.4093112349546 -66.0449426598248,-17.4094015059091 -66.0447546044319,-17.4093987173192 -66.044753152061,-17.4094889882575 -66.0444710688991,-17.4094848050179 -66.0444696163813,-17.4095750759322 -66.0443755886321,-17.4095736814229 -66.0443741360595,-17.4096639523286 -66.0441860804951,-17.409661163162 -66.0441918911012,-17.409300079595 -66.0440978635163,-17.4092986849761 -66.0440993161921,-17.4092084140897 -66.0439112611404,-17.4092056247345 -66.0439069028107,-17.4094764373449 -66.0440009304703,-17.4094778320676 -66.0439965722001,-17.4097486446925 -66.0439025444024,-17.4097472499468 -66.0439010915822,-17.4098375208122 -66.043995119426,-17.4098389155657 -66.0439936666431,-17.4099291864379 -66.0443697782896,-17.4099347650402 -66.0443712308883,-17.4098444941372 -66.0446533145767,-17.4098486776016 -66.0446504096468,-17.4100292194526 -66.0444623536617,-17.4100264304898 -66.0444609010916,-17.4101167013986 -66.044366873066,-17.4101153068432 -66.0443654204412,-17.4102055777433 -66.0441773643242,-17.4102027884845 -66.0441759115985,-17.4102930593683 -66.0439878554243,-17.4102902699173 -66.0439864025977,-17.4103805407848 -66.0437983463664,-17.4103777511416 -66.043796893439,-17.4104680219928 -66.0436088371504,-17.4104652321573 -66.0436073841223,-17.4105555029922 -66.0434193277765,-17.4105527129645 -66.0434178746475,-17.4106429837831 -66.0432298182445,-17.4106401935631 -66.0432283650147,-17.4107304643655 -66.0431343367803,-17.4107290691815 -66.0431328834957,-17.4108193399752 -66.0429448269609,-17.4108165494592 -66.0429433735755,-17.4109068202366 -66.0427553169835,-17.4109040295283 -66.0427538634972,-17.4109943002894 -66.0425658068481,-17.4109915093889 -66.042564353261,-17.4110817801337 -66.0423762965547,-17.4110789890409 -66.0423748428667,-17.4111692597695 -66.0421867861032,-17.4111664684844 -66.0421853323145,-17.4112567391966 -66.0419972754938,-17.4112539477193 -66.0419958216042,-17.4113442184153 -66.0419017931609,-17.4113428226026 -66.0419003392165,-17.4114330932899 -66.041712282264,-17.4114303015165 -66.0417108282188,-17.4115205721875 -66.0415227712091,-17.4115177802219 -66.0415213170631,-17.4116080508766 -66.0413332599962,-17.4116052587187 -66.0413318057493,-17.411695529357 -66.0411437486253,-17.4116927370069 -66.0411422942776,-17.4117830076289 -66.0409542370964,-17.4117802150865 -66.0409527826478,-17.4118704856923 -66.0407647254095,-17.4118676929576 -66.0407632708601,-17.411957963547 -66.040669242208,-17.4119565671056 -66.0406677876038,-17.4120468376865 -66.0404797302337,-17.4120440446557 -66.0404782755286,-17.4121343152202 -66.0402902181013,-17.4121315219971 -66.0402931276869,-17.4119509808979 -66.0401990990785,-17.4119495842354 -66.0402005539042,-17.4118593136921 -66.0401065253506,-17.4118579169931 -66.0401079802136,-17.4117676464565 -66.0396378378068,-17.4117606623365 -66.0396334725006,-17.412031473828 -66.0395394439073,-17.4120300768483 -66.0395336231925,-17.4123911587931 -66.0393455656636,-17.4123883646394 -66.0393426550696,-17.4125689055755 -66.0391545973915,-17.4125661112141 -66.0391531419892,-17.4126563816653 -66.038965084254,-17.4126535871117 -66.0389636287509,-17.4127438575466 -66.0386815420754,-17.4127396653613 -66.0386829977167,-17.4126493949495 -66.0385889688884,-17.4126479974737 -66.0385875132011,-17.4127382678778 -66.0384934843355,-17.41273687035 -66.0384920285933,-17.4128271407456 -66.0377397976149,-17.4128159588698 -66.0377441659204,-17.4125451478651 -66.0376501372256,-17.4125437499547 -66.0376515933559,-17.4124534796257 -66.0374635360847,-17.4124506836876 -66.0374649922985,-17.412360413373 -66.0371829065953,-17.4123562191573 -66.0371843629385,-17.4122659488649 -66.0370903344344,-17.4122645507122 -66.0370947035495,-17.4119937398524 -66.0362484486492,-17.4119811546963 -66.0362469918718,-17.4120714249146 -66.0361529635472,-17.4120700263351 -66.0361471361657,-17.412431107168 -66.0360531076657,-17.4124297085135 -66.0360487368995,-17.4127005191052 -66.0361427655377,-17.4127019177828 -66.0361413086442,-17.4127921879859 -66.0360472799599,-17.4127907893006 -66.0360458230116,-17.412881059495 -66.0342592787987,-17.412854475925 -66.034260736622,-17.4127642058769 -66.0341667081128,-17.4127628063071 -66.0341681659735,-17.4126725362657 -66.0340741375191,-17.4126711366594 -66.0340726796124,-17.412761406693 -66.0337905941636,-17.4127572075856 -66.03378913611,-17.4128474775951 -66.0335070506018,-17.4128432780665 -66.0335055924013,-17.412933548052 -66.0298384861745,-17.4128789176594 -66.0298399461712,-17.4127886479746 -66.0299339743234,-17.4127900495865 -66.0299354342652,-17.4126997798931 -66.0304055749275,-17.4127067872504 -66.0304070346303,-17.4126165175175 -66.0305950908645,-17.4126193201354 -66.0305965504665,-17.4125290503862 -66.0306905785506,-17.4125304516211 -66.0306964166866,-17.4121693725838 -66.0305083608954,-17.4121665701315 -66.0305098204996,-17.4120763003853 -66.0304157926632,-17.4120748991005 -66.030414333013,-17.412165168839 -66.0301322494182,-17.4121609646962 -66.0301307896211,-17.4122512344106 -66.0297546781,-17.4122456282368 -66.0297532181099,-17.4123358979195 -66.0295651623099,-17.4123330945518 -66.0295666223921,-17.4122428248846 -66.0294725945513,-17.4122414231422 -66.0294740546708,-17.4121511534818 -66.0292859991076,-17.4121483498797 -66.0292889195045,-17.4119678105869 -66.0293829471896,-17.4119692123946 -66.0293844073289,-17.4118789427392 -66.0294784349767,-17.4118803444949 -66.0294871953518,-17.411338726496 -66.0292991406175,-17.4113359230328 -66.0293020608566,-17.4111553837233 -66.0293960881273,-17.4111567854615 -66.0293975481876,-17.4110665157976 -66.029491575421,-17.411067917484 -66.0294944954233,-17.4108873781379 -66.0295885225733,-17.4108887797646 -66.0295899825152,-17.4107985100824 -66.0294959554112,-17.4107971084635 -66.0294988753609,-17.4106165691118 -66.0294048483577,-17.4106151674641 -66.0294077683644,-17.4104346281241 -66.0295017952755,-17.4104360297564 -66.0295032552196,-17.4103457600773 -66.0296913089759,-17.4103485631938 -66.0296927688192,-17.4102582934984 -66.0300688762528,-17.4102638991699 -66.0300674165938,-17.4103541688963 -66.0301614435201,-17.4103555702114 -66.0301570646284,-17.4106263794079 -66.0302510917017,-17.4106277807019 -66.0302481724888,-17.410808320177 -66.030342199663,-17.4108097214422 -66.030337820916,-17.4110805306711 -66.0304318482371,-17.4110819319152 -66.0304289291207,-17.4112624714119 -66.0305229565427,-17.4112638726272 -66.0305185779405,-17.4115346818883 -66.0306126055094,-17.4115360830826 -66.0306111460038,-17.4116263528421 -66.0307051736275,-17.4116277539999 -66.0307037141593,-17.4117180237662 -66.0307977418377,-17.4117194248875 -66.0307962824068,-17.4118096946606 -66.0309843378821,-17.4118124967859 -66.0309828785345,-17.4119027665735 -66.0310769063314,-17.4119041675775 -66.0310754470211,-17.4119944373719 -66.0312635027332,-17.4119972392627 -66.0312620435062,-17.4120875090715 -66.0313560714215,-17.4120889099583 -66.0313546122318,-17.412179179774 -66.0314486402019,-17.4121805806242 -66.0314530176065,-17.4119097711513 -66.0317351011549,-17.4119139733674 -66.031733642167,-17.4120042432158 -66.03182767008,-17.4120056438737 -66.0318291290219,-17.4119153740177 -66.0319231568976,-17.4119167746237 -66.0319246157847,-17.411826504759 -66.0320186436232,-17.411827905313 -66.032021561279,-17.4116473655654 -66.0318335057951,-17.4116445644438 -66.0318364236001,-17.4114640247232 -66.0317423959633,-17.4114626241116 -66.0317438548987,-17.4113723542576 -66.0316498273168,-17.4113709536094 -66.031655663155,-17.411009874215 -66.0318437179591,-17.4110126754055 -66.0318451768047,-17.4109224055391 -66.0319392041739,-17.4109238060603 -66.0319406629646,-17.4108335361853 -66.0318466356414,-17.4108321356718 -66.0318510120992,-17.4105613260643 -66.0317569849229,-17.4105599255298 -66.0317584437707,-17.4104696556664 -66.0315703895366,-17.4104668544801 -66.0315674716481,-17.4106473941749 -66.0314734444521,-17.4106459935 -66.0314749034468,-17.4105557236607 -66.0312868491732,-17.4105529221936 -66.0312883082512,-17.4104626523689 -66.0313823353376,-17.4104640531168 -66.0313837943608,-17.4103737832834 -66.0314778214099,-17.4103751839794 -66.0314865750887,-17.4098335649131 -66.0315806018703,-17.4098349655186 -66.0315820607401,-17.4097446956633 -66.0316760874844,-17.4097460962169 -66.0316775462993,-17.4096558263528 -66.0322417066728,-17.4096642286996 -66.0322431652028,-17.4095739587884 -66.0325252453697,-17.4095781593417 -66.0325267037527,-17.4094878894065 -66.0328087838603,-17.4094920895387 -66.0328102420964,-17.4094018195794 -66.0329982954532,-17.4094046194311 -66.0329997535885,-17.4093143494554 -66.033093780234,-17.4093157493072 -66.0330952383144,-17.4092254793228 -66.033659398095,-17.4092338774589 -66.0336608558904,-17.4091436074274 -66.0338489091286,-17.409146406437 -66.0338503668232,-17.4090561363891 -66.0341324466079,-17.4090603345487 -66.0341339041557,-17.4089700644768 -66.0342279307221,-17.4089714637672 -66.034229388215,-17.4088811936867 -66.0345114678286,-17.4088853912695 -66.0345129251746,-17.4087951211649 -66.0347950047288,-17.4087993183266 -66.034796461928,-17.408709048198 -66.0350785414228,-17.4087132449387 -66.0350799984751,-17.408622974786 -66.0353620779106,-17.4086271711057 -66.035363534816,-17.408536900929 -66.0356456141922,-17.4085410968276 -66.0356470709507,-17.4084508266269 -66.0359291502675,-17.4084550221045 -66.0359306068791,-17.4083647518797 -66.0364007390185,-17.4083717434196 -66.0363992826371,-17.408462013683 -66.0364933091372,-17.408463411866 -66.0364903964402,-17.4086439524053 -66.0367724762694,-17.4086481467353 -66.0367753886902,-17.4084676061499 -66.0366813621638,-17.4084662080995 -66.0366828184071,-17.4083759378131 -66.0368708713766,-17.4083787338543 -66.0368679590654,-17.408559274457 -66.0372440654776,-17.4085648660704 -66.0372484333788,-17.4082940550726 -66.0371544069008,-17.4082926572587 -66.0371558628964,-17.4082023869319 -66.0370618364732,-17.4082009890814 -66.0370632925061,-17.4081107187614 -66.0371573188833,-17.4081121166042 -66.0371587748615,-17.4080218462755 -66.0375348802737,-17.4080274371737 -66.0375363360589,-17.4079371668133 -66.0376303623877,-17.4079385644196 -66.0376318181182,-17.4078482940506 -66.0381019496635,-17.4078552813805 -66.0381004941633,-17.407945551788 -66.0381945205446,-17.407946949129 -66.0381930650817,-17.4080372195433 -66.0383811179626,-17.4080400141081 -66.0383825733335,-17.4079497436785 -66.0384765997411,-17.4079511408869 -66.0384824209529,-17.4075900591282 -66.0387644996756,-17.4075942503958 -66.0387659548186,-17.4075039799308 -66.0392360859676,-17.4075109644541 -66.0392375408717,-17.4074206939496 -66.0396136457641,-17.4074262807417 -66.0396151004753,-17.4073360102055 -66.0397091266742,-17.4073374067853 -66.0397105813305,-17.4072471362405 -66.0398986336625,-17.4072499292521 -66.039900088218,-17.407159658691 -66.0401821666434,-17.4071638478537 -66.0401836210521,-17.4070735772686 -66.0402776471653,-17.40707497356 -66.0402761928027,-17.4071652441528 -66.040652297527,-17.4071708289073 -66.0406537517056,-17.4070805582838 -66.0407477778625,-17.4070819543542 -66.0407492319862,-17.406991683722 -66.0408432581058,-17.4069930797405 -66.0408447121748,-17.4069028090997 -66.0411267904478,-17.4069069968669 -66.04112824437,-17.4068167262021 -66.0414103225835,-17.4068209135484 -66.0414117763588,-17.4067306428596 -66.0416938545129,-17.4067348297849 -66.0416953081413,-17.4066445590721 -66.0419773862359,-17.4066487455765 -66.0419788397174,-17.4065584748397 -66.0422609177524,-17.4065626609231 -66.0422623710872,-17.4064723901624 -66.0425444490627,-17.4064765758249 -66.0425459022506,-17.4063863050401 -66.0428279801665,-17.4063904902817 -66.0428294332076,-17.4063002194729 -66.0434876149947,-17.4063099834355 -66.0434861622759,-17.406400254298 -66.043392136234,-17.4063988595712 -66.0433906834605,-17.4064891304251 -66.0434847095483,-17.4064905251596 -66.0434832568121,-17.4065807960202 -66.0435772829547,-17.4065821907182 -66.0435758302557,-17.4066724615856 -66.0440459613298,-17.4066794344509 -66.0440474137986,-17.4065891635451 -66.0442354661972,-17.4065919523664 -66.0442369185652,-17.4065016814443 -66.0443309447316,-17.406503075781 -66.0443396584799,-17.4059614501828 -66.0444336843788,-17.4059628444291 -66.044429327682,-17.4062336572555 -66.0446173797822,-17.4062364456616 -66.0446188319311,-17.4061461747051 -66.0447128579482,-17.4061475688342 -66.0447143100423,-17.4060572978691 -66.0445262581089,-17.406054509582 -66.0445277102864,-17.4059642386313 -66.0446217362027,-17.4059656327892 -66.0446246404395,-17.4057850908696 -66.0449067179646,-17.4057892730322 -66.0449081699318,-17.4056990020479 -66.0452842732366,-17.405704577615 -66.0452828214535,-17.40579484863 -66.0453768473476,-17.4057962424189 -66.0453782990846,-17.4057059713963 -66.0454723249413,-17.4057073651333 -66.0454694215506,-17.405887907193 -66.0455634475082,-17.4058893009012 -66.0455619958458,-17.4059795719373 -66.0456560218581,-17.405980965609 -66.045654570233,-17.4060712366518 -66.0457485963,-17.4060726302869 -66.045755854108,-17.405621275025 -66.0456618282711,-17.4056198814282 -66.0456632798526,-17.4055296103807 -66.0460393830682,-17.4055351844718 -66.0460408344568,-17.4054449133926 -66.0462288860248,-17.4054477001576 -66.0462201781148,-17.4059893267105 -66.0463142041881,-17.4059907200727 -66.0463127528853,-17.4060809911693 -66.0464067790134,-17.406082384495 -66.0464053277479,-17.4061726555983 -66.0464993539307,-17.4061740488874 -66.0464964514656,-17.4063545911066 -66.0466845040415,-17.4063573775829 -66.0466859551864,-17.4062671064585 -66.0470620602587,-17.4062726788499 -66.0470635112107,-17.4061824076938 -66.0473455899684,-17.4061865865002 -66.0473470407735,-17.4060963153202 -66.0475350932301,-17.4060991009547 -66.047539445317,-17.405828287363 -66.0474454192225,-17.4058268945908 -66.0474483206622,-17.405646352207 -66.0473542946685,-17.405644959406 -66.0473557454213,-17.4055546882204 -66.0472617194823,-17.4055532953828 -66.0472631702724,-17.4054630242039 -66.0468870667876,-17.4054574524423 -66.0468856158133,-17.4055477235905 -66.0467915899179,-17.405546330532 -66.0467930409382,-17.4054560593914 -66.0466049892656,-17.405453273157 -66.0466064403693,-17.4053630020308 -66.046512414592,-17.405361608855 -66.0465109634423,-17.4054518799734 -66.0464169376278,-17.4054504867457 -66.0464198400106,-17.4052699445232 -66.0466078914642,-17.4052727309038 -66.0466122446968,-17.405001917517 -66.0465182191037,-17.4050005243718 -66.046522572396,-17.4047297109997 -66.0464285469497,-17.4047283178333 -66.0464358024926,-17.4042769622328 -66.0462477520865,-17.4042741758442 -66.046249203261,-17.4041839047367 -66.0461551781171,-17.4041825114837 -66.0461595317263,-17.4039116981785 -66.0460655067292,-17.4039103049044 -66.046069860398,-17.4036394916137 -66.0459758355477,-17.4036380983185 -66.0459787380421,-17.4034575561354 -66.0458847132925,-17.4034561628113 -66.0458890671068,-17.4031853495527 -66.045795042504,-17.4031839562074 -66.0457993963779,-17.4029131429634 -66.0457053719219,-17.4029117495969 -66.045708274553,-17.402731207445 -66.0456142501978,-17.4027298140497 -66.045618604217,-17.4024590008378 -66.0455245800086,-17.4024576074213 -66.0455274827365,-17.4022770652907 -66.0454334586289,-17.4022756718453 -66.0454378127935,-17.4020048586655 -66.0453437888327,-17.402003465199 -66.0453495944474,-17.4016423809768 -66.0452555706794,-17.4016409874968 -66.0452570221073,-17.4015507164466 -66.0451629983941,-17.4015493229301 -66.0451688042025,-17.4011882387507 -66.0450747806821,-17.4011868452207 -66.0450805865351,-17.4008257610571 -66.0449865632075,-17.4008243675136 -66.0449952720015,-17.4002827412862 -66.0448072259246,-17.4002799541588 -66.0448086774518,-17.400189683133 -66.0447146544725,-17.4001882895106 -66.044716106037,-17.4000980184916 -66.0446220831124,-17.4000966248327 -66.0446264378915,-17.399825811793 -66.0445324151137,-17.3998244181129 -66.0445353183482,-17.3996438760971 -66.0444412956711,-17.3996424823883 -66.0444471022196,-17.3992813983762 -66.0443530797353,-17.3992800046539 -66.0443559830492,-17.3990994626576 -66.0444500054414,-17.3991008563646 -66.0444558117805,-17.3987397723301 -66.0441737451821,-17.3987355911688 -66.0441781002589,-17.3984647782022 -66.0443661443731,-17.3984675656413 -66.0443675959559,-17.3983772946352 -66.04446161798,-17.3983786882808 -66.0444630695081,-17.3982884172661 -66.0445570914949,-17.3982898108598 -66.0445599944329,-17.3981092688123 -66.0446540163364,-17.3981106623464 -66.0446554677463,-17.3980203913136 -66.0447494896126,-17.3980217847958 -66.0447523923141,-17.397841242712 -66.0446583705399,-17.3978398492451 -66.0446598219236,-17.3977495782095 -66.0444717784933,-17.3977467911584 -66.0444761328682,-17.397475978092 -66.0449462408191,-17.3974829452731 -66.0449433383714,-17.3976634873951 -66.0455074687525,-17.3976718466463 -66.0455060177916,-17.397762117752 -66.0456000395983,-17.3977635108136 -66.0456014905132,-17.3976732397002 -66.0456955122826,-17.39767463271 -66.0456969631427,-17.397584361588 -66.0456029414193,-17.397582968586 -66.0456043923168,-17.3974926974708 -66.0456984139942,-17.3974940904651 -66.0456998648369,-17.3974038193413 -66.0459819297834,-17.3974079980363</coordinates></LinearRing></outerBoundaryIs><innerBoundaryIs><LinearRing><coordinates>-66.0446424047434,-17.3988328305755 -66.0445483824717,-17.3988314369799 -66.0445440278424,-17.3991022500274 -66.0446380502521,-17.399103643646 -66.0446395017579,-17.3990133726234 -66.0447335241303,-17.3990147661902 -66.0447349755814,-17.398924495159 -66.044640953255,-17.3989231015999 -66.0446424047434,-17.3988328305755</coordinates></LinearRing></innerBoundaryIs><innerBoundaryIs><LinearRing><coordinates>-66.0455579592737,-17.4003813726944 -66.0454639361325,-17.4003799794102 -66.04546248491,-17.4004702504879 -66.0455565080972,-17.4004716437797 -66.0455579592737,-17.4003813726944</coordinates></LinearRing></innerBoundaryIs><innerBoundaryIs><LinearRing><coordinates>-66.0479764630306,-17.4020424655551 -66.0476943904682,-17.4020382886029 -66.0476914899098,-17.402218831092 -66.0475974656477,-17.4022174386709 -66.0475931146065,-17.4024882523746 -66.0476871390067,-17.4024896448187 -66.0476856886882,-17.4025799160591 -66.047967762079,-17.4025840931493 -66.0479692122594,-17.4024938218859 -66.0480632366944,-17.4024952141533 -66.0480690371446,-17.4021341290598 -66.0479750128937,-17.4021327368231 -66.0479764630306,-17.4020424655551</coordinates></LinearRing></innerBoundaryIs><innerBoundaryIs><LinearRing><coordinates>-66.0480588862652,-17.4027660279636 -66.0479648616921,-17.4027646356733 -66.0479619612704,-17.4029451781935 -66.0480559859355,-17.4029465704992 -66.0480516353756,-17.4032173842955 -66.0481456601876,-17.40321877658 -66.0481427598628,-17.4033993191216 -66.0482367847755,-17.4034007113772 -66.0482353346461,-17.4034909826543 -66.0484233845897,-17.4034937670482 -66.0484277346756,-17.4032229531683 -66.0483337098375,-17.4032215610164 -66.0483380599832,-17.402950747151 -66.0482440352919,-17.4029493549779 -66.0482454853691,-17.4028590836953 -66.0480574361047,-17.4028562992319 -66.0480588862652,-17.4027660279636</coordinates></LinearRing></innerBoundaryIs><innerBoundaryIs><LinearRing><coordinates>-66.048954187718,-17.405578359695 -66.0488601616308,-17.405576967609 -66.0488587116145,-17.4056672389174 -66.0489527377477,-17.4056686310111 -66.048954187718,-17.405578359695</coordinates></LinearRing></innerBoundaryIs><innerBoundaryIs><LinearRing><coordinates>-66.0485693823646,-17.4061144187837 -66.0480992508092,-17.4061074567973 -66.0480978003723,-17.4061977280387 -66.0480037740413,-17.4061963355011 -66.0480008730494,-17.4063768779658 -66.0480948994725,-17.4063782705187 -66.0480934490095,-17.4064685417573 -66.0481874754873,-17.4064699342737 -66.0481860250617,-17.406560205519 -66.0482800515942,-17.4065615979989 -66.0482786012059,-17.4066518692509 -66.0484666543892,-17.4066546540933 -66.0484652040843,-17.4067449253598 -66.0486532573946,-17.4067477100407 -66.0486561578116,-17.4065671674761 -66.0485621312442,-17.4065657751731 -66.0485693823646,-17.4061144187837</coordinates></LinearRing></innerBoundaryIs><innerBoundaryIs><LinearRing><coordinates>-66.0476262181287,-17.4062810361108 -66.0474381654705,-17.406278250534 -66.047436714694,-17.4063685217199 -66.047154635634,-17.4063643430001 -66.0471531847106,-17.406454614162 -66.0468711055909,-17.4064504350213 -66.0468696545207,-17.4065407061592 -66.0467756281189,-17.4065393130162 -66.0467741769939,-17.4066295841456 -66.0468682034418,-17.4066309772963 -66.0468667523542,-17.4067212484323 -66.0469607788568,-17.4067226415465 -66.0469593278065,-17.4068129126893 -66.04714738093,-17.4068156988002 -66.0471488318882,-17.4067254276421 -66.0475249380557,-17.4067309993028 -66.047526388821,-17.406640728113 -66.0476204153386,-17.40664212091 -66.0476218660492,-17.4065518497116 -66.0477158925295,-17.4065532424567 -66.0477187938325,-17.4063727000418 -66.0476247674443,-17.406371307312 -66.0476262181287,-17.4062810361108</coordinates></LinearRing></innerBoundaryIs><innerBoundaryIs><LinearRing><coordinates>-66.0454447413213,-17.4074225145494 -66.0451626611532,-17.407418332768 -66.0451612091584,-17.4075086037576 -66.0452552359184,-17.4075099977366 -66.0452537839609,-17.4076002687329 -66.0454418375992,-17.4076030565736 -66.0454447413213,-17.4074225145494</coordinates></LinearRing></innerBoundaryIs><innerBoundaryIs><LinearRing><coordinates>-66.0411151587565,-17.4076291621517 -66.040927105829,-17.4076263702281 -66.0409241976347,-17.4078069115092 -66.0410182241861,-17.4078083075085 -66.0410153160489,-17.4079888488013 -66.0411093427011,-17.4079902447717 -66.0411107967281,-17.4078999741181 -66.041204823343,-17.4079013700367 -66.0412077312786,-17.4077208287113 -66.0411137047557,-17.4077194328081 -66.0411151587565,-17.4076291621517</coordinates></LinearRing></innerBoundaryIs><innerBoundaryIs><LinearRing><coordinates>-66.0473180230147,-17.4079017387436 -66.0472239958787,-17.4079003457066 -66.047221093819,-17.4080808880131 -66.0473151210471,-17.4080822810654 -66.0473180230147,-17.4079017387436</coordinates></LinearRing></innerBoundaryIs><innerBoundaryIs><LinearRing><coordinates>-66.043837572106,-17.4079404378055 -66.043649518396,-17.4079376484001 -66.0436466128197,-17.4081181901213 -66.0438346667139,-17.4081209795574 -66.043837572106,-17.4079404378055</coordinates></LinearRing></innerBoundaryIs><innerBoundaryIs><LinearRing><coordinates>-66.0437391870072,-17.4082098557284 -66.0435511330383,-17.4082070661885 -66.0435453215618,-17.4085681495853 -66.043733375899,-17.4085709391866 -66.0437348286891,-17.4084806683234 -66.0438288558248,-17.4084820630501 -66.0438303085601,-17.4083917921783 -66.0437362814705,-17.4083903974593 -66.0437391870072,-17.4082098557284</coordinates></LinearRing></innerBoundaryIs><innerBoundaryIs><LinearRing><coordinates>-66.0459885789734,-17.408694671654 -66.0455184419188,-17.4086877025865 -66.045516989986,-17.4087779735937 -66.0454229625553,-17.4087765796398 -66.0454215105677,-17.4088668506384 -66.0455155380446,-17.4088682445999 -66.0455111821678,-17.409139057613 -66.045887292715,-17.409144633109 -66.0458887444984,-17.4090543620748 -66.0459827721109,-17.4090557558306 -66.0459885789734,-17.408694671654</coordinates></LinearRing></innerBoundaryIs><innerBoundaryIs><LinearRing><coordinates>-66.039303923285,-17.4091372302854 -66.0392098962002,-17.4091358333749 -66.0392084411301,-17.4092261038616 -66.0390203868946,-17.4092233098926 -66.0390145661584,-17.4095843917686 -66.0391085934559,-17.409585788806 -66.0391071382961,-17.4096760592804 -66.0393892203793,-17.4096802501503 -66.039390675401,-17.4095899796529 -66.0394847027335,-17.4095913765134 -66.0394876126586,-17.4094108355003 -66.0393935854182,-17.4094094386552 -66.0393964954005,-17.4092288976537 -66.0393024682609,-17.4092275007798 -66.039303923285,-17.4091372302854</coordinates></LinearRing></innerBoundaryIs><innerBoundaryIs><LinearRing><coordinates>-66.042210045536,-17.4097221369619 -66.0421160179041,-17.409720741376 -66.0421131105052,-17.409901282814 -66.0422071382291,-17.4099026784153 -66.0422056845626,-17.4099929491406 -66.0423937401288,-17.4099957402258 -66.0423951937032,-17.4099054694852 -66.0423011659618,-17.4099040739723 -66.0423026195736,-17.4098138032384 -66.0422085918869,-17.4098124076891 -66.042210045536,-17.4097221369619</coordinates></LinearRing></innerBoundaryIs><innerBoundaryIs><LinearRing><coordinates>-66.0368475719071,-17.4098230585712 -66.0363774358654,-17.4098160675207 -66.0363745228138,-17.4099966080165 -66.0365625773884,-17.4099994046002 -66.0365611209416,-17.4100896748621 -66.036655148288,-17.4100910730953 -66.0366536918785,-17.410181343364 -66.0369357741085,-17.4101855378214 -66.0369401428965,-17.4099147269433 -66.0368461156158,-17.4099133288581 -66.0368475719071,-17.4098230585712</coordinates></LinearRing></innerBoundaryIs><innerBoundaryIs><LinearRing><coordinates>-66.0431459627429,-17.4100069027981 -66.0430519348856,-17.4100055076313 -66.0430490283552,-17.4101860492174 -66.0432370842628,-17.4101888395374 -66.0432385374402,-17.4100985687295 -66.0431445095281,-17.4100971735993 -66.0431459627429,-17.4100069027981</coordinates></LinearRing></innerBoundaryIs><innerBoundaryIs><LinearRing><coordinates>-66.0406072136601,-17.4099692177747 -66.0405131860386,-17.409967821414 -66.0405117315345,-17.410058092 -66.040605759202,-17.4100594883684 -66.0406072136601,-17.4099692177747</coordinates></LinearRing></innerBoundaryIs><innerBoundaryIs><LinearRing><coordinates>-66.0328014925482,-17.4099434393214 -66.0325194117499,-17.4099392390735 -66.0325164948875,-17.4101197789338 -66.0328926030044,-17.4101253792376 -66.0328940612558,-17.4100351092771 -66.0328000342595,-17.4100337092752 -66.0328014925482,-17.4099434393214</coordinates></LinearRing></innerBoundaryIs><innerBoundaryIs><LinearRing><coordinates>-66.0434251402052,-17.4101916296806 -66.0432370842628,-17.4101888395374 -66.0432356310766,-17.4102791103444 -66.0434236871111,-17.410281900503 -66.0434251402052,-17.4101916296806</coordinates></LinearRing></innerBoundaryIs><innerBoundaryIs><LinearRing><coordinates>-66.0395700003659,-17.4101343963926 -66.0394759727483,-17.4101329995302 -66.0394745177202,-17.4102232700297 -66.0395685453838,-17.4102246668999 -66.0395700003659,-17.4101343963926</coordinates></LinearRing></innerBoundaryIs><innerBoundaryIs><LinearRing><coordinates>-66.0396625730561,-17.4102260637258 -66.0395685453838,-17.4102246668999 -66.039567090393,-17.4103149374061 -66.0396611181113,-17.4103163342398 -66.0396625730561,-17.4102260637258</coordinates></LinearRing></innerBoundaryIs><innerBoundaryIs><LinearRing><coordinates>-66.0327016322152,-17.4103031190615 -66.0326076050982,-17.4103017189481 -66.0326017713824,-17.4106627986808 -66.0326957986835,-17.4106641988251 -66.0326943402787,-17.4107544687637 -66.0327883676347,-17.4107558688715 -66.0327869092671,-17.4108461388168 -66.0328809366779,-17.4108475388881 -66.0328823949994,-17.4107572689351 -66.0329764223728,-17.4107586689544 -66.0329793388974,-17.4105781290301 -66.032885311616,-17.4105767290262 -66.0328867699112,-17.4104864590703 -66.0327927426847,-17.4104850590299 -66.0327942010172,-17.4103947890808 -66.0327001738454,-17.4103933890038 -66.0327016322152,-17.4103031190615</coordinates></LinearRing></innerBoundaryIs><innerBoundaryIs><LinearRing><coordinates>-66.0354255083382,-17.410524243448 -66.0350493985389,-17.4105186477965 -66.0350450268044,-17.410789458193 -66.0351390543792,-17.4107908571953 -66.0351361399379,-17.4109713974703 -66.0346660016907,-17.4109644019395 -66.0346645442267,-17.4110546720371 -66.0347585719046,-17.4110560712394 -66.0347556570424,-17.4112366114472 -66.0348496848212,-17.4112380106207 -66.034848227423,-17.4113282807309 -66.0349422552566,-17.4113296798679 -66.0349407978957,-17.4114199499848 -66.0352228815873,-17.4114241471536 -66.0352199671155,-17.4116046874309 -66.0353139951223,-17.4116060864141 -66.0353125379193,-17.4116963565591 -66.0354065659809,-17.4116977555058 -66.0354051088152,-17.4117880256575 -66.0354991369316,-17.4117894245677 -66.0354976798033,-17.4118796947262 -66.0355917079745,-17.4118810935999 -66.0355902508834,-17.4119713637651 -66.0358723355877,-17.4119755601438 -66.0358781633468,-17.4116144793847 -66.0359721914149,-17.4116158780583 -66.0359736482867,-17.4115256078585 -66.0360676763175,-17.4115270064802 -66.0360691331346,-17.4114367362718 -66.0362571891302,-17.4114395333672 -66.0362586458464,-17.4113492631424 -66.0363526738113,-17.411350661616 -66.0363570437693,-17.4110798509129 -66.0362630159426,-17.4110784524624 -66.0362644726238,-17.4109881822338 -66.0357943338515,-17.4109811893562 -66.0357957907542,-17.4108909191653 -66.0357017630721,-17.4108895204648 -66.0357032200121,-17.4107992502806 -66.0356091923847,-17.4107978515436 -66.035610649362,-17.4107075813662 -66.0355166217895,-17.4107061825926 -66.0355180788041,-17.410615912422 -66.0354240512863,-17.4106145136119 -66.0354255083382,-17.410524243448</coordinates></LinearRing></innerBoundaryIs><innerBoundaryIs><LinearRing><coordinates>-66.0401181640104,-17.4111357526744 -66.0396480232153,-17.4111287688236 -66.0396465681832,-17.4112190393282 -66.0395525400043,-17.4112176424177 -66.0395510849174,-17.4113079129137 -66.0394570567012,-17.4113065159513 -66.0394556015595,-17.4113967864387 -66.039361573306,-17.4113953894243 -66.0393601181095,-17.4114856599031 -66.0395481747173,-17.411488453903 -66.0395467196041,-17.4115787243962 -66.039734776339,-17.4115815182345 -66.03973623136,-17.4114912477259 -66.0398302596945,-17.4114926445711 -66.0398288047195,-17.4115829150874 -66.0399228331088,-17.411584311896 -66.0399242880377,-17.411494041372 -66.0400183163897,-17.4114954381287 -66.0400197712638,-17.4114051675961 -66.0401137995785,-17.4114065643009 -66.0401181640104,-17.4111357526744</coordinates></LinearRing></innerBoundaryIs><innerBoundaryIs><LinearRing><coordinates>-66.0412435943024,-17.4113330506757 -66.0408674808611,-17.4113274657446 -66.0408645719504,-17.4115080069491 -66.0411466572946,-17.4115121957599 -66.0411481116162,-17.411421925135 -66.0412421400356,-17.4114233213092 -66.0412435943024,-17.4113330506757</coordinates></LinearRing></innerBoundaryIs><innerBoundaryIs><LinearRing><coordinates>-66.0329560057198,-17.4120224483199 -66.0328619777016,-17.4120210481926 -66.0328605192575,-17.4121113181325 -66.0329545473218,-17.4121127182675 -66.0329560057198,-17.4120224483199</coordinates></LinearRing></innerBoundaryIs><innerBoundaryIs><LinearRing><coordinates>-66.0341769129535,-17.4121309159982 -66.0337067721508,-17.4121239177555 -66.0337053141124,-17.4122141877639 -66.0337993423015,-17.4122155875086 -66.0337978843004,-17.4123058575237 -66.033985940797,-17.4123086568959 -66.0339844828792,-17.4123989269255 -66.0342665678279,-17.4124031256752 -66.0342694833783,-17.4122225855687 -66.0341754551454,-17.4122211860451 -66.0341769129535,-17.4121309159982</coordinates></LinearRing></innerBoundaryIs><innerBoundaryIs><LinearRing><coordinates>-66.0323889203847,-17.4121945866947 -66.0322008642781,-17.4121917858344 -66.0321994054941,-17.4122820557185 -66.0318232932017,-17.4122764534364 -66.0318174572412,-17.4126375328401 -66.0319114854854,-17.4126389335078 -66.0319100265194,-17.4127292033642 -66.032380168102,-17.4127362060779 -66.0323816268377,-17.4126459361831 -66.0325696834399,-17.4126487369436 -66.0325755179266,-17.4122876572931 -66.0323874616928,-17.4122848565942 -66.0323889203847,-17.4121945866947</coordinates></LinearRing></innerBoundaryIs></Polygon>
  </Placemark>
  <Placemark id="prediction_20260428_174218.242">
	<name>0</name>
	<description>Bosque</description>
	<Style><LineStyle><color>ff0000ff</color></LineStyle><PolyStyle><fill>0</fill></PolyStyle></Style>
	<ExtendedData><SchemaData schemaUrl="#prediction_20260428_174218">
		<SimpleData name="class_index">0</SimpleData>
	</SchemaData></ExtendedData>
      <Polygon><outerBoundaryIs><LinearRing><coordinates>-66.0305098204996,-17.4120763003853 -66.0305069012825,-17.4122568398768 -66.0306009292197,-17.4122582411328 -66.0305994696441,-17.4123485108848 -66.0306934976362,-17.4123499121043 -66.0306905785506,-17.4125304516211 -66.0305965504665,-17.4125290503862 -66.0305950908645,-17.4126193201354 -66.0304070346303,-17.4126165175175 -66.0304055749275,-17.4127067872504 -66.0299354342652,-17.4126997798931 -66.0299339743234,-17.4127900495865 -66.0298399461712,-17.4127886479746 -66.0298384861745,-17.4128789176594 -66.0296504298042,-17.4128761142876 -66.0296489697067,-17.4129663839559 -66.0294609132794,-17.4129635803918 -66.02946383365,-17.412783041085 -66.0295578617671,-17.4127844428738 -66.0295593218932,-17.4126941732112 -66.0294652938221,-17.4126927714302 -66.0294682141401,-17.4125122321178 -66.0293741861699,-17.412510830308 -66.0293771065449,-17.4123302910073 -66.0292830786755,-17.4123288891687 -66.0292845388959,-17.4122386195246 -66.0295666223921,-17.4122428248846 -66.0295651623099,-17.4123330945518 -66.0297532181099,-17.4123358979195 -66.0297546781,-17.4122456282368 -66.0301307896211,-17.4122512344106 -66.0301322494182,-17.4121609646962 -66.030414333013,-17.412165168839 -66.0304157926632,-17.4120748991005 -66.0305098204996,-17.4120763003853</coordinates></LinearRing></outerBoundaryIs></Polygon>
  </Placemark>
</Folder>
</Document></kml>
